game_id,play_id,nfl_id,player_name,position,ttb,target_ttb,catch_window,shadow,closest
2023090700,101,54527,Bryan Cook,FS,6.68980993560319,2.7456112459384006,0.34093364377108726,0.0,False
2023090700,101,46137,Justin Reid,SS,3.086544889709488,2.7456112459384006,0.34093364377108726,1.0017474202652772,True
2023090700,101,52546,L'Jarius Sneed,CB,4.128591829994854,2.7456112459384006,0.34093364377108726,0.0,False
2023090700,101,53487,Nick Bolton,MLB,4.088292309974765,2.7456112459384006,0.34093364377108726,0.0,False
2023090700,101,54486,Trent McDuffie,CB,9.006236497226602,2.7456112459384006,0.34093364377108726,0.0,False
2023090700,194,44888,Alex Anzalone,OLB,1.8682736042292727,0.8494648325222225,0.3004174745632664,0.0,False
2023090700,194,55910,Brian Branch,SS,2.3794079889224586,0.8494648325222225,0.3004174745632664,0.0,False
2023090700,194,47888,C.J. Gardner-Johnson,SS,4.549510106455697,0.8494648325222225,0.3004174745632664,0.0,False
2023090700,194,44906,Cameron Sutton,CB,4.928705603851888,0.8494648325222225,0.3004174745632664,0.0,False
2023090700,194,53953,Jerry Jacobs,CB,2.216191416522196,0.8494648325222225,0.3004174745632664,0.0,False
2023090700,194,54562,Kerby Joseph,FS,5.140338163430534,0.8494648325222225,0.3004174745632664,0.0,False
2023090700,194,54653,Malcolm Rodriguez,ILB,1.1498823070854889,0.8494648325222225,0.3004174745632664,0.7183912971437838,True
2023090700,219,44888,Alex Anzalone,OLB,1.5635530767865085,0.5739623771346387,0.8790258969244666,0.0,False
2023090700,219,55910,Brian Branch,SS,4.617747090058022,0.5739623771346387,0.8790258969244666,0.0,False
2023090700,219,47888,C.J. Gardner-Johnson,SS,5.743036440455239,0.5739623771346387,0.8790258969244666,0.0,False
2023090700,219,44906,Cameron Sutton,CB,7.587708919604572,0.5739623771346387,0.8790258969244666,0.0,False
2023090700,219,53542,Derrick Barnes,MLB,3.0412261894063874,0.5739623771346387,0.8790258969244666,0.0,False
2023090700,219,53953,Jerry Jacobs,CB,1.4529882740591054,0.5739623771346387,0.8790258969244666,0.1105648027274031,True
2023090700,219,54562,Kerby Joseph,FS,2.6267947949456554,0.5739623771346387,0.8790258969244666,0.0,False
2023090700,361,54527,Bryan Cook,FS,6.054055203119498,2.1076735522317045,0.38597827883424296,0.0,False
2023090700,361,54495,George Karlaftis,DE,8.28777962440683,2.1076735522317045,0.38597827883424296,0.0,False
2023090700,361,46137,Justin Reid,SS,2.4936518310659475,2.1076735522317045,0.38597827883424296,0.44953056154737414,True
2023090700,361,52546,L'Jarius Sneed,CB,9.477850439749243,2.1076735522317045,0.38597827883424296,0.0,False
2023090700,361,47882,Mike Edwards,FS,2.9431823926133216,2.1076735522317045,0.38597827883424296,0.0,False
2023090700,361,54486,Trent McDuffie,CB,8.411884575740796,2.1076735522317045,0.38597827883424296,0.0,False
2023090700,436,54527,Bryan Cook,FS,4.446106604784964,0.8496798354807853,0.4738098194138072,0.0,False
2023090700,436,54600,Joshua Williams,CB,2.786000452235908,0.8496798354807853,0.4738098194138072,0.0,False
2023090700,436,46137,Justin Reid,SS,1.3234896548945925,0.8496798354807853,0.4738098194138072,0.2697612644763123,True
2023090700,436,52546,L'Jarius Sneed,CB,6.286266112054938,0.8496798354807853,0.4738098194138072,0.0,False
2023090700,436,53487,Nick Bolton,MLB,1.5932509193709048,0.8496798354807853,0.4738098194138072,0.0,False
2023090700,436,54486,Trent McDuffie,CB,4.366016305083818,0.8496798354807853,0.4738098194138072,0.0,False
2023090700,461,54527,Bryan Cook,FS,2.217048520193222,1.2246685009007114,-0.21710790160064564,0.0,False
2023090700,461,55984,Chamarri Conner,SS,4.4304661459510815,1.2246685009007114,-0.21710790160064564,0.0,False
2023090700,461,46137,Justin Reid,SS,1.0075605993000658,1.2246685009007114,-0.21710790160064564,1.1835045895751004,True
2023090700,461,52546,L'Jarius Sneed,CB,2.5620104344892494,1.2246685009007114,-0.21710790160064564,0.0,False
2023090700,461,53487,Nick Bolton,MLB,2.191065188875166,1.2246685009007114,-0.21710790160064564,0.0,False
2023090700,461,54486,Trent McDuffie,CB,3.6927865215612496,1.2246685009007114,-0.21710790160064564,0.0,False
2023090700,461,52471,Willie Gay Jr.,ILB,2.5377923895930095,1.2246685009007114,-0.21710790160064564,0.0,False
2023090700,530,54527,Bryan Cook,FS,3.4248903820956182,0.6717380939758957,0.5626692243141647,0.0,False
2023090700,530,46137,Justin Reid,SS,6.020228073768758,0.6717380939758957,0.5626692243141647,0.0,False
2023090700,530,52546,L'Jarius Sneed,CB,1.961474711735349,0.6717380939758957,0.5626692243141647,0.0,False
2023090700,530,54568,Leo Chenal,OLB,1.2344073182900603,0.6717380939758957,0.5626692243141647,0.7270673934452887,True
2023090700,530,53487,Nick Bolton,MLB,3.6793635347245224,0.6717380939758957,0.5626692243141647,0.0,False
2023090700,530,54486,Trent McDuffie,CB,7.744698126777158,0.6717380939758957,0.5626692243141647,0.0,False
2023090700,530,52471,Willie Gay Jr.,ILB,5.367229911468367,0.6717380939758957,0.5626692243141647,0.0,False
2023090700,621,54527,Bryan Cook,FS,1.1957000687402142,1.0148852669103856,0.18081480182982856,0.1895334906833035,True
2023090700,621,54600,Joshua Williams,CB,1.7623757718684805,1.0148852669103856,0.18081480182982856,0.0,False
2023090700,621,46137,Justin Reid,SS,2.2153986726909918,1.0148852669103856,0.18081480182982856,0.0,False
2023090700,621,52546,L'Jarius Sneed,CB,1.4699552057009768,1.0148852669103856,0.18081480182982856,0.0,False
2023090700,621,47882,Mike Edwards,FS,1.3852335594235177,1.0148852669103856,0.18081480182982856,0.0,False
2023090700,621,53487,Nick Bolton,MLB,2.2603290307635797,1.0148852669103856,0.18081480182982856,0.0,False
2023090700,621,54486,Trent McDuffie,CB,4.086226633997441,1.0148852669103856,0.18081480182982856,0.0,False
2023090700,713,44888,Alex Anzalone,OLB,0.9814533751388352,0.8365544766563606,0.14489889848247461,1.0300120223256224,True
2023090700,713,55910,Brian Branch,SS,6.507888243557495,0.8365544766563606,0.14489889848247461,0.0,False
2023090700,713,47888,C.J. Gardner-Johnson,SS,3.442423970749536,0.8365544766563606,0.14489889848247461,0.0,False
2023090700,713,44906,Cameron Sutton,CB,8.134806342700248,0.8365544766563606,0.14489889848247461,0.0,False
2023090700,713,55882,Jack Campbell,MLB,4.777716625295703,0.8365544766563606,0.14489889848247461,0.0,False
2023090700,713,53953,Jerry Jacobs,CB,2.0114653974644576,0.8365544766563606,0.14489889848247461,0.0,False
2023090700,713,54562,Kerby Joseph,FS,6.396589053457427,0.8365544766563606,0.14489889848247461,0.0,False
2023090700,736,44888,Alex Anzalone,OLB,6.973703334466568,1.3297700579451432,-0.22350483263831067,0.0,False
2023090700,736,55910,Brian Branch,SS,1.1062652253068326,1.3297700579451432,-0.22350483263831067,0.9180894206561179,True
2023090700,736,47888,C.J. Gardner-Johnson,SS,3.0699408016809064,1.3297700579451432,-0.22350483263831067,0.0,False
2023090700,736,44906,Cameron Sutton,CB,2.0936084341031838,1.3297700579451432,-0.22350483263831067,0.0,False
2023090700,736,53953,Jerry Jacobs,CB,4.4351957786596365,1.3297700579451432,-0.22350483263831067,0.0,False
2023090700,736,54562,Kerby Joseph,FS,2.0243546459629504,1.3297700579451432,-0.22350483263831067,0.0,False
2023090700,877,44888,Alex Anzalone,OLB,3.009553071078732,1.234100500738121,0.27272722904258573,0.0,False
2023090700,877,47888,C.J. Gardner-Johnson,SS,2.0905449654923065,1.234100500738121,0.27272722904258573,0.0,False
2023090700,877,44906,Cameron Sutton,CB,2.7854431396128754,1.234100500738121,0.27272722904258573,0.0,False
2023090700,877,55882,Jack Campbell,MLB,1.5068277297807067,1.234100500738121,0.27272722904258573,0.5837172357115998,True
2023090700,877,53953,Jerry Jacobs,CB,4.0110299143382875,1.234100500738121,0.27272722904258573,0.0,False
2023090700,877,54562,Kerby Joseph,FS,2.745692753709897,1.234100500738121,0.27272722904258573,0.0,False
2023090700,902,44888,Alex Anzalone,OLB,2.4063002679364116,0.7738755183681258,0.5835730800900616,0.0,False
2023090700,902,55910,Brian Branch,SS,1.3574485984581874,0.7738755183681258,0.5835730800900616,0.3287082062889124,True
2023090700,902,47888,C.J. Gardner-Johnson,SS,3.666417369494891,0.7738755183681258,0.5835730800900616,0.0,False
2023090700,902,44906,Cameron Sutton,CB,5.4984143090540085,0.7738755183681258,0.5835730800900616,0.0,False
2023090700,902,55882,Jack Campbell,MLB,1.7847700415487873,0.7738755183681258,0.5835730800900616,0.0,False
2023090700,902,53953,Jerry Jacobs,CB,1.7039784299864458,0.7738755183681258,0.5835730800900616,0.0,False
2023090700,902,54562,Kerby Joseph,FS,1.6861568047470998,0.7738755183681258,0.5835730800900616,0.0,False
2023090700,1001,44888,Alex Anzalone,OLB,2.158857864513195,0.7356461169148923,1.020246822487152,0.0,False
2023090700,1001,55910,Brian Branch,SS,2.25298230834646,0.7356461169148923,1.020246822487152,0.0,False
2023090700,1001,47888,C.J. Gardner-Johnson,SS,1.7558929394020444,0.7356461169148923,1.020246822487152,0.18693042024658402,True
2023090700,1001,44906,Cameron Sutton,CB,5.242682191894645,0.7356461169148923,1.020246822487152,0.0,False
2023090700,1001,44834,Charles Harris,DE,7.207705335278974,0.7356461169148923,1.020246822487152,0.0,False
2023090700,1001,53953,Jerry Jacobs,CB,1.9428233596486282,0.7356461169148923,1.020246822487152,0.0,False
2023090700,1001,54562,Kerby Joseph,FS,4.227552423473036,0.7356461169148923,1.020246822487152,0.0,False
2023090700,1069,54527,Bryan Cook,FS,5.066580313998312,0.7504298553936609,1.0870173125054552,0.0,False
2023090700,1069,46137,Justin Reid,SS,4.187627920323869,0.7504298553936609,1.0870173125054552,0.0,False
2023090700,1069,52546,L'Jarius Sneed,CB,2.8951872763649034,0.7504298553936609,1.0870173125054552,0.0,False
2023090700,1069,54568,Leo Chenal,OLB,1.9897613099787694,0.7504298553936609,1.0870173125054552,0.0,False
2023090700,1069,53487,Nick Bolton,MLB,1.8374471678991162,0.7504298553936609,1.0870173125054552,0.15231414207965344,True
2023090700,1069,54486,Trent McDuffie,CB,4.9591396357572055,0.7504298553936609,1.0870173125054552,0.0,False
2023090700,1069,52471,Willie Gay Jr.,ILB,2.686174331516356,0.7504298553936609,1.0870173125054552,0.0,False
2023090700,1154,54527,Bryan Cook,FS,2.872577947880481,1.483910138069807,-0.9375069397269562,0.0,False
2023090700,1154,46137,Justin Reid,SS,1.6205323481646594,1.483910138069807,-0.9375069397269562,0.0,False
2023090700,1154,52546,L'Jarius Sneed,CB,4.027757514821306,1.483910138069807,-0.9375069397269562,0.0,False
2023090700,1154,54568,Leo Chenal,OLB,4.804217241777036,1.483910138069807,-0.9375069397269562,0.0,False
2023090700,1154,53487,Nick Bolton,MLB,4.047753016429187,1.483910138069807,-0.9375069397269562,0.0,False
2023090700,1154,54486,Trent McDuffie,CB,0.5464031983428508,1.483910138069807,-0.9375069397269562,1.0741291498218086,True
2023090700,1154,52471,Willie Gay Jr.,ILB,2.0979549451125585,1.483910138069807,-0.9375069397269562,0.0,False
2023090700,1201,54527,Bryan Cook,FS,5.733755506406381,1.4765926525849256,-0.227225182263336,0.0,False
2023090700,1201,46137,Justin Reid,SS,4.043277621656218,1.4765926525849256,-0.227225182263336,0.0,False
2023090700,1201,52546,L'Jarius Sneed,CB,5.6154848388208345,1.4765926525849256,-0.227225182263336,0.0,False
2023090700,1201,52585,Michael Danna,DE,1.2493674703215896,1.4765926525849256,-0.227225182263336,0.881940311183619,True
2023090700,1201,54486,Trent McDuffie,CB,2.1313077815052086,1.4765926525849256,-0.227225182263336,0.0,False
2023090700,1201,52471,Willie Gay Jr.,ILB,4.250739987182429,1.4765926525849256,-0.227225182263336,0.0,False
2023090700,1300,54527,Bryan Cook,FS,5.095610257260828,0.66590791932954,1.1736090663918866,0.0,False
2023090700,1300,54495,George Karlaftis,DE,4.019546580389869,0.66590791932954,1.1736090663918866,0.0,False
2023090700,1300,46137,Justin Reid,SS,2.931486597045709,0.66590791932954,1.1736090663918866,0.0,False
2023090700,1300,52546,L'Jarius Sneed,CB,6.4338595319742025,0.66590791932954,1.1736090663918866,0.0,False
2023090700,1300,53487,Nick Bolton,MLB,1.8395169857214266,0.66590791932954,1.1736090663918866,1.0919696113242825,True
2023090700,1300,54486,Trent McDuffie,CB,5.724169025457205,0.66590791932954,1.1736090663918866,0.0,False
2023090700,1422,55910,Brian Branch,SS,4.040916081200237,2.467866938840494,0.2855864293252637,0.0,False
2023090700,1422,47888,C.J. Gardner-Johnson,SS,3.01975339378845,2.467866938840494,0.2855864293252637,0.0,False
2023090700,1422,44906,Cameron Sutton,CB,4.2293266853190445,2.467866938840494,0.2855864293252637,0.0,False
2023090700,1422,53953,Jerry Jacobs,CB,8.129622260309626,2.467866938840494,0.2855864293252637,0.0,False
2023090700,1422,54511,Joshua Paschal,DE,4.684942341261361,2.467866938840494,0.2855864293252637,0.0,False
2023090700,1422,54562,Kerby Joseph,FS,2.753453368165758,2.467866938840494,0.2855864293252637,0.26630002562269217,True
2023090700,1494,54527,Bryan Cook,FS,0.8122931100409054,1.012382485994945,-0.20008937595403964,0.2694438939748185,True
2023090700,1494,47913,Drue Tranquill,ILB,2.1472401814598667,1.012382485994945,-0.20008937595403964,0.0,False
2023090700,1494,46137,Justin Reid,SS,2.7326927370246263,1.012382485994945,-0.20008937595403964,0.0,False
2023090700,1494,52546,L'Jarius Sneed,CB,4.168023270604456,1.012382485994945,-0.20008937595403964,0.0,False
2023090700,1494,54486,Trent McDuffie,CB,1.081737004015724,1.012382485994945,-0.20008937595403964,0.0,False
2023090700,1494,52471,Willie Gay Jr.,ILB,3.517585970327339,1.012382485994945,-0.20008937595403964,0.0,False
2023090700,1563,44888,Alex Anzalone,OLB,1.298162254992471,0.9077521510074711,0.39041010398499987,0.0224560359901278,True
2023090700,1563,55910,Brian Branch,SS,2.4846035246665976,0.9077521510074711,0.39041010398499987,0.0,False
2023090700,1563,47888,C.J. Gardner-Johnson,SS,4.526134158882718,0.9077521510074711,0.39041010398499987,0.0,False
2023090700,1563,44906,Cameron Sutton,CB,2.5507774038567987,0.9077521510074711,0.39041010398499987,0.0,False
2023090700,1563,55882,Jack Campbell,MLB,1.3206182909825988,0.9077521510074711,0.39041010398499987,0.0,False
2023090700,1563,53953,Jerry Jacobs,CB,4.201045684322349,0.9077521510074711,0.39041010398499987,0.0,False
2023090700,1563,54562,Kerby Joseph,FS,5.96183738207742,0.9077521510074711,0.39041010398499987,0.0,False
2023090700,1588,44888,Alex Anzalone,OLB,5.3971811715937115,2.7264513254354457,0.039768410226590944,0.0,False
2023090700,1588,55910,Brian Branch,SS,5.847036884456978,2.7264513254354457,0.039768410226590944,0.0,False
2023090700,1588,47888,C.J. Gardner-Johnson,SS,3.13535580940956,2.7264513254354457,0.039768410226590944,0.0,False
2023090700,1588,44906,Cameron Sutton,CB,4.1134491396346755,2.7264513254354457,0.039768410226590944,0.0,False
2023090700,1588,55882,Jack Campbell,MLB,5.29953914854407,2.7264513254354457,0.039768410226590944,0.0,False
2023090700,1588,53953,Jerry Jacobs,CB,2.874995435598623,2.7264513254354457,0.039768410226590944,0.0,False
2023090700,1588,54562,Kerby Joseph,FS,2.7662197356620366,2.7264513254354457,0.039768410226590944,0.10877569993658653,True
2023090700,1618,44888,Alex Anzalone,OLB,4.094085753794424,1.1164588088672978,0.541151681708901,0.0,False
2023090700,1618,55910,Brian Branch,SS,1.6576104905761988,1.1164588088672978,0.541151681708901,0.11933167572064374,True
2023090700,1618,47888,C.J. Gardner-Johnson,SS,4.638161460848104,1.1164588088672978,0.541151681708901,0.0,False
2023090700,1618,44906,Cameron Sutton,CB,5.158634715113891,1.1164588088672978,0.541151681708901,0.0,False
2023090700,1618,55882,Jack Campbell,MLB,1.7769421662968425,1.1164588088672978,0.541151681708901,0.0,False
2023090700,1618,53953,Jerry Jacobs,CB,2.4979982358754445,1.1164588088672978,0.541151681708901,0.0,False
2023090700,1618,54562,Kerby Joseph,FS,3.460125824798411,1.1164588088672978,0.541151681708901,0.0,False
2023090700,1679,44888,Alex Anzalone,OLB,3.5680964340516974,1.9327664219607648,0.060818995466999315,0.0,False
2023090700,1679,55910,Brian Branch,SS,6.060602394185266,1.9327664219607648,0.060818995466999315,0.0,False
2023090700,1679,47888,C.J. Gardner-Johnson,SS,2.829134939568182,1.9327664219607648,0.060818995466999315,0.0,False
2023090700,1679,44906,Cameron Sutton,CB,2.219920923956693,1.9327664219607648,0.060818995466999315,0.0,False
2023090700,1679,53953,Jerry Jacobs,CB,1.993585417427764,1.9327664219607648,0.060818995466999315,0.22633550652892898,True
2023090700,1679,54562,Kerby Joseph,FS,5.892007461022754,1.9327664219607648,0.060818995466999315,0.0,False
2023090700,1679,54653,Malcolm Rodriguez,ILB,3.5241496315737053,1.9327664219607648,0.060818995466999315,0.0,False
2023090700,1711,44888,Alex Anzalone,OLB,4.78686654688579,1.7794611877310107,0.818911151185941,0.0,False
2023090700,1711,55910,Brian Branch,SS,4.082821429499927,1.7794611877310107,0.818911151185941,0.0,False
2023090700,1711,47888,C.J. Gardner-Johnson,SS,2.9637514694191367,1.7794611877310107,0.818911151185941,0.0,False
2023090700,1711,44906,Cameron Sutton,CB,9.217731755654187,1.7794611877310107,0.818911151185941,0.0,False
2023090700,1711,55882,Jack Campbell,MLB,7.568122832556312,1.7794611877310107,0.818911151185941,0.0,False
2023090700,1711,53953,Jerry Jacobs,CB,2.5983723389169517,1.7794611877310107,0.818911151185941,0.36537913050218496,True
2023090700,1711,54562,Kerby Joseph,FS,7.965682705365346,1.7794611877310107,0.818911151185941,0.0,False
2023090700,1741,44888,Alex Anzalone,OLB,1.5684585427433244,0.8515453763341687,0.5999730823200657,0.0,False
2023090700,1741,55910,Brian Branch,SS,2.085656046481578,0.8515453763341687,0.5999730823200657,0.0,False
2023090700,1741,47888,C.J. Gardner-Johnson,SS,2.3432810882532364,0.8515453763341687,0.5999730823200657,0.0,False
2023090700,1741,44906,Cameron Sutton,CB,2.974023072518432,0.8515453763341687,0.5999730823200657,0.0,False
2023090700,1741,44834,Charles Harris,DE,3.431603992788368,0.8515453763341687,0.5999730823200657,0.0,False
2023090700,1741,53953,Jerry Jacobs,CB,5.978619245118733,0.8515453763341687,0.5999730823200657,0.0,False
2023090700,1741,54562,Kerby Joseph,FS,1.4515184586542345,0.8515453763341687,0.5999730823200657,0.11694008408908996,True
2023090700,1812,54527,Bryan Cook,FS,6.324563250422261,1.1023625611262522,0.24643637894791426,0.0,False
2023090700,1812,55895,Felix Anudike-Uzomah,DE,1.3487989400741665,1.1023625611262522,0.24643637894791426,0.09499653027976906,True
2023090700,1812,54600,Joshua Williams,CB,5.4703090414249065,1.1023625611262522,0.24643637894791426,0.0,False
2023090700,1812,46137,Justin Reid,SS,2.4925166070123135,1.1023625611262522,0.24643637894791426,0.0,False
2023090700,1812,52546,L'Jarius Sneed,CB,1.4437954703539355,1.1023625611262522,0.24643637894791426,0.0,False
2023090700,1812,47882,Mike Edwards,FS,3.930939938160248,1.1023625611262522,0.24643637894791426,0.0,False
2023090700,1812,53487,Nick Bolton,MLB,4.144155077364277,1.1023625611262522,0.24643637894791426,0.0,False
2023090700,1837,54527,Bryan Cook,FS,5.427082765652274,0.952060036918329,1.0915971823769886,0.0,False
2023090700,1837,54600,Joshua Williams,CB,3.1034620610405352,0.952060036918329,1.0915971823769886,0.0,False
2023090700,1837,46137,Justin Reid,SS,4.995638006757924,0.952060036918329,1.0915971823769886,0.0,False
2023090700,1837,52546,L'Jarius Sneed,CB,4.647904873240432,0.952060036918329,1.0915971823769886,0.0,False
2023090700,1837,47882,Mike Edwards,FS,3.1417743152105495,0.952060036918329,1.0915971823769886,0.0,False
2023090700,1837,53487,Nick Bolton,MLB,2.0436572192953175,0.952060036918329,1.0915971823769886,0.21012148589148083,True
2023090700,1837,54486,Trent McDuffie,CB,2.2537787051867983,0.952060036918329,1.0915971823769886,0.0,False
2023090700,1869,54527,Bryan Cook,FS,1.9070196441384228,1.0174047445970464,0.669905720805738,0.0,False
2023090700,1869,55984,Chamarri Conner,SS,4.054911158185926,1.0174047445970464,0.669905720805738,0.0,False
2023090700,1869,54600,Joshua Williams,CB,4.179369187960253,1.0174047445970464,0.669905720805738,0.0,False
2023090700,1869,46137,Justin Reid,SS,4.912684872835031,1.0174047445970464,0.669905720805738,0.0,False
2023090700,1869,52546,L'Jarius Sneed,CB,1.6873104654027844,1.0174047445970464,0.669905720805738,0.1282600241777474,True
2023090700,1869,47882,Mike Edwards,FS,2.334586054828262,1.0174047445970464,0.669905720805738,0.0,False
2023090700,1869,53487,Nick Bolton,MLB,1.8155704895805318,1.0174047445970464,0.669905720805738,0.0,False
2023090700,1869,54486,Trent McDuffie,CB,2.614774646153955,1.0174047445970464,0.669905720805738,0.0,False
2023090700,1940,54527,Bryan Cook,FS,3.7597829725316427,1.6259781296085505,0.21790498754153131,0.0,False
2023090700,1940,54600,Joshua Williams,CB,1.8438831171500818,1.6259781296085505,0.21790498754153131,0.3421847803847682,True
2023090700,1940,46137,Justin Reid,SS,6.254319097699338,1.6259781296085505,0.21790498754153131,0.0,False
2023090700,1940,52546,L'Jarius Sneed,CB,2.49152020947534,1.6259781296085505,0.21790498754153131,0.0,False
2023090700,1940,47882,Mike Edwards,FS,5.36911130187247,1.6259781296085505,0.21790498754153131,0.0,False
2023090700,1940,53487,Nick Bolton,MLB,5.566489481589201,1.6259781296085505,0.21790498754153131,0.0,False
2023090700,1940,54486,Trent McDuffie,CB,2.18606789753485,1.6259781296085505,0.21790498754153131,0.0,False
2023090700,2118,44888,Alex Anzalone,OLB,1.7401938631567,1.028445054759069,0.17409592891304193,0.0,False
2023090700,2118,55910,Brian Branch,SS,4.420089520773464,1.028445054759069,0.17409592891304193,0.0,False
2023090700,2118,47888,C.J. Gardner-Johnson,SS,1.9573501085268252,1.028445054759069,0.17409592891304193,0.0,False
2023090700,2118,44906,Cameron Sutton,CB,5.985521308862559,1.028445054759069,0.17409592891304193,0.0,False
2023090700,2118,53542,Derrick Barnes,MLB,2.5835074277287307,1.028445054759069,0.17409592891304193,0.0,False
2023090700,2118,53953,Jerry Jacobs,CB,1.202540983672111,1.028445054759069,0.17409592891304193,0.537652879484589,True
2023090700,2118,54562,Kerby Joseph,FS,3.474192751716306,1.028445054759069,0.17409592891304193,0.0,False
2023090700,2141,44888,Alex Anzalone,OLB,5.806677979444088,0.9866359566731331,0.29720714767253265,0.0,False
2023090700,2141,55910,Brian Branch,SS,2.510230159393896,0.9866359566731331,0.29720714767253265,0.0,False
2023090700,2141,47888,C.J. Gardner-Johnson,SS,5.1473246842935705,0.9866359566731331,0.29720714767253265,0.0,False
2023090700,2141,44906,Cameron Sutton,CB,4.393520603864115,0.9866359566731331,0.29720714767253265,0.0,False
2023090700,2141,53953,Jerry Jacobs,CB,1.2838431043456657,0.9866359566731331,0.29720714767253265,1.007883252555237,True
2023090700,2141,54562,Kerby Joseph,FS,3.8342280812938956,0.9866359566731331,0.29720714767253265,0.0,False
2023090700,2141,54653,Malcolm Rodriguez,ILB,2.2917263569009028,0.9866359566731331,0.29720714767253265,0.0,False
2023090700,2186,54527,Bryan Cook,FS,2.6522005207288735,0.43903909876444586,0.5654052641281446,0.0,False
2023090700,2186,55984,Chamarri Conner,SS,3.6854567943670165,0.43903909876444586,0.5654052641281446,0.0,False
2023090700,2186,46137,Justin Reid,SS,1.7029143295923734,0.43903909876444586,0.5654052641281446,0.0,False
2023090700,2186,52546,L'Jarius Sneed,CB,1.5304365323777454,0.43903909876444586,0.5654052641281446,0.0,False
2023090700,2186,53487,Nick Bolton,MLB,3.097943176492491,0.43903909876444586,0.5654052641281446,0.0,False
2023090700,2186,54486,Trent McDuffie,CB,4.810742027580819,0.43903909876444586,0.5654052641281446,0.0,False
2023090700,2186,52471,Willie Gay Jr.,ILB,1.0044443628925905,0.43903909876444586,0.5654052641281446,0.5259921694851548,True
2023090700,2261,54527,Bryan Cook,FS,2.461793389202093,1.1108334615128566,0.22229746964320451,0.0,False
2023090700,2261,54600,Joshua Williams,CB,4.593147481630187,1.1108334615128566,0.22229746964320451,0.0,False
2023090700,2261,46137,Justin Reid,SS,1.333130931156061,1.1108334615128566,0.22229746964320451,1.1286624580460318,True
2023090700,2261,52546,L'Jarius Sneed,CB,2.4824345180390877,1.1108334615128566,0.22229746964320451,0.0,False
2023090700,2261,47882,Mike Edwards,FS,5.409642213628813,1.1108334615128566,0.22229746964320451,0.0,False
2023090700,2261,53487,Nick Bolton,MLB,3.1341427168054388,1.1108334615128566,0.22229746964320451,0.0,False
2023090700,2261,54486,Trent McDuffie,CB,3.199154937494071,1.1108334615128566,0.22229746964320451,0.0,False
2023090700,2306,44888,Alex Anzalone,OLB,1.5898606236664417,0.8678386658489792,0.06360380627554463,0.0,False
2023090700,2306,55910,Brian Branch,SS,2.889070997795019,0.8678386658489792,0.06360380627554463,0.0,False
2023090700,2306,47888,C.J. Gardner-Johnson,SS,2.914816561951224,0.8678386658489792,0.06360380627554463,0.0,False
2023090700,2306,44906,Cameron Sutton,CB,3.9991562229603828,0.8678386658489792,0.06360380627554463,0.0,False
2023090700,2306,55882,Jack Campbell,MLB,0.9314424721245238,0.8678386658489792,0.06360380627554463,0.6584181515419179,True
2023090700,2306,53953,Jerry Jacobs,CB,4.4157485335448925,0.8678386658489792,0.06360380627554463,0.0,False
2023090700,2306,54562,Kerby Joseph,FS,2.379151246772448,0.8678386658489792,0.06360380627554463,0.0,False
2023090700,2364,44888,Alex Anzalone,OLB,3.1529887437562474,1.0086813294335022,0.16694220337354038,0.0,False
2023090700,2364,55910,Brian Branch,SS,2.1937143672495636,1.0086813294335022,0.16694220337354038,0.0,False
2023090700,2364,47888,C.J. Gardner-Johnson,SS,3.321360439824276,1.0086813294335022,0.16694220337354038,0.0,False
2023090700,2364,44906,Cameron Sutton,CB,4.315425382539187,1.0086813294335022,0.16694220337354038,0.0,False
2023090700,2364,53953,Jerry Jacobs,CB,1.1756235328070426,1.0086813294335022,0.16694220337354038,0.17748029832360546,True
2023090700,2364,54562,Kerby Joseph,FS,3.040433749555555,1.0086813294335022,0.16694220337354038,0.0,False
2023090700,2364,54653,Malcolm Rodriguez,ILB,1.353103831130648,1.0086813294335022,0.16694220337354038,0.0,False
2023090700,2435,47888,C.J. Gardner-Johnson,SS,7.017437366078849,0.7543010659240044,3.631359806997119,0.0,False
2023090700,2435,44906,Cameron Sutton,CB,8.577430961217402,0.7543010659240044,3.631359806997119,0.0,False
2023090700,2435,53542,Derrick Barnes,MLB,4.820081765864729,0.7543010659240044,3.631359806997119,0.0,False
2023090700,2435,55882,Jack Campbell,MLB,6.208751793528243,0.7543010659240044,3.631359806997119,0.0,False
2023090700,2435,54682,James Houston,DE,6.28269972758573,0.7543010659240044,3.631359806997119,0.0,False
2023090700,2435,53953,Jerry Jacobs,CB,4.3856608729211235,0.7543010659240044,3.631359806997119,0.4344208929436051,True
2023090700,2435,54562,Kerby Joseph,FS,9.110380903622035,0.7543010659240044,3.631359806997119,0.0,False
2023090700,2487,47888,C.J. Gardner-Johnson,SS,2.501708144155852,1.7738905223178392,0.23193135846642243,0.0,False
2023090700,2487,44906,Cameron Sutton,CB,2.0058218807842616,1.7738905223178392,0.23193135846642243,0.49588626337159036,True
2023090700,2487,53542,Derrick Barnes,MLB,5.788107826137364,1.7738905223178392,0.23193135846642243,0.0,False
2023090700,2487,55882,Jack Campbell,MLB,6.252429600139926,1.7738905223178392,0.23193135846642243,0.0,False
2023090700,2487,54682,James Houston,DE,7.016394635039107,1.7738905223178392,0.23193135846642243,0.0,False
2023090700,2487,53953,Jerry Jacobs,CB,7.124374754575043,1.7738905223178392,0.23193135846642243,0.0,False
2023090700,2487,54562,Kerby Joseph,FS,2.7728384780336226,1.7738905223178392,0.23193135846642243,0.0,False
2023090700,2510,55910,Brian Branch,SS,1.8073512680819328,0.5869565992610433,0.8894230801462553,0.0,False
2023090700,2510,47888,C.J. Gardner-Johnson,SS,4.7200943119954735,0.5869565992610433,0.8894230801462553,0.0,False
2023090700,2510,44906,Cameron Sutton,CB,2.1594636917042584,0.5869565992610433,0.8894230801462553,0.0,False
2023090700,2510,53542,Derrick Barnes,MLB,4.869724210849324,0.5869565992610433,0.8894230801462553,0.0,False
2023090700,2510,55882,Jack Campbell,MLB,3.9844423371316524,0.5869565992610433,0.8894230801462553,0.0,False
2023090700,2510,53953,Jerry Jacobs,CB,6.154375072402963,0.5869565992610433,0.8894230801462553,0.0,False
2023090700,2510,54562,Kerby Joseph,FS,1.4763796794072985,0.5869565992610433,0.8894230801462553,0.3309715886746343,True
2023090700,2613,54527,Bryan Cook,FS,3.058258646776522,1.2707092094829915,-0.43281664699878,0.0,False
2023090700,2613,47913,Drue Tranquill,ILB,4.577315795225484,1.2707092094829915,-0.43281664699878,0.0,False
2023090700,2613,46137,Justin Reid,SS,0.8378925624842115,1.2707092094829915,-0.43281664699878,0.7363368003144906,True
2023090700,2613,53487,Nick Bolton,MLB,2.170026955634795,1.2707092094829915,-0.43281664699878,0.0,False
2023090700,2613,54486,Trent McDuffie,CB,1.574229362798702,1.2707092094829915,-0.43281664699878,0.0,False
2023090700,2638,54527,Bryan Cook,FS,3.412717648314867,1.1121294506406538,-0.009557981980037322,0.0,False
2023090700,2638,47913,Drue Tranquill,ILB,6.496595025208849,1.1121294506406538,-0.009557981980037322,0.0,False
2023090700,2638,54600,Joshua Williams,CB,2.782732177613062,1.1121294506406538,-0.009557981980037322,0.0,False
2023090700,2638,46137,Justin Reid,SS,5.442423102663724,1.1121294506406538,-0.009557981980037322,0.0,False
2023090700,2638,52546,L'Jarius Sneed,CB,2.5946990137553723,1.1121294506406538,-0.009557981980037322,0.0,False
2023090700,2638,53487,Nick Bolton,MLB,1.1025714686606165,1.1121294506406538,-0.009557981980037322,1.4921275450947558,True
2023090700,2825,44888,Alex Anzalone,OLB,3.264498048360858,0.6990921913973747,2.5654058569634834,0.831904944737742,True
2023090700,2825,47888,C.J. Gardner-Johnson,SS,7.305660548150162,0.6990921913973747,2.5654058569634834,0.0,False
2023090700,2825,44906,Cameron Sutton,CB,4.9198268068556095,0.6990921913973747,2.5654058569634834,0.0,False
2023090700,2825,44834,Charles Harris,DE,5.256582920697466,0.6990921913973747,2.5654058569634834,0.0,False
2023090700,2825,53542,Derrick Barnes,MLB,4.0964029930986,0.6990921913973747,2.5654058569634834,0.0,False
2023090700,2825,53953,Jerry Jacobs,CB,6.265458248193703,0.6990921913973747,2.5654058569634834,0.0,False
2023090700,2825,54562,Kerby Joseph,FS,6.663372423558776,0.6990921913973747,2.5654058569634834,0.0,False
2023090700,2906,44888,Alex Anzalone,OLB,2.15244098426325,0.5179055621886868,1.6345354220745631,1.773264368193803,True
2023090700,2906,47888,C.J. Gardner-Johnson,SS,10.290439526343432,0.5179055621886868,1.6345354220745631,0.0,False
2023090700,2906,44906,Cameron Sutton,CB,3.9257053524570527,0.5179055621886868,1.6345354220745631,0.0,False
2023090700,2906,55882,Jack Campbell,MLB,5.675724144353733,0.5179055621886868,1.6345354220745631,0.0,False
2023090700,2906,54682,James Houston,DE,5.048849504321554,0.5179055621886868,1.6345354220745631,0.0,False
2023090700,2906,53953,Jerry Jacobs,CB,10.208133885919064,0.5179055621886868,1.6345354220745631,0.0,False
2023090700,2906,54562,Kerby Joseph,FS,5.325186209062777,0.5179055621886868,1.6345354220745631,0.0,False
2023090700,2936,44888,Alex Anzalone,OLB,3.1733339892632095,0.9104349984353715,0.15517128046780493,0.0,False
2023090700,2936,55910,Brian Branch,SS,1.3072086973501844,0.9104349984353715,0.15517128046780493,0.0,False
2023090700,2936,47888,C.J. Gardner-Johnson,SS,1.0656062789031764,0.9104349984353715,0.15517128046780493,0.24160241844700803,True
2023090700,2936,44906,Cameron Sutton,CB,3.1514054949483956,0.9104349984353715,0.15517128046780493,0.0,False
2023090700,2936,55882,Jack Campbell,MLB,2.2374730066288655,0.9104349984353715,0.15517128046780493,0.0,False
2023090700,2936,53953,Jerry Jacobs,CB,3.208535119195397,0.9104349984353715,0.15517128046780493,0.0,False
2023090700,2936,54562,Kerby Joseph,FS,4.407613940470884,0.9104349984353715,0.15517128046780493,0.0,False
2023090700,2959,44888,Alex Anzalone,OLB,4.742831523108559,1.0800064754080354,0.5446792203228117,0.0,False
2023090700,2959,55910,Brian Branch,SS,1.993701445316101,1.0800064754080354,0.5446792203228117,0.0,False
2023090700,2959,47888,C.J. Gardner-Johnson,SS,4.019727244807755,1.0800064754080354,0.5446792203228117,0.0,False
2023090700,2959,44906,Cameron Sutton,CB,2.5684111722768312,1.0800064754080354,0.5446792203228117,0.0,False
2023090700,2959,53953,Jerry Jacobs,CB,2.4564149408425875,1.0800064754080354,0.5446792203228117,0.0,False
2023090700,2959,54562,Kerby Joseph,FS,3.4631621026350365,1.0800064754080354,0.5446792203228117,0.0,False
2023090700,2959,54653,Malcolm Rodriguez,ILB,1.624685695730847,1.0800064754080354,0.5446792203228117,0.36901574958525396,True
2023090700,3032,54527,Bryan Cook,FS,5.48590997168083,1.0493631747810117,0.215049091344242,0.0,False
2023090700,3032,54600,Joshua Williams,CB,8.6654151388752,1.0493631747810117,0.215049091344242,0.0,False
2023090700,3032,46137,Justin Reid,SS,1.2644122661252537,1.0493631747810117,0.215049091344242,1.8158385871023812,True
2023090700,3032,53487,Nick Bolton,MLB,4.159432961533597,1.0493631747810117,0.215049091344242,0.0,False
2023090700,3032,54486,Trent McDuffie,CB,7.498691803775166,1.0493631747810117,0.215049091344242,0.0,False
2023090700,3032,52471,Willie Gay Jr.,ILB,3.080250853227635,1.0493631747810117,0.215049091344242,0.0,False
2023090700,3089,54527,Bryan Cook,FS,2.2019268190365406,1.275406948336047,0.5101817544088607,0.0,False
2023090700,3089,54600,Joshua Williams,CB,4.372570880466591,1.275406948336047,0.5101817544088607,0.0,False
2023090700,3089,46137,Justin Reid,SS,3.4218336682836465,1.275406948336047,0.5101817544088607,0.0,False
2023090700,3089,52546,L'Jarius Sneed,CB,3.4393010388982237,1.275406948336047,0.5101817544088607,0.0,False
2023090700,3089,47882,Mike Edwards,FS,1.7855887027449078,1.275406948336047,0.5101817544088607,0.24713077366833502,True
2023090700,3089,53487,Nick Bolton,MLB,2.032719476413243,1.275406948336047,0.5101817544088607,0.0,False
2023090700,3089,54486,Trent McDuffie,CB,4.108412332039658,1.275406948336047,0.5101817544088607,0.0,False
2023090700,3114,54527,Bryan Cook,FS,3.835374301345957,0.9093123181608098,-0.5601216111277829,0.0,False
2023090700,3114,46137,Justin Reid,SS,4.416470125487984,0.9093123181608098,-0.5601216111277829,0.0,False
2023090700,3114,52546,L'Jarius Sneed,CB,1.6167059328901758,0.9093123181608098,-0.5601216111277829,0.0,False
2023090700,3114,54568,Leo Chenal,OLB,1.9725436210790697,0.9093123181608098,-0.5601216111277829,0.0,False
2023090700,3114,53487,Nick Bolton,MLB,0.34919070703302685,0.9093123181608098,-0.5601216111277829,1.267515225857149,True
2023090700,3114,54486,Trent McDuffie,CB,4.286745716926467,0.9093123181608098,-0.5601216111277829,0.0,False
2023090700,3114,52471,Willie Gay Jr.,ILB,1.8796098751919632,0.9093123181608098,-0.5601216111277829,0.0,False
2023090700,3185,55910,Brian Branch,SS,2.1120741504686893,0.8885089852972659,0.3453414078462891,0.0,False
2023090700,3185,47888,C.J. Gardner-Johnson,SS,5.379282819797255,0.8885089852972659,0.3453414078462891,0.0,False
2023090700,3185,44906,Cameron Sutton,CB,4.262012642160976,0.8885089852972659,0.3453414078462891,0.0,False
2023090700,3185,44834,Charles Harris,DE,1.8335537945254623,0.8885089852972659,0.3453414078462891,0.0,False
2023090700,3185,53542,Derrick Barnes,MLB,2.8791642866998575,0.8885089852972659,0.3453414078462891,0.0,False
2023090700,3185,53953,Jerry Jacobs,CB,5.71374606699416,0.8885089852972659,0.3453414078462891,0.0,False
2023090700,3185,54562,Kerby Joseph,FS,1.233850393143555,0.8885089852972659,0.3453414078462891,0.5997034013819074,True
2023090700,3233,44888,Alex Anzalone,OLB,5.964803472096987,1.0017572353008841,2.366845005370675,0.0,False
2023090700,3233,47888,C.J. Gardner-Johnson,SS,6.3622794393441495,1.0017572353008841,2.366845005370675,0.0,False
2023090700,3233,44906,Cameron Sutton,CB,6.972856236618361,1.0017572353008841,2.366845005370675,0.0,False
2023090700,3233,55882,Jack Campbell,MLB,4.730674591453121,1.0017572353008841,2.366845005370675,0.0,False
2023090700,3233,53953,Jerry Jacobs,CB,3.873510718431805,1.0017572353008841,2.366845005370675,0.0,False
2023090700,3233,54562,Kerby Joseph,FS,3.3686022406715592,1.0017572353008841,2.366845005370675,0.21906849449718013,True
2023090700,3233,47864,Will Harris,SS,3.5876707351687394,1.0017572353008841,2.366845005370675,0.0,False
2023090700,3324,44888,Alex Anzalone,OLB,2.8309119881234626,1.3801657703431074,0.5396933333715965,0.0,False
2023090700,3324,47888,C.J. Gardner-Johnson,SS,7.56970915631969,1.3801657703431074,0.5396933333715965,0.0,False
2023090700,3324,44906,Cameron Sutton,CB,4.589464300392929,1.3801657703431074,0.5396933333715965,0.0,False
2023090700,3324,53953,Jerry Jacobs,CB,7.849244738820153,1.3801657703431074,0.5396933333715965,0.0,False
2023090700,3324,54562,Kerby Joseph,FS,4.985279471359694,1.3801657703431074,0.5396933333715965,0.0,False
2023090700,3324,54653,Malcolm Rodriguez,ILB,1.919859103714704,1.3801657703431074,0.5396933333715965,0.9110528844087586,True
2023090700,3324,47864,Will Harris,SS,4.455602796615563,1.3801657703431074,0.5396933333715965,0.0,False
2023090700,3461,54527,Bryan Cook,FS,4.467978978598007,1.320674268583521,0.19488729837271257,0.0,False
2023090700,3461,54495,George Karlaftis,DE,1.6060170346774127,1.320674268583521,0.19488729837271257,0.0,False
2023090700,3461,54600,Joshua Williams,CB,1.9358756292135864,1.320674268583521,0.19488729837271257,0.0,False
2023090700,3461,46137,Justin Reid,SS,6.271813579946204,1.320674268583521,0.19488729837271257,0.0,False
2023090700,3461,53487,Nick Bolton,MLB,5.207927569350165,1.320674268583521,0.19488729837271257,0.0,False
2023090700,3461,54486,Trent McDuffie,CB,1.5155615669562337,1.320674268583521,0.19488729837271257,0.09045546772117907,True
2023090700,3486,54527,Bryan Cook,FS,5.4911035913183746,0.8779258741689109,0.9968296964657455,0.0,False
2023090700,3486,46137,Justin Reid,SS,2.2415118372822733,0.8779258741689109,0.9968296964657455,0.0,False
2023090700,3486,52546,L'Jarius Sneed,CB,3.7516737295656166,0.8779258741689109,0.9968296964657455,0.0,False
2023090700,3486,54568,Leo Chenal,OLB,1.8747555706346564,0.8779258741689109,0.9968296964657455,0.36675626664761696,True
2023090700,3486,53487,Nick Bolton,MLB,4.834352783267121,0.8779258741689109,0.9968296964657455,0.0,False
2023090700,3486,54486,Trent McDuffie,CB,5.062396226485787,0.8779258741689109,0.9968296964657455,0.0,False
2023090700,3486,52471,Willie Gay Jr.,ILB,4.318370141966682,0.8779258741689109,0.9968296964657455,0.0,False
2023090700,3566,54527,Bryan Cook,FS,3.5977620042888536,0.8699861807963201,0.17348942838354864,0.0,False
2023090700,3566,46137,Justin Reid,SS,3.26951853412234,0.8699861807963201,0.17348942838354864,0.0,False
2023090700,3566,52546,L'Jarius Sneed,CB,1.0434756091798687,0.8699861807963201,0.17348942838354864,1.3028731921119503,True
2023090700,3566,54568,Leo Chenal,OLB,2.346348801291819,0.8699861807963201,0.17348942838354864,0.0,False
2023090700,3566,53487,Nick Bolton,MLB,3.309384108775539,0.8699861807963201,0.17348942838354864,0.0,False
2023090700,3566,54486,Trent McDuffie,CB,3.8920520706696955,0.8699861807963201,0.17348942838354864,0.0,False
2023090700,3566,52471,Willie Gay Jr.,ILB,3.4052086522901197,0.8699861807963201,0.17348942838354864,0.0,False
2023090700,3674,44888,Alex Anzalone,OLB,5.132303223028438,0.4941470267614134,0.47875058874486043,0.0,False
2023090700,3674,47888,C.J. Gardner-Johnson,SS,5.942486392138858,0.4941470267614134,0.47875058874486043,0.0,False
2023090700,3674,44906,Cameron Sutton,CB,6.3584318353053195,0.4941470267614134,0.47875058874486043,0.0,False
2023090700,3674,44834,Charles Harris,DE,1.9225613586710437,0.4941470267614134,0.47875058874486043,0.0,False
2023090700,3674,53542,Derrick Barnes,MLB,3.1830279344951213,0.4941470267614134,0.47875058874486043,0.0,False
2023090700,3674,53953,Jerry Jacobs,CB,0.9728976155062738,0.4941470267614134,0.47875058874486043,0.9496637431647699,True
2023090700,3674,54562,Kerby Joseph,FS,4.0325381982074155,0.4941470267614134,0.47875058874486043,0.0,False
2023090700,3912,44888,Alex Anzalone,OLB,2.755198682742367,1.169218167591576,0.8259828695225446,0.0,False
2023090700,3912,55910,Brian Branch,SS,6.095890814257608,1.169218167591576,0.8259828695225446,0.0,False
2023090700,3912,47888,C.J. Gardner-Johnson,SS,3.3349162524330582,1.169218167591576,0.8259828695225446,0.0,False
2023090700,3912,44906,Cameron Sutton,CB,2.011337266913421,1.169218167591576,0.8259828695225446,0.0,False
2023090700,3912,55882,Jack Campbell,MLB,1.9952010371141207,1.169218167591576,0.8259828695225446,0.016136229799300184,True
2023090700,3912,53953,Jerry Jacobs,CB,4.251406074822322,1.169218167591576,0.8259828695225446,0.0,False
2023090700,3912,54562,Kerby Joseph,FS,5.61927123084153,1.169218167591576,0.8259828695225446,0.0,False
2023090700,3971,44888,Alex Anzalone,OLB,3.0586378811582433,0.5448702434453678,0.8722709019909454,0.0,False
2023090700,3971,55910,Brian Branch,SS,4.1580301068763985,0.5448702434453678,0.8722709019909454,0.0,False
2023090700,3971,47888,C.J. Gardner-Johnson,SS,1.4171411454363132,0.5448702434453678,0.8722709019909454,0.6030626416686586,True
2023090700,3971,44906,Cameron Sutton,CB,3.231464599742147,0.5448702434453678,0.8722709019909454,0.0,False
2023090700,3971,53953,Jerry Jacobs,CB,4.371334918254538,0.5448702434453678,0.8722709019909454,0.0,False
2023090700,3971,54562,Kerby Joseph,FS,4.0759163801553555,0.5448702434453678,0.8722709019909454,0.0,False
2023090700,3971,54653,Malcolm Rodriguez,ILB,2.020203787104972,0.5448702434453678,0.8722709019909454,0.0,False
2023090700,3994,55910,Brian Branch,SS,3.8387160805929104,2.1225848756186076,-0.389648306676015,0.0,False
2023090700,3994,47888,C.J. Gardner-Johnson,SS,1.7329365689425926,2.1225848756186076,-0.389648306676015,0.7055698159520856,True
2023090700,3994,44906,Cameron Sutton,CB,2.438506384894678,2.1225848756186076,-0.389648306676015,0.0,False
2023090700,3994,53953,Jerry Jacobs,CB,5.3889027187934,2.1225848756186076,-0.389648306676015,0.0,False
2023090700,3994,54562,Kerby Joseph,FS,3.1025293051107057,2.1225848756186076,-0.389648306676015,0.0,False
2023090700,4041,44888,Alex Anzalone,OLB,2.4667809644151415,1.517883034680538,0.13657186854640857,0.0,False
2023090700,4041,55910,Brian Branch,SS,5.116515417485251,1.517883034680538,0.13657186854640857,0.0,False
2023090700,4041,47888,C.J. Gardner-Johnson,SS,4.3678301922072,1.517883034680538,0.13657186854640857,0.0,False
2023090700,4041,44906,Cameron Sutton,CB,1.6544549032269467,1.517883034680538,0.13657186854640857,0.8123260611881948,True
2023090700,4041,53953,Jerry Jacobs,CB,6.01594229183933,1.517883034680538,0.13657186854640857,0.0,False
2023090700,4041,54562,Kerby Joseph,FS,4.4533026448447615,1.517883034680538,0.13657186854640857,0.0,False
2023090700,4041,54653,Malcolm Rodriguez,ILB,3.222607895716366,1.517883034680538,0.13657186854640857,0.0,False
2023091000,185,52424,A.J. Terrell,CB,1.4072413755953845,0.8868729046639274,0.48534629559347375,0.0,False
2023091000,185,52272,Dee Alford,CB,1.889310145308306,0.8868729046639274,0.48534629559347375,0.0,False
2023091000,185,46123,Jessie Bates,SS,1.3722192002574012,0.8868729046639274,0.48534629559347375,0.03502217533798335,True
2023091000,185,48027,Kaden Elliss,ILB,1.7508523420860882,0.8868729046639274,0.48534629559347375,0.0,False
2023091000,185,53469,Richie Grant,SS,3.445807992404487,0.8868729046639274,0.48534629559347375,0.0,False
2023091000,185,46215,Tre Flowers,CB,3.546340183824682,0.8868729046639274,0.48534629559347375,0.0,False
2023091000,661,52424,A.J. Terrell,CB,3.2195219316740804,1.2319704212034575,0.1991362345920047,0.0,False
2023091000,661,52272,Dee Alford,CB,3.3040365908424367,1.2319704212034575,0.1991362345920047,0.0,False
2023091000,661,46123,Jessie Bates,SS,1.5001919164363335,1.2319704212034575,0.1991362345920047,0.0,False
2023091000,661,48027,Kaden Elliss,ILB,4.066293362993971,1.2319704212034575,0.1991362345920047,0.0,False
2023091000,661,53469,Richie Grant,SS,2.4148133522667825,1.2319704212034575,0.1991362345920047,0.0,False
2023091000,661,46215,Tre Flowers,CB,5.882966938004362,1.2319704212034575,0.1991362345920047,0.0,False
2023091000,661,54523,Troy Andersen,ILB,1.4311066557954621,1.2319704212034575,0.1991362345920047,0.0690852606408714,True
2023091000,842,52424,A.J. Terrell,CB,3.5030230768939363,1.19781993559483,0.25842570601395454,0.0,False
2023091000,842,52272,Dee Alford,CB,2.1961008859426947,1.19781993559483,0.25842570601395454,0.0,False
2023091000,842,46123,Jessie Bates,SS,1.61510176428184,1.19781993559483,0.25842570601395454,0.0,False
2023091000,842,48027,Kaden Elliss,ILB,4.262087898166943,1.19781993559483,0.25842570601395454,0.0,False
2023091000,842,53469,Richie Grant,SS,1.4562456416087846,1.19781993559483,0.25842570601395454,0.15729925825476054,True
2023091000,842,46215,Tre Flowers,CB,4.287065813774219,1.19781993559483,0.25842570601395454,0.0,False
2023091000,842,54523,Troy Andersen,ILB,1.613544899863545,1.19781993559483,0.25842570601395454,0.0,False
2023091000,877,52424,A.J. Terrell,CB,2.6956149794740614,0.8710590211300806,0.7633592580188227,0.0,False
2023091000,877,52272,Dee Alford,CB,3.637978054012575,0.8710590211300806,0.7633592580188227,0.0,False
2023091000,877,46123,Jessie Bates,SS,5.749305952378124,0.8710590211300806,0.7633592580188227,0.0,False
2023091000,877,48027,Kaden Elliss,ILB,2.4723464739933028,0.8710590211300806,0.7633592580188227,0.0,False
2023091000,877,53469,Richie Grant,SS,5.760825448249591,0.8710590211300806,0.7633592580188227,0.0,False
2023091000,877,46215,Tre Flowers,CB,2.353932760537155,0.8710590211300806,0.7633592580188227,0.0,False
2023091000,877,54523,Troy Andersen,ILB,1.6344182791489033,0.8710590211300806,0.7633592580188227,0.7195144813882517,True
2023091000,927,46124,Donte Jackson,CB,2.1492380253538665,0.5749098915935408,0.6805166291378112,0.0,False
2023091000,927,53437,Jaycee Horn,CB,4.760678346791814,0.5749098915935408,0.6805166291378112,0.0,False
2023091000,927,52472,Jeremy Chinn,SS,1.255426520731352,0.5749098915935408,0.6805166291378112,0.3579994001671264,True
2023091000,927,42368,Shaq Thompson,MLB,1.6134259208984782,0.5749098915935408,0.6805166291378112,0.0,False
2023091000,927,43350,Vonn Bell,SS,2.5701284298488214,0.5749098915935408,0.6805166291378112,0.0,False
2023091000,927,45004,Xavier Woods,FS,3.8555486854911516,0.5749098915935408,0.6805166291378112,0.0,False
2023091000,1046,46124,Donte Jackson,CB,6.339676347691089,1.1092254590772566,0.005750404627444361,0.0,False
2023091000,1046,46527,Frankie Luvu,OLB,1.114975863704701,1.1092254590772566,0.005750404627444361,0.8556482087533592,True
2023091000,1046,53437,Jaycee Horn,CB,2.1966333176509725,1.1092254590772566,0.005750404627444361,0.0,False
2023091000,1046,42368,Shaq Thompson,MLB,1.9706240724580601,1.1092254590772566,0.005750404627444361,0.0,False
2023091000,1046,42816,Troy Hill,CB,3.7571906372809925,1.1092254590772566,0.005750404627444361,0.0,False
2023091000,1046,43350,Vonn Bell,SS,2.220705222608651,1.1092254590772566,0.005750404627444361,0.0,False
2023091000,1046,45004,Xavier Woods,FS,5.696891747029274,1.1092254590772566,0.005750404627444361,0.0,False
2023091000,1193,52424,A.J. Terrell,CB,3.854872928322291,1.0387201969869873,0.2864018690357948,0.0,False
2023091000,1193,52272,Dee Alford,CB,2.2873927971567203,1.0387201969869873,0.2864018690357948,0.0,False
2023091000,1193,46123,Jessie Bates,SS,1.5250109732540027,1.0387201969869873,0.2864018690357948,0.0,False
2023091000,1193,48027,Kaden Elliss,ILB,1.7457837284441828,1.0387201969869873,0.2864018690357948,0.0,False
2023091000,1193,53469,Richie Grant,SS,2.8321501665630704,1.0387201969869873,0.2864018690357948,0.0,False
2023091000,1193,46215,Tre Flowers,CB,1.325122066022782,1.0387201969869873,0.2864018690357948,0.19988890723122066,True
2023091000,1193,54523,Troy Andersen,ILB,3.5234058598812874,1.0387201969869873,0.2864018690357948,0.0,False
2023091000,1240,52424,A.J. Terrell,CB,4.855347869546987,1.193646933802441,1.3633544624682132,0.0,False
2023091000,1240,52272,Dee Alford,CB,2.557001396270654,1.193646933802441,1.3633544624682132,0.7857151503574098,True
2023091000,1240,46123,Jessie Bates,SS,3.342716546628064,1.193646933802441,1.3633544624682132,0.0,False
2023091000,1240,48027,Kaden Elliss,ILB,3.4990375997658125,1.193646933802441,1.3633544624682132,0.0,False
2023091000,1240,53469,Richie Grant,SS,4.693680071794197,1.193646933802441,1.3633544624682132,0.0,False
2023091000,1240,46215,Tre Flowers,CB,3.8978630284736253,1.193646933802441,1.3633544624682132,0.0,False
2023091000,1240,54523,Troy Andersen,ILB,3.433929709972806,1.193646933802441,1.3633544624682132,0.0,False
2023091000,1300,52424,A.J. Terrell,CB,3.6563581428034677,1.120378494388713,0.39731173181064183,0.0,False
2023091000,1300,52272,Dee Alford,CB,1.5176902261993548,1.120378494388713,0.39731173181064183,0.47792572758943086,True
2023091000,1300,46123,Jessie Bates,SS,1.9956159537887856,1.120378494388713,0.39731173181064183,0.0,False
2023091000,1300,48027,Kaden Elliss,ILB,2.869999595327351,1.120378494388713,0.39731173181064183,0.0,False
2023091000,1300,53469,Richie Grant,SS,3.724267423996772,1.120378494388713,0.39731173181064183,0.0,False
2023091000,1300,46215,Tre Flowers,CB,2.5697546111681002,1.120378494388713,0.39731173181064183,0.0,False
2023091000,1300,54523,Troy Andersen,ILB,3.810442688113282,1.120378494388713,0.39731173181064183,0.0,False
2023091000,1325,52424,A.J. Terrell,CB,4.798250065933162,1.321867107310591,-0.5090150623189602,0.0,False
2023091000,1325,52272,Dee Alford,CB,2.780005748599252,1.321867107310591,-0.5090150623189602,0.0,False
2023091000,1325,46123,Jessie Bates,SS,3.672413940969713,1.321867107310591,-0.5090150623189602,0.0,False
2023091000,1325,48027,Kaden Elliss,ILB,6.733414189145533,1.321867107310591,-0.5090150623189602,0.0,False
2023091000,1325,53469,Richie Grant,SS,2.4914066046329495,1.321867107310591,-0.5090150623189602,0.0,False
2023091000,1325,46215,Tre Flowers,CB,1.5366095399755426,1.321867107310591,-0.5090150623189602,0.0,False
2023091000,1325,54523,Troy Andersen,ILB,0.8128520449916308,1.321867107310591,-0.5090150623189602,0.7237574949839118,True
2023091000,1382,52424,A.J. Terrell,CB,5.454173144258171,0.8698290728514104,0.4539236583667905,0.0,False
2023091000,1382,52272,Dee Alford,CB,4.428273905969457,0.8698290728514104,0.4539236583667905,0.0,False
2023091000,1382,46123,Jessie Bates,SS,4.112319225338572,0.8698290728514104,0.4539236583667905,0.0,False
2023091000,1382,48027,Kaden Elliss,ILB,1.323752731218201,0.8698290728514104,0.4539236583667905,1.6462694304035121,True
2023091000,1382,53469,Richie Grant,SS,3.8991948727717936,0.8698290728514104,0.4539236583667905,0.0,False
2023091000,1382,46215,Tre Flowers,CB,2.970022161621713,0.8698290728514104,0.4539236583667905,0.0,False
2023091000,1382,54523,Troy Andersen,ILB,3.2652212938355305,0.8698290728514104,0.4539236583667905,0.0,False
2023091000,1429,52424,A.J. Terrell,CB,1.663113811920279,1.0251623129738285,0.2813153441958498,0.0,False
2023091000,1429,52272,Dee Alford,CB,4.581183491358419,1.0251623129738285,0.2813153441958498,0.0,False
2023091000,1429,46123,Jessie Bates,SS,2.9511118395594806,1.0251623129738285,0.2813153441958498,0.0,False
2023091000,1429,48027,Kaden Elliss,ILB,4.228888948880741,1.0251623129738285,0.2813153441958498,0.0,False
2023091000,1429,53469,Richie Grant,SS,1.3064776571696783,1.0251623129738285,0.2813153441958498,0.35663615475060073,True
2023091000,1429,46215,Tre Flowers,CB,5.072329361720152,1.0251623129738285,0.2813153441958498,0.0,False
2023091000,1429,54523,Troy Andersen,ILB,3.196560253323945,1.0251623129738285,0.2813153441958498,0.0,False
2023091000,1599,46124,Donte Jackson,CB,1.9422203266533153,0.48485857736327054,1.0738195802189716,0.0,False
2023091000,1599,46527,Frankie Luvu,OLB,2.1601660110235543,0.48485857736327054,1.0738195802189716,0.0,False
2023091000,1599,53437,Jaycee Horn,CB,1.59692719049319,0.48485857736327054,1.0738195802189716,0.0,False
2023091000,1599,42368,Shaq Thompson,MLB,1.5586781575822422,0.48485857736327054,1.0738195802189716,0.038249032910947944,True
2023091000,1599,42816,Troy Hill,CB,1.8422266107698486,0.48485857736327054,1.0738195802189716,0.0,False
2023091000,1599,43350,Vonn Bell,SS,3.4689553769915134,0.48485857736327054,1.0738195802189716,0.0,False
2023091000,1599,45004,Xavier Woods,FS,3.4394799309686928,0.48485857736327054,1.0738195802189716,0.0,False
2023091000,1697,52424,A.J. Terrell,CB,10.247844210585777,1.5270331103596886,0.08827347315132794,0.0,False
2023091000,1697,52272,Dee Alford,CB,8.435659362636416,1.5270331103596886,0.08827347315132794,0.0,False
2023091000,1697,46123,Jessie Bates,SS,5.889920417001322,1.5270331103596886,0.08827347315132794,0.0,False
2023091000,1697,48027,Kaden Elliss,ILB,7.318967346941343,1.5270331103596886,0.08827347315132794,0.0,False
2023091000,1697,53469,Richie Grant,SS,2.9095237730941204,1.5270331103596886,0.08827347315132794,0.0,False
2023091000,1697,46215,Tre Flowers,CB,1.6153065835110165,1.5270331103596886,0.08827347315132794,1.2942171895831038,True
2023091000,1697,54523,Troy Andersen,ILB,4.6505395958470075,1.5270331103596886,0.08827347315132794,0.0,False
2023091000,1720,52424,A.J. Terrell,CB,1.2921146031324715,1.2163747899747765,0.07573981315769496,1.6990169033258364,True
2023091000,1720,52272,Dee Alford,CB,2.991131506458308,1.2163747899747765,0.07573981315769496,0.0,False
2023091000,1720,46123,Jessie Bates,SS,5.667980071002314,1.2163747899747765,0.07573981315769496,0.0,False
2023091000,1720,48027,Kaden Elliss,ILB,5.070887532555537,1.2163747899747765,0.07573981315769496,0.0,False
2023091000,1720,53469,Richie Grant,SS,7.9382039083275036,1.2163747899747765,0.07573981315769496,0.0,False
2023091000,1720,46215,Tre Flowers,CB,11.080845377327517,1.2163747899747765,0.07573981315769496,0.0,False
2023091000,1720,54523,Troy Andersen,ILB,5.887246879296871,1.2163747899747765,0.07573981315769496,0.0,False
2023091000,1743,52424,A.J. Terrell,CB,1.1460262610627743,1.0859821024997822,0.060044158562992056,0.22222522623504082,True
2023091000,1743,52272,Dee Alford,CB,1.368251487297815,1.0859821024997822,0.060044158562992056,0.0,False
2023091000,1743,46123,Jessie Bates,SS,2.5522037057064058,1.0859821024997822,0.060044158562992056,0.0,False
2023091000,1743,48027,Kaden Elliss,ILB,1.7107956245562428,1.0859821024997822,0.060044158562992056,0.0,False
2023091000,1743,53469,Richie Grant,SS,3.592017340577593,1.0859821024997822,0.060044158562992056,0.0,False
2023091000,1743,46215,Tre Flowers,CB,5.103794526981594,1.0859821024997822,0.060044158562992056,0.0,False
2023091000,1743,54523,Troy Andersen,ILB,1.737739552969483,1.0859821024997822,0.060044158562992056,0.0,False
2023091000,1837,52417,C.J. Henderson,CB,4.197822354104228,0.5770988358469882,2.352763423737529,0.0,False
2023091000,1837,46124,Donte Jackson,CB,5.80000435288831,0.5770988358469882,2.352763423737529,0.0,False
2023091000,1837,46527,Frankie Luvu,OLB,2.929862259584517,0.5770988358469882,2.352763423737529,0.3103765211436347,True
2023091000,1837,42368,Shaq Thompson,MLB,3.240238780728152,0.5770988358469882,2.352763423737529,0.0,False
2023091000,1837,42816,Troy Hill,CB,5.76464299365299,0.5770988358469882,2.352763423737529,0.0,False
2023091000,1837,43350,Vonn Bell,SS,6.253171028259046,0.5770988358469882,2.352763423737529,0.0,False
2023091000,1837,45004,Xavier Woods,FS,4.185703731188121,0.5770988358469882,2.352763423737529,0.0,False
2023091000,1925,52424,A.J. Terrell,CB,1.9832316056257833,0.7489027932260257,1.2343288123997576,0.5183283878438512,True
2023091000,1925,52272,Dee Alford,CB,3.3478787475924983,0.7489027932260257,1.2343288123997576,0.0,False
2023091000,1925,46123,Jessie Bates,SS,5.0604195108298935,0.7489027932260257,1.2343288123997576,0.0,False
2023091000,1925,48027,Kaden Elliss,ILB,2.5015599934696344,0.7489027932260257,1.2343288123997576,0.0,False
2023091000,1925,53469,Richie Grant,SS,4.907196168150066,0.7489027932260257,1.2343288123997576,0.0,False
2023091000,1925,46215,Tre Flowers,CB,3.0281115511475916,0.7489027932260257,1.2343288123997576,0.0,False
2023091000,1925,54523,Troy Andersen,ILB,3.116567576793939,0.7489027932260257,1.2343288123997576,0.0,False
2023091000,1972,52424,A.J. Terrell,CB,1.8824437361706772,1.225086364490967,0.6573573716797101,1.9680426470263603,True
2023091000,1972,52272,Dee Alford,CB,8.239479738459158,1.225086364490967,0.6573573716797101,0.0,False
2023091000,1972,46123,Jessie Bates,SS,8.122784679997066,1.225086364490967,0.6573573716797101,0.0,False
2023091000,1972,48027,Kaden Elliss,ILB,4.271617030020857,1.225086364490967,0.6573573716797101,0.0,False
2023091000,1972,53469,Richie Grant,SS,6.268545103015607,1.225086364490967,0.6573573716797101,0.0,False
2023091000,1972,46215,Tre Flowers,CB,9.493798274882499,1.225086364490967,0.6573573716797101,0.0,False
2023091000,1972,54523,Troy Andersen,ILB,3.8504863831970377,1.225086364490967,0.6573573716797101,0.0,False
2023091000,2101,52424,A.J. Terrell,CB,2.8806964160629738,0.6472711441232696,0.6179636560635265,0.0,False
2023091000,2101,54503,Arnold Ebiketie,OLB,2.0964150586370622,0.6472711441232696,0.6179636560635265,0.0,False
2023091000,2101,52272,Dee Alford,CB,1.2652348001867961,0.6472711441232696,0.6179636560635265,0.831180258450266,True
2023091000,2101,46123,Jessie Bates,SS,2.7700086234621217,0.6472711441232696,0.6179636560635265,0.0,False
2023091000,2101,48027,Kaden Elliss,ILB,3.3171098348574763,0.6472711441232696,0.6179636560635265,0.0,False
2023091000,2101,53469,Richie Grant,SS,4.13140215554162,0.6472711441232696,0.6179636560635265,0.0,False
2023091000,2101,46215,Tre Flowers,CB,4.933951852815827,0.6472711441232696,0.6179636560635265,0.0,False
2023091000,2207,52417,C.J. Henderson,CB,3.2798476652499904,1.2360664455865449,-0.19605903411851933,0.0,False
2023091000,2207,46124,Donte Jackson,CB,1.5354138805541158,1.2360664455865449,-0.19605903411851933,0.0,False
2023091000,2207,46527,Frankie Luvu,OLB,1.0400074114680256,1.2360664455865449,-0.19605903411851933,0.4954064690860902,True
2023091000,2207,52472,Jeremy Chinn,SS,3.0740327803691208,1.2360664455865449,-0.19605903411851933,0.0,False
2023091000,2207,42368,Shaq Thompson,MLB,1.7776007365012094,1.2360664455865449,-0.19605903411851933,0.0,False
2023091000,2207,43350,Vonn Bell,SS,3.0984423239268852,1.2360664455865449,-0.19605903411851933,0.0,False
2023091000,2207,45004,Xavier Woods,FS,2.613764623510081,1.2360664455865449,-0.19605903411851933,0.0,False
2023091000,2342,52424,A.J. Terrell,CB,4.18721020455943,0.5275905053069654,0.9518659952714306,0.0,False
2023091000,2342,52272,Dee Alford,CB,2.5922841998126893,0.5275905053069654,0.9518659952714306,0.0,False
2023091000,2342,46123,Jessie Bates,SS,5.798362319594246,0.5275905053069654,0.9518659952714306,0.0,False
2023091000,2342,48027,Kaden Elliss,ILB,1.479456500578396,0.5275905053069654,0.9518659952714306,1.1128276992342936,True
2023091000,2342,53469,Richie Grant,SS,5.3807022667580595,0.5275905053069654,0.9518659952714306,0.0,False
2023091000,2342,46215,Tre Flowers,CB,3.7208784987203862,0.5275905053069654,0.9518659952714306,0.0,False
2023091000,2342,54523,Troy Andersen,ILB,3.336009549381885,0.5275905053069654,0.9518659952714306,0.0,False
2023091000,2389,52424,A.J. Terrell,CB,1.4845801234786153,1.2472881442821222,-0.11599681855572741,0.0,False
2023091000,2389,52272,Dee Alford,CB,4.276191782295059,1.2472881442821222,-0.11599681855572741,0.0,False
2023091000,2389,46123,Jessie Bates,SS,1.1312913257263948,1.2472881442821222,-0.11599681855572741,0.35328879775222055,True
2023091000,2389,48027,Kaden Elliss,ILB,3.103290273851713,1.2472881442821222,-0.11599681855572741,0.0,False
2023091000,2389,53469,Richie Grant,SS,3.0261545288169502,1.2472881442821222,-0.11599681855572741,0.0,False
2023091000,2389,46215,Tre Flowers,CB,4.240000182451419,1.2472881442821222,-0.11599681855572741,0.0,False
2023091000,2389,54523,Troy Andersen,ILB,3.2308215596223406,1.2472881442821222,-0.11599681855572741,0.0,False
2023091000,2580,52424,A.J. Terrell,CB,3.7943850003657635,0.6743757291147805,1.1694175841014633,0.0,False
2023091000,2580,52272,Dee Alford,CB,4.8966867812616774,0.6743757291147805,1.1694175841014633,0.0,False
2023091000,2580,46123,Jessie Bates,SS,8.313103842044177,0.6743757291147805,1.1694175841014633,0.0,False
2023091000,2580,48027,Kaden Elliss,ILB,2.8694877688196962,0.6743757291147805,1.1694175841014633,0.0,False
2023091000,2580,53469,Richie Grant,SS,4.646610678021398,0.6743757291147805,1.1694175841014633,0.0,False
2023091000,2580,46215,Tre Flowers,CB,8.324631793518618,0.6743757291147805,1.1694175841014633,0.0,False
2023091000,2580,54523,Troy Andersen,ILB,1.8437933132162438,0.6743757291147805,1.1694175841014633,1.0256944556034524,True
2023091000,2793,52417,C.J. Henderson,CB,2.4718346358222347,0.7439973470305645,1.450321067880234,0.0,False
2023091000,2793,46124,Donte Jackson,CB,7.59550390091942,0.7439973470305645,1.450321067880234,0.0,False
2023091000,2793,52472,Jeremy Chinn,SS,4.467739904727508,0.7439973470305645,1.450321067880234,0.0,False
2023091000,2793,37145,Justin Houston,OLB,4.476010365494175,0.7439973470305645,1.450321067880234,0.0,False
2023091000,2793,42368,Shaq Thompson,MLB,2.9868506187371073,0.7439973470305645,1.450321067880234,0.0,False
2023091000,2793,43350,Vonn Bell,SS,2.1943184149107986,0.7439973470305645,1.450321067880234,0.27751622091143613,True
2023091000,2793,45004,Xavier Woods,FS,5.372321667809955,0.7439973470305645,1.450321067880234,0.0,False
2023091000,2823,52417,C.J. Henderson,CB,5.4539072554273345,0.6212108241385211,0.10550754973585319,0.0,False
2023091000,2823,46124,Donte Jackson,CB,3.4194527962311585,0.6212108241385211,0.10550754973585319,0.0,False
2023091000,2823,46527,Frankie Luvu,OLB,0.7267183738743743,0.6212108241385211,0.10550754973585319,1.4664580588183833,True
2023091000,2823,52472,Jeremy Chinn,SS,2.2981240668695095,0.6212108241385211,0.10550754973585319,0.0,False
2023091000,2823,42368,Shaq Thompson,MLB,2.1931764326927574,0.6212108241385211,0.10550754973585319,0.0,False
2023091000,2823,43350,Vonn Bell,SS,2.765739686962827,0.6212108241385211,0.10550754973585319,0.0,False
2023091000,2823,45004,Xavier Woods,FS,3.6880146555878404,0.6212108241385211,0.10550754973585319,0.0,False
2023091000,3026,52424,A.J. Terrell,CB,7.3196526004233595,0.7630547546686417,2.9141163811285353,0.0,False
2023091000,3026,52272,Dee Alford,CB,3.677171135797177,0.7630547546686417,2.9141163811285353,0.2710682173656527,True
2023091000,3026,46123,Jessie Bates,SS,5.8516240934351496,0.7630547546686417,2.9141163811285353,0.0,False
2023091000,3026,48027,Kaden Elliss,ILB,3.9482393531628297,0.7630547546686417,2.9141163811285353,0.0,False
2023091000,3026,53469,Richie Grant,SS,6.106918956156576,0.7630547546686417,2.9141163811285353,0.0,False
2023091000,3026,46215,Tre Flowers,CB,4.5497681815336986,0.7630547546686417,2.9141163811285353,0.0,False
2023091000,3026,54523,Troy Andersen,ILB,4.512087387341468,0.7630547546686417,2.9141163811285353,0.0,False
2023091000,3078,52424,A.J. Terrell,CB,3.4762088489425245,3.3476909504210037,0.12851789852152073,1.2566099057309281,True
2023091000,3078,52272,Dee Alford,CB,6.067142235428091,3.3476909504210037,0.12851789852152073,0.0,False
2023091000,3078,46123,Jessie Bates,SS,4.732818754673453,3.3476909504210037,0.12851789852152073,0.0,False
2023091000,3078,48027,Kaden Elliss,ILB,8.008684753982566,3.3476909504210037,0.12851789852152073,0.0,False
2023091000,3078,53469,Richie Grant,SS,6.890428820287289,3.3476909504210037,0.12851789852152073,0.0,False
2023091000,3078,46215,Tre Flowers,CB,9.33861019264819,3.3476909504210037,0.12851789852152073,0.0,False
2023091000,3078,54523,Troy Andersen,ILB,12.358405843915168,3.3476909504210037,0.12851789852152073,0.0,False
2023091000,3260,52417,C.J. Henderson,CB,6.1643620431576105,0.45639250458419156,1.060933486348337,0.0,False
2023091000,3260,46124,Donte Jackson,CB,4.4911842668503255,0.45639250458419156,1.060933486348337,0.0,False
2023091000,3260,46527,Frankie Luvu,OLB,4.676193820263528,0.45639250458419156,1.060933486348337,0.0,False
2023091000,3260,52472,Jeremy Chinn,SS,5.685152959531092,0.45639250458419156,1.060933486348337,0.0,False
2023091000,3260,42368,Shaq Thompson,MLB,1.5173259909325285,0.45639250458419156,1.060933486348337,2.9370441111159336,True
2023091000,3260,43350,Vonn Bell,SS,4.454370102048462,0.45639250458419156,1.060933486348337,0.0,False
2023091000,3260,45004,Xavier Woods,FS,6.50864824484977,0.45639250458419156,1.060933486348337,0.0,False
2023091000,3369,52424,A.J. Terrell,CB,5.539078802883243,4.249114653788987,-2.385968017314632,0.0,False
2023091000,3369,52272,Dee Alford,CB,2.6462701771214414,4.249114653788987,-2.385968017314632,0.0,False
2023091000,3369,46123,Jessie Bates,SS,2.337728496720245,4.249114653788987,-2.385968017314632,0.0,False
2023091000,3369,48027,Kaden Elliss,ILB,1.863146636474355,4.249114653788987,-2.385968017314632,0.4745818602458902,True
2023091000,3369,53469,Richie Grant,SS,6.025459392146467,4.249114653788987,-2.385968017314632,0.0,False
2023091000,3369,46215,Tre Flowers,CB,4.078992004543005,4.249114653788987,-2.385968017314632,0.0,False
2023091000,3369,54523,Troy Andersen,ILB,2.473387562799763,4.249114653788987,-2.385968017314632,0.0,False
2023091000,3421,52424,A.J. Terrell,CB,0.819681799566164,0.742467858311991,0.07721394125417302,3.205096950676701,True
2023091000,3421,52272,Dee Alford,CB,7.200392568564295,0.742467858311991,0.07721394125417302,0.0,False
2023091000,3421,46123,Jessie Bates,SS,6.299586157378568,0.742467858311991,0.07721394125417302,0.0,False
2023091000,3421,48027,Kaden Elliss,ILB,4.093067373004214,0.742467858311991,0.07721394125417302,0.0,False
2023091000,3421,53469,Richie Grant,SS,4.170256992853362,0.742467858311991,0.07721394125417302,0.0,False
2023091000,3421,46215,Tre Flowers,CB,9.02670941416336,0.742467858311991,0.07721394125417302,0.0,False
2023091000,3421,54523,Troy Andersen,ILB,4.024778750242865,0.742467858311991,0.07721394125417302,0.0,False
2023091000,3486,52417,C.J. Henderson,CB,1.6612210991602907,0.8897343171045002,0.7714867820557905,1.6242484907208554,True
2023091000,3486,46124,Donte Jackson,CB,5.6726936400858285,0.8897343171045002,0.7714867820557905,0.0,False
2023091000,3486,46527,Frankie Luvu,OLB,3.285469589881146,0.8897343171045002,0.7714867820557905,0.0,False
2023091000,3486,42368,Shaq Thompson,MLB,4.746987036621731,0.8897343171045002,0.7714867820557905,0.0,False
2023091000,3486,42816,Troy Hill,CB,3.509468927134316,0.8897343171045002,0.7714867820557905,0.0,False
2023091000,3486,43350,Vonn Bell,SS,4.1469508207989465,0.8897343171045002,0.7714867820557905,0.0,False
2023091000,3486,45004,Xavier Woods,FS,7.085397448905779,0.8897343171045002,0.7714867820557905,0.0,False
2023091000,3533,52417,C.J. Henderson,CB,2.5231369473427083,2.451415708758515,0.07172123858419344,0.6705637710187533,True
2023091000,3533,46124,Donte Jackson,CB,3.315103945205041,2.451415708758515,0.07172123858419344,0.0,False
2023091000,3533,46527,Frankie Luvu,OLB,5.935094448937575,2.451415708758515,0.07172123858419344,0.0,False
2023091000,3533,42368,Shaq Thompson,MLB,6.934179147321725,2.451415708758515,0.07172123858419344,0.0,False
2023091000,3533,42816,Troy Hill,CB,7.235060666576743,2.451415708758515,0.07172123858419344,0.0,False
2023091000,3533,43350,Vonn Bell,SS,3.1937007183614616,2.451415708758515,0.07172123858419344,0.0,False
2023091000,3533,45004,Xavier Woods,FS,7.150536769606746,2.451415708758515,0.07172123858419344,0.0,False
2023091000,3886,52424,A.J. Terrell,CB,5.057705328600237,1.0059441528352415,1.235261004562522,0.0,False
2023091000,3886,52272,Dee Alford,CB,3.214557343616026,1.0059441528352415,1.235261004562522,0.0,False
2023091000,3886,52542,Jaylinn Hawkins,FS,6.245778287690644,1.0059441528352415,1.235261004562522,0.0,False
2023091000,3886,48027,Kaden Elliss,ILB,2.2412051573977636,1.0059441528352415,1.235261004562522,0.5980758423906902,True
2023091000,3886,53469,Richie Grant,SS,2.839280999788454,1.0059441528352415,1.235261004562522,0.0,False
2023091000,3886,46215,Tre Flowers,CB,4.804332724634193,1.0059441528352415,1.235261004562522,0.0,False
2023091000,3886,54523,Troy Andersen,ILB,3.238367955081662,1.0059441528352415,1.235261004562522,0.0,False
2023091000,3916,52424,A.J. Terrell,CB,9.685626660229676,1.081531478430872,1.0694084752655038,0.0,False
2023091000,3916,52272,Dee Alford,CB,5.460416786870422,1.081531478430872,1.0694084752655038,0.0,False
2023091000,3916,52542,Jaylinn Hawkins,FS,2.7569829100951337,1.081531478430872,1.0694084752655038,0.0,False
2023091000,3916,48027,Kaden Elliss,ILB,7.463960198727788,1.081531478430872,1.0694084752655038,0.0,False
2023091000,3916,53469,Richie Grant,SS,5.224174640416556,1.081531478430872,1.0694084752655038,0.0,False
2023091000,3916,46215,Tre Flowers,CB,2.691269917845587,1.081531478430872,1.0694084752655038,0.0,False
2023091000,3916,54523,Troy Andersen,ILB,2.150939953696376,1.081531478430872,1.0694084752655038,0.540329964149211,True
2023091000,4107,52424,A.J. Terrell,CB,6.936863960288203,0.8271436633611369,0.26920157757311736,0.0,False
2023091000,4107,52272,Dee Alford,CB,5.307913252574032,0.8271436633611369,0.26920157757311736,0.0,False
2023091000,4107,46123,Jessie Bates,SS,7.132423098297671,0.8271436633611369,0.26920157757311736,0.0,False
2023091000,4107,48027,Kaden Elliss,ILB,1.0963452409342542,0.8271436633611369,0.26920157757311736,1.14135776908459,True
2023091000,4107,53469,Richie Grant,SS,4.2437843782855635,0.8271436633611369,0.26920157757311736,0.0,False
2023091000,4107,46215,Tre Flowers,CB,2.4955220592379064,0.8271436633611369,0.26920157757311736,0.0,False
2023091000,4107,54523,Troy Andersen,ILB,2.237703010018844,0.8271436633611369,0.26920157757311736,0.0,False
2023091000,4155,52424,A.J. Terrell,CB,3.4290572299129396,1.0416310817009673,0.22372314503046398,0.0,False
2023091000,4155,52272,Dee Alford,CB,1.5368734202954943,1.0416310817009673,0.22372314503046398,0.0,False
2023091000,4155,46123,Jessie Bates,SS,4.439769304616164,1.0416310817009673,0.22372314503046398,0.0,False
2023091000,4155,53469,Richie Grant,SS,1.9254366382645305,1.0416310817009673,0.22372314503046398,0.0,False
2023091000,4155,46215,Tre Flowers,CB,1.2653542267314313,1.0416310817009673,0.22372314503046398,0.27151919356406307,True
2023091000,4155,54523,Troy Andersen,ILB,3.7434877400633964,1.0416310817009673,0.22372314503046398,0.0,False
2023091001,166,54540,Christian Harris,OLB,3.526202211682031,0.6658996026962254,1.4960324836165322,0.0,False
2023091001,166,42391,Denzel Perryman,ILB,2.976789412798761,0.6658996026962254,1.4960324836165322,0.0,False
2023091001,166,54468,Derek Stingley Jr.,CB,2.6189193285069594,0.6658996026962254,1.4960324836165322,0.0,False
2023091001,166,43395,Eric Murray,SS,5.734338527976588,0.6658996026962254,1.4960324836165322,0.0,False
2023091001,166,54502,Jalen Pitre,FS,4.361746750051984,0.6658996026962254,1.4960324836165322,0.0,False
2023091001,166,42441,Steven Nelson,CB,4.177665490654699,0.6658996026962254,1.4960324836165322,0.0,False
2023091001,166,46672,Tavierre Thomas,FS,2.1619320863127576,0.6658996026962254,1.4960324836165322,0.45698724219420184,True
2023091001,284,53819,Ar'Darius Washington,FS,5.7678885175011985,1.0662314866272316,1.505150279313146,0.0,False
2023091001,284,53533,Brandon Stephens,CB,7.076719437358791,1.0662314866272316,1.505150279313146,0.0,False
2023091001,284,52627,Geno Stone,FS,3.6279551723256342,1.0662314866272316,1.505150279313146,0.0,False
2023091001,284,44854,Marcus Williams,FS,3.4530476614933128,1.0662314866272316,1.505150279313146,0.0,False
2023091001,284,43694,Michael Pierce,NT,4.394031581335181,1.0662314866272316,1.505150279313146,0.0,False
2023091001,284,52436,Patrick Queen,ILB,5.043174301813191,1.0662314866272316,1.505150279313146,0.0,False
2023091001,284,42393,Ronald Darby,CB,2.5713817659403775,1.0662314866272316,1.505150279313146,0.8816658955529353,True
2023091001,407,54540,Christian Harris,OLB,4.222718509815595,1.1769433287816289,0.19061412006473377,0.0,False
2023091001,407,42391,Denzel Perryman,ILB,4.178883516075661,1.1769433287816289,0.19061412006473377,0.0,False
2023091001,407,54468,Derek Stingley Jr.,CB,2.5494615359442587,1.1769433287816289,0.19061412006473377,0.0,False
2023091001,407,43395,Eric Murray,SS,5.831605232297243,1.1769433287816289,0.19061412006473377,0.0,False
2023091001,407,56032,Henry To'oTo'o,OLB,2.006557579804076,1.1769433287816289,0.19061412006473377,0.0,False
2023091001,407,54502,Jalen Pitre,FS,1.3675574488463627,1.1769433287816289,0.19061412006473377,0.6390001309577131,True
2023091001,407,42441,Steven Nelson,CB,5.102891673124439,1.1769433287816289,0.19061412006473377,0.0,False
2023091001,532,54468,Derek Stingley Jr.,CB,3.140220762510601,1.0115805298991714,0.05826920129951829,0.0,False
2023091001,532,43395,Eric Murray,SS,5.174439406487002,1.0115805298991714,0.05826920129951829,0.0,False
2023091001,532,54502,Jalen Pitre,FS,3.046024911107642,1.0115805298991714,0.05826920129951829,0.0,False
2023091001,532,44902,Shaquill Griffin,CB,3.2565168125260255,1.0115805298991714,0.05826920129951829,0.0,False
2023091001,532,42441,Steven Nelson,CB,1.0698497311986896,1.0115805298991714,0.05826920129951829,1.9761751799089524,True
2023091001,559,53533,Brandon Stephens,CB,8.4238676472336,1.719986401763958,0.09315055515273674,0.0,False
2023091001,559,52627,Geno Stone,FS,3.830222725762481,1.719986401763958,0.09315055515273674,0.0,False
2023091001,559,54479,Kyle Hamilton,SS,1.8131369569166946,1.719986401763958,0.09315055515273674,1.6370692443742023,True
2023091001,559,44854,Marcus Williams,FS,6.488534370381134,1.719986401763958,0.09315055515273674,0.0,False
2023091001,559,52436,Patrick Queen,ILB,3.450206201290897,1.719986401763958,0.09315055515273674,0.0,False
2023091001,559,42393,Ronald Darby,CB,6.866480580220067,1.719986401763958,0.09315055515273674,0.0,False
2023091001,559,46077,Roquan Smith,MLB,6.286759739043542,1.719986401763958,0.09315055515273674,0.0,False
2023091001,893,43797,Cory Littleton,OLB,6.26420995380895,1.7154624193199974,0.7031187615472745,0.0,False
2023091001,893,42391,Denzel Perryman,ILB,4.729829290036027,1.7154624193199974,0.7031187615472745,0.0,False
2023091001,893,54468,Derek Stingley Jr.,CB,9.208401471441434,1.7154624193199974,0.7031187615472745,0.0,False
2023091001,893,43395,Eric Murray,SS,7.46105822817467,1.7154624193199974,0.7031187615472745,0.0,False
2023091001,893,54502,Jalen Pitre,FS,2.418581180867272,1.7154624193199974,0.7031187615472745,0.24374390337753704,True
2023091001,893,42441,Steven Nelson,CB,2.662325084244809,1.7154624193199974,0.7031187615472745,0.0,False
2023091001,893,46672,Tavierre Thomas,FS,3.1878763326162516,1.7154624193199974,0.7031187615472745,0.0,False
2023091001,1042,53533,Brandon Stephens,CB,2.4057722466051303,0.7793233357222444,0.5294038721276222,0.0,False
2023091001,1042,52627,Geno Stone,FS,2.1460348071851723,0.7793233357222444,0.5294038721276222,0.0,False
2023091001,1042,54479,Kyle Hamilton,SS,2.3449791980048524,0.7793233357222444,0.5294038721276222,0.0,False
2023091001,1042,44854,Marcus Williams,FS,1.3087272078498666,0.7793233357222444,0.5294038721276222,0.8373075993353056,True
2023091001,1042,52436,Patrick Queen,ILB,5.2898910655574065,0.7793233357222444,0.5294038721276222,0.0,False
2023091001,1042,42393,Ronald Darby,CB,5.027582340717958,0.7793233357222444,0.5294038721276222,0.0,False
2023091001,1042,46077,Roquan Smith,MLB,2.5177342057001364,0.7793233357222444,0.5294038721276222,0.0,False
2023091001,1065,53819,Ar'Darius Washington,FS,3.8780884539170963,0.8071948902406865,2.619330135968555,0.0,False
2023091001,1065,53533,Brandon Stephens,CB,5.139081042075312,0.8071948902406865,2.619330135968555,0.0,False
2023091001,1065,54479,Kyle Hamilton,SS,6.884935808029728,0.8071948902406865,2.619330135968555,0.0,False
2023091001,1065,44854,Marcus Williams,FS,5.938755812546155,0.8071948902406865,2.619330135968555,0.0,False
2023091001,1065,52436,Patrick Queen,ILB,4.944683826341627,0.8071948902406865,2.619330135968555,0.0,False
2023091001,1065,42393,Ronald Darby,CB,4.772198208964408,0.8071948902406865,2.619330135968555,0.0,False
2023091001,1065,46077,Roquan Smith,MLB,3.4265250262092413,0.8071948902406865,2.619330135968555,0.45156342770785507,True
2023091001,1232,54540,Christian Harris,OLB,5.63110734756136,0.9591773560180532,1.7728566834263813,0.0,False
2023091001,1232,42391,Denzel Perryman,ILB,4.4945866451318555,0.9591773560180532,1.7728566834263813,0.0,False
2023091001,1232,54468,Derek Stingley Jr.,CB,6.638025411358989,0.9591773560180532,1.7728566834263813,0.0,False
2023091001,1232,43395,Eric Murray,SS,4.574164574511996,0.9591773560180532,1.7728566834263813,0.0,False
2023091001,1232,54502,Jalen Pitre,FS,7.844751654443775,0.9591773560180532,1.7728566834263813,0.0,False
2023091001,1232,42441,Steven Nelson,CB,2.898909423465757,0.9591773560180532,1.7728566834263813,0.0,False
2023091001,1232,46672,Tavierre Thomas,FS,2.7320340394444345,0.9591773560180532,1.7728566834263813,0.1668753840213224,True
2023091001,1368,53533,Brandon Stephens,CB,3.9700415899763963,1.1345504066412202,0.24772840551047426,0.0,False
2023091001,1368,54479,Kyle Hamilton,SS,2.6674270960845523,1.1345504066412202,0.24772840551047426,0.0,False
2023091001,1368,52506,Malik Harrison,ILB,1.433077044616373,1.1345504066412202,0.24772840551047426,0.0,False
2023091001,1368,44854,Marcus Williams,FS,1.8933594872943327,1.1345504066412202,0.24772840551047426,0.0,False
2023091001,1368,52436,Patrick Queen,ILB,4.995745400653352,1.1345504066412202,0.24772840551047426,0.0,False
2023091001,1368,42393,Ronald Darby,CB,1.3822788121516945,1.1345504066412202,0.24772840551047426,0.05079823246467852,True
2023091001,1368,46077,Roquan Smith,MLB,2.984144702300271,1.1345504066412202,0.24772840551047426,0.0,False
2023091001,1438,53819,Ar'Darius Washington,FS,2.1903993118136382,0.9381069425462245,0.49334523142306264,0.0,False
2023091001,1438,53533,Brandon Stephens,CB,4.695496098552095,0.9381069425462245,0.49334523142306264,0.0,False
2023091001,1438,54479,Kyle Hamilton,SS,5.242742719289279,0.9381069425462245,0.49334523142306264,0.0,False
2023091001,1438,44854,Marcus Williams,FS,4.136037481453217,0.9381069425462245,0.49334523142306264,0.0,False
2023091001,1438,52436,Patrick Queen,ILB,7.0084181592827655,0.9381069425462245,0.49334523142306264,0.0,False
2023091001,1438,42393,Ronald Darby,CB,4.9157400474598525,0.9381069425462245,0.49334523142306264,0.0,False
2023091001,1438,46077,Roquan Smith,MLB,1.4314521739692871,0.9381069425462245,0.49334523142306264,0.7589471378443511,True
2023091001,1470,53533,Brandon Stephens,CB,3.8558336918020943,1.179722044750284,0.9292546672569209,0.0,False
2023091001,1470,54479,Kyle Hamilton,SS,5.152428359252457,1.179722044750284,0.9292546672569209,0.0,False
2023091001,1470,44854,Marcus Williams,FS,2.108976712007205,1.179722044750284,0.9292546672569209,0.18321419951348927,True
2023091001,1470,52436,Patrick Queen,ILB,6.356488543085326,1.179722044750284,0.9292546672569209,0.0,False
2023091001,1470,42393,Ronald Darby,CB,5.477947860837659,1.179722044750284,0.9292546672569209,0.0,False
2023091001,1470,46077,Roquan Smith,MLB,2.292190911520694,1.179722044750284,0.9292546672569209,0.0,False
2023091001,1517,53819,Ar'Darius Washington,FS,3.3360545434222457,1.214051640359096,0.6357030005750817,0.0,False
2023091001,1517,53533,Brandon Stephens,CB,5.862682121874449,1.214051640359096,0.6357030005750817,0.0,False
2023091001,1517,54479,Kyle Hamilton,SS,5.454330516668174,1.214051640359096,0.6357030005750817,0.0,False
2023091001,1517,44854,Marcus Williams,FS,3.481540400193617,1.214051640359096,0.6357030005750817,0.0,False
2023091001,1517,53460,Odafe Oweh,OLB,3.351341001149774,1.214051640359096,0.6357030005750817,0.0,False
2023091001,1517,52436,Patrick Queen,ILB,1.8497546409341776,1.214051640359096,0.6357030005750817,0.6299182956497891,True
2023091001,1517,42393,Ronald Darby,CB,2.4796729365839667,1.214051640359096,0.6357030005750817,0.0,False
2023091001,1549,53819,Ar'Darius Washington,FS,7.043652254856706,0.5467570164035681,0.7231969344902182,0.0,False
2023091001,1549,53533,Brandon Stephens,CB,8.160497378384171,0.5467570164035681,0.7231969344902182,0.0,False
2023091001,1549,54479,Kyle Hamilton,SS,3.430847485780592,0.5467570164035681,0.7231969344902182,0.0,False
2023091001,1549,44854,Marcus Williams,FS,4.221849970664757,0.5467570164035681,0.7231969344902182,0.0,False
2023091001,1549,52436,Patrick Queen,ILB,5.661561016134159,0.5467570164035681,0.7231969344902182,0.0,False
2023091001,1549,42393,Ronald Darby,CB,1.2699539508937863,0.5467570164035681,0.7231969344902182,2.1608935348868057,True
2023091001,1574,53533,Brandon Stephens,CB,3.5473178247382453,1.001227430842398,0.16044762500631649,0.0,False
2023091001,1574,54479,Kyle Hamilton,SS,1.699317707257555,1.001227430842398,0.16044762500631649,0.0,False
2023091001,1574,52506,Malik Harrison,ILB,3.712521059372866,1.001227430842398,0.16044762500631649,0.0,False
2023091001,1574,44854,Marcus Williams,FS,2.4930275695532105,1.001227430842398,0.16044762500631649,0.0,False
2023091001,1574,52436,Patrick Queen,ILB,1.1616750558487146,1.001227430842398,0.16044762500631649,0.5376426514088404,True
2023091001,1574,42393,Ronald Darby,CB,2.2281389702040775,1.001227430842398,0.16044762500631649,0.0,False
2023091001,1574,46077,Roquan Smith,MLB,1.961864702935645,1.001227430842398,0.16044762500631649,0.0,False
2023091001,1797,54468,Derek Stingley Jr.,CB,1.6365553799724022,1.8335455907670122,-0.19699021079461,3.8983527889431837,True
2023091001,1797,43395,Eric Murray,SS,7.0411193553401255,1.8335455907670122,-0.19699021079461,0.0,False
2023091001,1797,42441,Steven Nelson,CB,8.953124718119666,1.8335455907670122,-0.19699021079461,0.0,False
2023091001,1797,46672,Tavierre Thomas,FS,5.534908168915586,1.8335455907670122,-0.19699021079461,0.0,False
2023091001,1948,53819,Ar'Darius Washington,FS,8.524696928589618,0.4988237293898211,0.1229768259739965,0.0,False
2023091001,1948,53533,Brandon Stephens,CB,3.06579637212015,0.4988237293898211,0.1229768259739965,0.0,False
2023091001,1948,52627,Geno Stone,FS,4.095501426356528,0.4988237293898211,0.1229768259739965,0.0,False
2023091001,1948,54479,Kyle Hamilton,SS,4.336579701293362,0.4988237293898211,0.1229768259739965,0.0,False
2023091001,1948,52436,Patrick Queen,ILB,6.506660301720294,0.4988237293898211,0.1229768259739965,0.0,False
2023091001,1948,42393,Ronald Darby,CB,0.6218005553638176,0.4988237293898211,0.1229768259739965,2.443995816756332,True
2023091001,1948,46077,Roquan Smith,MLB,6.804265633038787,0.4988237293898211,0.1229768259739965,0.0,False
2023091001,1980,53819,Ar'Darius Washington,FS,2.9497620244579554,0.6570721635714427,0.9281332628724317,0.0,False
2023091001,1980,53533,Brandon Stephens,CB,1.5852054264438744,0.6570721635714427,0.9281332628724317,1.3645565980140808,True
2023091001,1980,52627,Geno Stone,FS,6.842633027652423,0.6570721635714427,0.9281332628724317,0.0,False
2023091001,1980,42393,Ronald Darby,CB,9.335922579695966,0.6570721635714427,0.9281332628724317,0.0,False
2023091001,1980,46077,Roquan Smith,MLB,5.80916877427129,0.6570721635714427,0.9281332628724317,0.0,False
2023091001,2033,53819,Ar'Darius Washington,FS,6.860553227131635,0.8843003785604406,1.6854808368898204,0.0,False
2023091001,2033,53533,Brandon Stephens,CB,5.035161470711028,0.8843003785604406,1.6854808368898204,0.0,False
2023091001,2033,54510,David Ojabo,OLB,5.8239322085315,0.8843003785604406,1.6854808368898204,0.0,False
2023091001,2033,52627,Geno Stone,FS,2.569781215450261,0.8843003785604406,1.6854808368898204,0.8249349484864459,True
2023091001,2033,54479,Kyle Hamilton,SS,7.401583969938622,0.8843003785604406,1.6854808368898204,0.0,False
2023091001,2033,42393,Ronald Darby,CB,7.955014995170187,0.8843003785604406,1.6854808368898204,0.0,False
2023091001,2033,46077,Roquan Smith,MLB,3.394716163936707,0.8843003785604406,1.6854808368898204,0.0,False
2023091001,2151,53819,Ar'Darius Washington,FS,1.6714586232127155,0.5788037887660618,0.7196867523817894,0.0,False
2023091001,2151,53533,Brandon Stephens,CB,1.7135275151195102,0.5788037887660618,0.7196867523817894,0.0,False
2023091001,2151,43366,Daryl Worley,FS,3.8030982635459885,0.5788037887660618,0.7196867523817894,0.0,False
2023091001,2151,52627,Geno Stone,FS,5.642496830883207,0.5788037887660618,0.7196867523817894,0.0,False
2023091001,2151,54479,Kyle Hamilton,SS,4.109126518727437,0.5788037887660618,0.7196867523817894,0.0,False
2023091001,2151,52436,Patrick Queen,ILB,4.2689842839249525,0.5788037887660618,0.7196867523817894,0.0,False
2023091001,2151,42393,Ronald Darby,CB,1.2984905411478511,0.5788037887660618,0.7196867523817894,0.3729680820648644,True
2023091001,2151,46077,Roquan Smith,MLB,4.480141605428562,0.5788037887660618,0.7196867523817894,0.0,False
2023091001,2351,54540,Christian Harris,OLB,2.974579530876687,1.6695234597940989,0.48722936721655974,0.0,False
2023091001,2351,42391,Denzel Perryman,ILB,5.054854985091043,1.6695234597940989,0.48722936721655974,0.0,False
2023091001,2351,54468,Derek Stingley Jr.,CB,2.1567528270106586,1.6695234597940989,0.48722936721655974,0.012420161819377551,True
2023091001,2351,43395,Eric Murray,SS,5.188487123909778,1.6695234597940989,0.48722936721655974,0.0,False
2023091001,2351,46122,M.J. Stewart,FS,2.169172988830036,1.6695234597940989,0.48722936721655974,0.0,False
2023091001,2351,42441,Steven Nelson,CB,5.79154005040821,1.6695234597940989,0.48722936721655974,0.0,False
2023091001,2351,46672,Tavierre Thomas,FS,8.710350154333973,1.6695234597940989,0.48722936721655974,0.0,False
2023091001,2432,54468,Derek Stingley Jr.,CB,7.8103354828169556,1.1725601654508984,0.3967282376213015,0.0,False
2023091001,2432,43395,Eric Murray,SS,2.493246124981741,1.1725601654508984,0.3967282376213015,0.0,False
2023091001,2432,46122,M.J. Stewart,FS,6.516522685011161,1.1725601654508984,0.3967282376213015,0.0,False
2023091001,2432,44902,Shaquill Griffin,CB,2.4332136361486594,1.1725601654508984,0.3967282376213015,0.0,False
2023091001,2432,42441,Steven Nelson,CB,1.5692884030721999,1.1725601654508984,0.3967282376213015,0.8639252330764595,True
2023091001,2469,54540,Christian Harris,OLB,1.61485103334832,1.1820016089869918,0.4328494243613281,0.19350259064726183,True
2023091001,2469,42391,Denzel Perryman,ILB,1.8083536239955817,1.1820016089869918,0.4328494243613281,0.0,False
2023091001,2469,54468,Derek Stingley Jr.,CB,4.583163216891261,1.1820016089869918,0.4328494243613281,0.0,False
2023091001,2469,43395,Eric Murray,SS,3.8923982757115185,1.1820016089869918,0.4328494243613281,0.0,False
2023091001,2469,46122,M.J. Stewart,FS,3.45839123342518,1.1820016089869918,0.4328494243613281,0.0,False
2023091001,2469,42441,Steven Nelson,CB,4.495596009327058,1.1820016089869918,0.4328494243613281,0.0,False
2023091001,2523,54540,Christian Harris,OLB,1.927014007427523,0.86133627768532,0.48616169712301094,0.0,False
2023091001,2523,42391,Denzel Perryman,ILB,2.8038193133476934,0.86133627768532,0.48616169712301094,0.0,False
2023091001,2523,54468,Derek Stingley Jr.,CB,1.7800740180410985,0.86133627768532,0.48616169712301094,0.0,False
2023091001,2523,43395,Eric Murray,SS,7.206805961657465,0.86133627768532,0.48616169712301094,0.0,False
2023091001,2523,46122,M.J. Stewart,FS,1.347497974808331,0.86133627768532,0.48616169712301094,0.43257604323276766,True
2023091001,2523,42441,Steven Nelson,CB,4.206805398905757,0.86133627768532,0.48616169712301094,0.0,False
2023091001,2523,46672,Tavierre Thomas,FS,5.26617542343226,0.86133627768532,0.48616169712301094,0.0,False
2023091001,2759,53819,Ar'Darius Washington,FS,3.4028157899892015,0.9930091771794911,0.39188119998971405,0.0,False
2023091001,2759,53533,Brandon Stephens,CB,6.716833326918031,0.9930091771794911,0.39188119998971405,0.0,False
2023091001,2759,52627,Geno Stone,FS,5.135449690470322,0.9930091771794911,0.39188119998971405,0.0,False
2023091001,2759,54479,Kyle Hamilton,SS,2.043395837641863,0.9930091771794911,0.39188119998971405,0.0,False
2023091001,2759,52436,Patrick Queen,ILB,1.981370088920664,0.9930091771794911,0.39188119998971405,0.0,False
2023091001,2759,42393,Ronald Darby,CB,1.3848903771692052,0.9930091771794911,0.39188119998971405,0.5964797117514589,True
2023091001,2759,46077,Roquan Smith,MLB,2.212710065332598,0.9930091771794911,0.39188119998971405,0.0,False
2023091001,3086,53819,Ar'Darius Washington,FS,1.1633585644887319,1.0165630658517633,0.1467954986369686,0.15569625356514516,True
2023091001,3086,53533,Brandon Stephens,CB,4.3635263404560725,1.0165630658517633,0.1467954986369686,0.0,False
2023091001,3086,54510,David Ojabo,OLB,1.319054818053877,1.0165630658517633,0.1467954986369686,0.0,False
2023091001,3086,52627,Geno Stone,FS,2.382966004400566,1.0165630658517633,0.1467954986369686,0.0,False
2023091001,3086,54479,Kyle Hamilton,SS,3.336899689156095,1.0165630658517633,0.1467954986369686,0.0,False
2023091001,3086,52436,Patrick Queen,ILB,3.685097874279802,1.0165630658517633,0.1467954986369686,0.0,False
2023091001,3086,42393,Ronald Darby,CB,3.0823855049576356,1.0165630658517633,0.1467954986369686,0.0,False
2023091001,3086,46077,Roquan Smith,MLB,1.8735167001743407,1.0165630658517633,0.1467954986369686,0.0,False
2023091001,3111,53819,Ar'Darius Washington,FS,7.259016896795805,1.1224854023878337,1.5751585002045536,0.0,False
2023091001,3111,53533,Brandon Stephens,CB,2.9273557769851566,1.1224854023878337,1.5751585002045536,0.0,False
2023091001,3111,52627,Geno Stone,FS,6.570861202060433,1.1224854023878337,1.5751585002045536,0.0,False
2023091001,3111,52436,Patrick Queen,ILB,2.6976439025923873,1.1224854023878337,1.5751585002045536,0.2297118743927693,True
2023091001,3111,42393,Ronald Darby,CB,9.323128590808938,1.1224854023878337,1.5751585002045536,0.0,False
2023091001,3111,46077,Roquan Smith,MLB,5.251941370670982,1.1224854023878337,1.5751585002045536,0.0,False
2023091001,3216,53533,Brandon Stephens,CB,3.1382823838999756,1.595920714698379,0.2192535910112543,0.0,False
2023091001,3216,52627,Geno Stone,FS,2.258864427918103,1.595920714698379,0.2192535910112543,0.0,False
2023091001,3216,54479,Kyle Hamilton,SS,2.233134193335136,1.595920714698379,0.2192535910112543,0.0,False
2023091001,3216,53460,Odafe Oweh,OLB,3.5668239161097657,1.595920714698379,0.2192535910112543,0.0,False
2023091001,3216,52436,Patrick Queen,ILB,1.8151743057096332,1.595920714698379,0.2192535910112543,0.41795988762550285,True
2023091001,3216,42393,Ronald Darby,CB,3.2373977319380995,1.595920714698379,0.2192535910112543,0.0,False
2023091001,3257,43797,Cory Littleton,OLB,5.4950758130435435,1.099356661778774,-0.42765285462643354,0.0,False
2023091001,3257,42391,Denzel Perryman,ILB,0.6717038071523405,1.099356661778774,-0.42765285462643354,1.9149812500625538,True
2023091001,3257,54468,Derek Stingley Jr.,CB,2.5866850572148943,1.099356661778774,-0.42765285462643354,0.0,False
2023091001,3257,43395,Eric Murray,SS,4.239574170769066,1.099356661778774,-0.42765285462643354,0.0,False
2023091001,3257,46122,M.J. Stewart,FS,3.0042475248662344,1.099356661778774,-0.42765285462643354,0.0,False
2023091001,3257,42441,Steven Nelson,CB,4.20283055334523,1.099356661778774,-0.42765285462643354,0.0,False
2023091001,3257,46672,Tavierre Thomas,FS,3.004364731511682,1.099356661778774,-0.42765285462643354,0.0,False
2023091001,3302,43797,Cory Littleton,OLB,2.7486768580102106,1.1848380485127301,0.6156760250199025,0.0,False
2023091001,3302,42391,Denzel Perryman,ILB,5.761361049758383,1.1848380485127301,0.6156760250199025,0.0,False
2023091001,3302,54468,Derek Stingley Jr.,CB,8.900523341951505,1.1848380485127301,0.6156760250199025,0.0,False
2023091001,3302,43395,Eric Murray,SS,4.523286912442134,1.1848380485127301,0.6156760250199025,0.0,False
2023091001,3302,46122,M.J. Stewart,FS,6.849742636649853,1.1848380485127301,0.6156760250199025,0.0,False
2023091001,3302,42441,Steven Nelson,CB,1.8005140735326326,1.1848380485127301,0.6156760250199025,0.948162784477578,True
2023091001,3302,46672,Tavierre Thomas,FS,6.4122810425106795,1.1848380485127301,0.6156760250199025,0.0,False
2023091001,3383,53533,Brandon Stephens,CB,7.977369489306256,1.050500462433221,0.9048851565785365,0.0,False
2023091001,3383,52627,Geno Stone,FS,6.772666037757024,1.050500462433221,0.9048851565785365,0.0,False
2023091001,3383,54479,Kyle Hamilton,SS,5.3962483958015,1.050500462433221,0.9048851565785365,0.0,False
2023091001,3383,52506,Malik Harrison,ILB,6.648783868812651,1.050500462433221,0.9048851565785365,0.0,False
2023091001,3383,52436,Patrick Queen,ILB,1.9553856190117576,1.050500462433221,0.9048851565785365,1.6440005904540875,True
2023091001,3383,42393,Ronald Darby,CB,3.708991238216584,1.050500462433221,0.9048851565785365,0.0,False
2023091001,3383,46077,Roquan Smith,MLB,3.599386209465845,1.050500462433221,0.9048851565785365,0.0,False
2023091001,3514,53819,Ar'Darius Washington,FS,1.0562901030637766,1.1388769416578886,-0.08258683859411198,0.22022401165548766,True
2023091001,3514,53533,Brandon Stephens,CB,2.3008451995411656,1.1388769416578886,-0.08258683859411198,0.0,False
2023091001,3514,52627,Geno Stone,FS,1.446113823488197,1.1388769416578886,-0.08258683859411198,0.0,False
2023091001,3514,54479,Kyle Hamilton,SS,5.3799333043850375,1.1388769416578886,-0.08258683859411198,0.0,False
2023091001,3514,52436,Patrick Queen,ILB,6.078600139475012,1.1388769416578886,-0.08258683859411198,0.0,False
2023091001,3514,42393,Ronald Darby,CB,7.1294797094634506,1.1388769416578886,-0.08258683859411198,0.0,False
2023091001,3514,46077,Roquan Smith,MLB,1.2765141147192642,1.1388769416578886,-0.08258683859411198,0.0,False
2023091001,3879,53819,Ar'Darius Washington,FS,2.82638609855696,2.208367324236869,0.0595818781680304,0.0,False
2023091001,3879,53533,Brandon Stephens,CB,2.2679492024048993,2.208367324236869,0.0595818781680304,0.5584368961520609,True
2023091001,3879,54510,David Ojabo,OLB,4.117214963307778,2.208367324236869,0.0595818781680304,0.0,False
2023091001,3879,52627,Geno Stone,FS,5.2709618556614934,2.208367324236869,0.0595818781680304,0.0,False
2023091001,3879,54479,Kyle Hamilton,SS,9.30923248089138,2.208367324236869,0.0595818781680304,0.0,False
2023091001,3879,42393,Ronald Darby,CB,9.848978047056024,2.208367324236869,0.0595818781680304,0.0,False
2023091001,3879,46077,Roquan Smith,MLB,6.025808846396661,2.208367324236869,0.0595818781680304,0.0,False
2023091001,3902,53819,Ar'Darius Washington,FS,3.5714709782870346,1.051245861259347,0.2719910925160174,0.0,False
2023091001,3902,53533,Brandon Stephens,CB,4.104710317731425,1.051245861259347,0.2719910925160174,0.0,False
2023091001,3902,52627,Geno Stone,FS,3.1193027663607027,1.051245861259347,0.2719910925160174,0.0,False
2023091001,3902,54479,Kyle Hamilton,SS,1.78098253182159,1.051245861259347,0.2719910925160174,0.0,False
2023091001,3902,52436,Patrick Queen,ILB,3.19684796264328,1.051245861259347,0.2719910925160174,0.0,False
2023091001,3902,42393,Ronald Darby,CB,1.3232369537753643,1.051245861259347,0.2719910925160174,0.4577455780462256,True
2023091001,4018,42391,Denzel Perryman,ILB,6.921635581484639,2.2427434155010637,0.21860774505379021,0.0,False
2023091001,4018,54468,Derek Stingley Jr.,CB,8.335998365800771,2.2427434155010637,0.21860774505379021,0.0,False
2023091001,4018,43395,Eric Murray,SS,8.12287659627389,2.2427434155010637,0.21860774505379021,0.0,False
2023091001,4018,52897,Grayland Arnold,FS,2.8632376431504585,2.2427434155010637,0.21860774505379021,0.0,False
2023091001,4018,46122,M.J. Stewart,FS,4.524235957474459,2.2427434155010637,0.21860774505379021,0.0,False
2023091001,4018,44902,Shaquill Griffin,CB,2.461351160554854,2.2427434155010637,0.21860774505379021,0.40188648259560456,True
2023091001,4018,42441,Steven Nelson,CB,8.820492707352676,2.2427434155010637,0.21860774505379021,0.0,False
2023091001,4191,53819,Ar'Darius Washington,FS,2.2123714977445688,0.884606957326806,1.3277645404177627,0.3490743276839985,True
2023091001,4191,53533,Brandon Stephens,CB,2.5614458254285672,0.884606957326806,1.3277645404177627,0.0,False
2023091001,4191,52627,Geno Stone,FS,5.342135822812543,0.884606957326806,1.3277645404177627,0.0,False
2023091001,4191,54479,Kyle Hamilton,SS,6.951560974836213,0.884606957326806,1.3277645404177627,0.0,False
2023091001,4191,52436,Patrick Queen,ILB,6.6314135156757485,0.884606957326806,1.3277645404177627,0.0,False
2023091001,4191,42393,Ronald Darby,CB,5.020401006969494,0.884606957326806,1.3277645404177627,0.0,False
2023091001,4191,46077,Roquan Smith,MLB,4.3456806030150865,0.884606957326806,1.3277645404177627,0.0,False
2023091001,4216,53819,Ar'Darius Washington,FS,5.134170933440239,1.3596054302536515,0.14044430593336488,0.0,False
2023091001,4216,53533,Brandon Stephens,CB,4.640184850352905,1.3596054302536515,0.14044430593336488,0.0,False
2023091001,4216,52627,Geno Stone,FS,1.5336856520703546,1.3596054302536515,0.14044430593336488,0.0,False
2023091001,4216,54479,Kyle Hamilton,SS,3.6114931921520688,1.3596054302536515,0.14044430593336488,0.0,False
2023091001,4216,42393,Ronald Darby,CB,1.5000497361870164,1.3596054302536515,0.14044430593336488,0.03363591588333814,True
2023091001,4216,46077,Roquan Smith,MLB,2.4415029671232915,1.3596054302536515,0.14044430593336488,0.0,False
2023091001,4239,53819,Ar'Darius Washington,FS,7.527800575459544,0.5453149043237122,-0.007756752281396717,0.0,False
2023091001,4239,53533,Brandon Stephens,CB,0.5375581520423155,0.5453149043237122,-0.007756752281396717,2.4501406458562043,True
2023091001,4239,52627,Geno Stone,FS,2.9876987978985197,0.5453149043237122,-0.007756752281396717,0.0,False
2023091001,4239,54479,Kyle Hamilton,SS,7.3209968555156655,0.5453149043237122,-0.007756752281396717,0.0,False
2023091001,4239,52436,Patrick Queen,ILB,3.2035565656587592,0.5453149043237122,-0.007756752281396717,0.0,False
2023091001,4239,42393,Ronald Darby,CB,9.140124781815626,0.5453149043237122,-0.007756752281396717,0.0,False
2023091001,4239,46077,Roquan Smith,MLB,4.403533189179261,0.5453149043237122,-0.007756752281396717,0.0,False
2023091001,4322,53819,Ar'Darius Washington,FS,1.2767702802106713,1.0657378146381746,0.05060559779707274,0.0,False
2023091001,4322,53533,Brandon Stephens,CB,5.8030683177588775,1.0657378146381746,0.05060559779707274,0.0,False
2023091001,4322,52627,Geno Stone,FS,5.015363265485478,1.0657378146381746,0.05060559779707274,0.0,False
2023091001,4322,54479,Kyle Hamilton,SS,3.5711132681305786,1.0657378146381746,0.05060559779707274,0.0,False
2023091001,4322,52436,Patrick Queen,ILB,5.306398398341391,1.0657378146381746,0.05060559779707274,0.0,False
2023091001,4322,42393,Ronald Darby,CB,1.1163434124352474,1.0657378146381746,0.05060559779707274,0.16042686777542392,True
2023091001,4322,46077,Roquan Smith,MLB,4.100341892866998,1.0657378146381746,0.05060559779707274,0.0,False
2023091001,4392,53819,Ar'Darius Washington,FS,4.746804331831772,1.8765453326730854,0.30572289022790744,0.0,False
2023091001,4392,53533,Brandon Stephens,CB,2.182268222900993,1.8765453326730854,0.30572289022790744,1.741767370722162,True
2023091001,4392,54479,Kyle Hamilton,SS,6.188787418775628,1.8765453326730854,0.30572289022790744,0.0,False
2023091001,4392,47817,Rock Ya-Sin,CB,3.924035593623155,1.8765453326730854,0.30572289022790744,0.0,False
2023091001,4564,53819,Ar'Darius Washington,FS,1.1159216713342348,0.8728505356930418,0.24307113564119298,0.9824836413258644,True
2023091001,4564,53533,Brandon Stephens,CB,2.5520848735258324,0.8728505356930418,0.24307113564119298,0.0,False
2023091001,4564,52627,Geno Stone,FS,3.1727628634244094,0.8728505356930418,0.24307113564119298,0.0,False
2023091001,4564,54479,Kyle Hamilton,SS,6.3216619731250745,0.8728505356930418,0.24307113564119298,0.0,False
2023091001,4564,52436,Patrick Queen,ILB,3.7716815385760194,0.8728505356930418,0.24307113564119298,0.0,False
2023091001,4564,47817,Rock Ya-Sin,CB,7.365626373472838,0.8728505356930418,0.24307113564119298,0.0,False
2023091001,4564,46077,Roquan Smith,MLB,2.098405312660099,0.8728505356930418,0.24307113564119298,0.0,False
2023091001,4589,53819,Ar'Darius Washington,FS,2.6764196510424587,0.5906503429672207,1.0232920615808982,0.0,False
2023091001,4589,53533,Brandon Stephens,CB,1.613942404548119,0.5906503429672207,1.0232920615808982,1.06247724649434,True
2023091001,4589,54479,Kyle Hamilton,SS,5.307649802394347,0.5906503429672207,1.0232920615808982,0.0,False
2023091001,4589,47817,Rock Ya-Sin,CB,8.755207004817189,0.5906503429672207,1.0232920615808982,0.0,False
2023091001,4589,46077,Roquan Smith,MLB,4.031903818562234,0.5906503429672207,1.0232920615808982,0.0,False
2023091001,4614,53819,Ar'Darius Washington,FS,3.1696635176685874,0.8659220254492992,1.843129587849228,0.0,False
2023091001,4614,53533,Brandon Stephens,CB,2.709051613298527,0.8659220254492992,1.843129587849228,0.46061190437006005,True
2023091001,4614,52627,Geno Stone,FS,5.255109781177615,0.8659220254492992,1.843129587849228,0.0,False
2023091001,4614,54479,Kyle Hamilton,SS,6.61287930846954,0.8659220254492992,1.843129587849228,0.0,False
2023091001,4614,52436,Patrick Queen,ILB,3.9779243015001735,0.8659220254492992,1.843129587849228,0.0,False
2023091001,4614,47817,Rock Ya-Sin,CB,6.7787909968194295,0.8659220254492992,1.843129587849228,0.0,False
2023091001,4614,46077,Roquan Smith,MLB,3.41940104303488,0.8659220254492992,1.843129587849228,0.0,False
2023091001,4639,53819,Ar'Darius Washington,FS,5.412595201119905,1.2426605085624693,0.8301391957443047,0.0,False
2023091001,4639,53533,Brandon Stephens,CB,2.7081687497703553,1.2426605085624693,0.8301391957443047,0.0,False
2023091001,4639,52627,Geno Stone,FS,2.094836418969775,1.2426605085624693,0.8301391957443047,0.0,False
2023091001,4639,54479,Kyle Hamilton,SS,4.906548273855514,1.2426605085624693,0.8301391957443047,0.0,False
2023091001,4639,52436,Patrick Queen,ILB,2.072799704306774,1.2426605085624693,0.8301391957443047,0.022036714663000723,True
2023091001,4639,47817,Rock Ya-Sin,CB,5.618047283013316,1.2426605085624693,0.8301391957443047,0.0,False
2023091001,4639,46077,Roquan Smith,MLB,3.65748461715064,1.2426605085624693,0.8301391957443047,0.0,False
2023091001,4662,53819,Ar'Darius Washington,FS,3.851238042881455,1.0477832278556058,1.5480777338183649,0.0,False
2023091001,4662,53533,Brandon Stephens,CB,2.5958609616739707,1.0477832278556058,1.5480777338183649,0.06551551991549243,True
2023091001,4662,52627,Geno Stone,FS,5.057881058822065,1.0477832278556058,1.5480777338183649,0.0,False
2023091001,4662,54479,Kyle Hamilton,SS,6.719061159664498,1.0477832278556058,1.5480777338183649,0.0,False
2023091001,4662,52436,Patrick Queen,ILB,2.661376481589463,1.0477832278556058,1.5480777338183649,0.0,False
2023091001,4662,47817,Rock Ya-Sin,CB,7.668973718800926,1.0477832278556058,1.5480777338183649,0.0,False
2023091001,4662,46077,Roquan Smith,MLB,3.8095496252952925,1.0477832278556058,1.5480777338183649,0.0,False
2023091002,110,44974,Anthony Walker,MLB,3.0185289784713145,1.1871223682552585,0.8024948334161848,0.0,False
2023091002,110,46073,Denzel Ward,CB,9.475020607943929,1.1871223682552585,0.8024948334161848,0.0,False
2023091002,110,52452,Grant Delpit,SS,4.434188715439078,1.1871223682552585,0.8024948334161848,0.0,False
2023091002,110,53455,Greg Newsome II,CB,1.9896172016714433,1.1871223682552585,0.8024948334161848,0.7024396849404024,True
2023091002,110,54533,Martin Emerson,CB,2.6920568866118457,1.1871223682552585,0.8024948334161848,0.0,False
2023091002,110,38843,Rodney McLeod,FS,6.009065446606694,1.1871223682552585,0.8024948334161848,0.0,False
2023091002,110,56405,Ronnie Hickman Jr.,FS,5.603353304183002,1.1871223682552585,0.8024948334161848,0.0,False
2023091002,319,54525,Cam Taylor-Britt,CB,6.295101672035242,0.7941107778127385,1.219729401797768,0.0,False
2023091002,319,44872,Chidobe Awuzie,CB,4.6635363946092845,0.7941107778127385,1.219729401797768,0.0,False
2023091002,319,54496,Daxton Hill,CB,2.0138401796105065,0.7941107778127385,1.219729401797768,0.617034000132537,True
2023091002,319,47855,Germaine Pratt,OLB,3.910357208337043,0.7941107778127385,1.219729401797768,0.0,False
2023091002,319,52473,Logan Wilson,MLB,2.891458219279083,0.7941107778127385,1.219729401797768,0.0,False
2023091002,319,43641,Mike Hilton,CB,2.6308741797430435,0.7941107778127385,1.219729401797768,0.0,False
2023091002,319,48026,Nick Scott,FS,5.056663739120095,0.7941107778127385,1.219729401797768,0.0,False
2023091002,444,46073,Denzel Ward,CB,1.2978592821536528,0.8153814045183121,0.28071735571036904,0.0,False
2023091002,444,52452,Grant Delpit,SS,1.0960987602286811,0.8153814045183121,0.28071735571036904,0.20176052192497163,True
2023091002,444,53455,Greg Newsome II,CB,4.356206507488424,0.8153814045183121,0.28071735571036904,0.0,False
2023091002,444,53481,Jeremiah Owusu-Koramoah,OLB,2.4950652311427053,0.8153814045183121,0.28071735571036904,0.0,False
2023091002,444,54533,Martin Emerson,CB,7.489067056289243,0.8153814045183121,0.28071735571036904,0.0,False
2023091002,444,38843,Rodney McLeod,FS,4.427072764810965,0.8153814045183121,0.28071735571036904,0.0,False
2023091002,444,47863,Sione Takitaki,OLB,3.879088684103561,0.8153814045183121,0.28071735571036904,0.0,False
2023091002,599,54525,Cam Taylor-Britt,CB,4.033003410374268,2.312681026515326,0.5651556535977114,0.0,False
2023091002,599,44872,Chidobe Awuzie,CB,11.364914174852679,2.312681026515326,0.5651556535977114,0.0,False
2023091002,599,54496,Daxton Hill,CB,3.0138918581697602,2.312681026515326,0.5651556535977114,0.0,False
2023091002,599,52473,Logan Wilson,MLB,5.595312649142669,2.312681026515326,0.5651556535977114,0.0,False
2023091002,599,43641,Mike Hilton,CB,7.177669194165842,2.312681026515326,0.5651556535977114,0.0,False
2023091002,599,48026,Nick Scott,FS,2.8778366801130373,2.312681026515326,0.5651556535977114,0.13605517805672296,True
2023091002,767,46073,Denzel Ward,CB,4.392156477631464,0.9600104570633852,0.2395842999936677,0.0,False
2023091002,767,52452,Grant Delpit,SS,1.1995947570570529,0.9600104570633852,0.2395842999936677,1.0272722180009803,True
2023091002,767,53455,Greg Newsome II,CB,2.609019264609268,0.9600104570633852,0.2395842999936677,0.0,False
2023091002,767,54533,Martin Emerson,CB,5.0351048856859375,0.9600104570633852,0.2395842999936677,0.0,False
2023091002,767,38843,Rodney McLeod,FS,2.226866975058033,0.9600104570633852,0.2395842999936677,0.0,False
2023091002,819,54525,Cam Taylor-Britt,CB,1.8361517218221213,0.7175884844009659,0.237222239550253,0.0,False
2023091002,819,53540,Cameron Sample,DE,0.9548107239512189,0.7175884844009659,0.237222239550253,0.8813409978709024,True
2023091002,819,55925,DJ Turner II,CB,8.551065532262673,0.7175884844009659,0.237222239550253,0.0,False
2023091002,819,54496,Daxton Hill,CB,5.862500875465397,0.7175884844009659,0.237222239550253,0.0,False
2023091002,819,47855,Germaine Pratt,OLB,2.2096511997494876,0.7175884844009659,0.237222239550253,0.0,False
2023091002,819,52473,Logan Wilson,MLB,3.059930852668485,0.7175884844009659,0.237222239550253,0.0,False
2023091002,819,48026,Nick Scott,FS,4.2491893401725775,0.7175884844009659,0.237222239550253,0.0,False
2023091002,873,52515,Akeem Davis-Gaither,ILB,2.841583942444672,0.9206339168612938,1.0435283362317844,0.0,False
2023091002,873,54525,Cam Taylor-Britt,CB,2.298168133580956,0.9206339168612938,1.0435283362317844,0.0,False
2023091002,873,55925,DJ Turner II,CB,6.550028071461476,0.9206339168612938,1.0435283362317844,0.0,False
2023091002,873,54496,Daxton Hill,CB,3.015089209567053,0.9206339168612938,1.0435283362317844,0.0,False
2023091002,873,52473,Logan Wilson,MLB,1.9641622530930782,0.9206339168612938,1.0435283362317844,0.3340058804878778,True
2023091002,975,54525,Cam Taylor-Britt,CB,5.290669679055126,1.2412523978174475,0.12124631719550716,0.0,False
2023091002,975,44872,Chidobe Awuzie,CB,1.9091543525424863,1.2412523978174475,0.12124631719550716,0.0,False
2023091002,975,55925,DJ Turner II,CB,1.3624987150129546,1.2412523978174475,0.12124631719550716,0.5466556375295317,True
2023091002,975,54496,Daxton Hill,CB,5.8778775443737965,1.2412523978174475,0.12124631719550716,0.0,False
2023091002,975,43641,Mike Hilton,CB,3.5944870299338527,1.2412523978174475,0.12124631719550716,0.0,False
2023091002,975,48026,Nick Scott,FS,4.151805688602121,1.2412523978174475,0.12124631719550716,0.0,False
2023091002,1048,54543,Alex Wright,DE,3.193211684396924,0.37084076758294915,1.8676664967391416,0.0,False
2023091002,1048,44974,Anthony Walker,MLB,2.2385072643220907,0.37084076758294915,1.8676664967391416,0.9547044200748331,True
2023091002,1048,46073,Denzel Ward,CB,7.107651084115487,0.37084076758294915,1.8676664967391416,0.0,False
2023091002,1048,52452,Grant Delpit,SS,4.982758293007169,0.37084076758294915,1.8676664967391416,0.0,False
2023091002,1048,53455,Greg Newsome II,CB,6.057290436908103,0.37084076758294915,1.8676664967391416,0.0,False
2023091002,1048,54533,Martin Emerson,CB,4.909652588844064,0.37084076758294915,1.8676664967391416,0.0,False
2023091002,1048,38843,Rodney McLeod,FS,3.4829898541073083,0.37084076758294915,1.8676664967391416,0.0,False
2023091002,1071,46073,Denzel Ward,CB,3.183189425334006,1.0351810428448138,0.1862663779978091,0.0,False
2023091002,1071,52452,Grant Delpit,SS,3.143108519756077,1.0351810428448138,0.1862663779978091,0.0,False
2023091002,1071,53455,Greg Newsome II,CB,1.221447420842623,1.0351810428448138,0.1862663779978091,1.9216610989134544,True
2023091002,1071,53481,Jeremiah Owusu-Koramoah,OLB,3.5310019340417953,1.0351810428448138,0.1862663779978091,0.0,False
2023091002,1071,54533,Martin Emerson,CB,6.058841818366247,1.0351810428448138,0.1862663779978091,0.0,False
2023091002,1071,38843,Rodney McLeod,FS,3.855153686870471,1.0351810428448138,0.1862663779978091,0.0,False
2023091002,1209,54525,Cam Taylor-Britt,CB,1.9328569909545654,1.2956594745595895,0.6371975163949759,0.13131920687904342,True
2023091002,1209,44872,Chidobe Awuzie,CB,9.518001663867661,1.2956594745595895,0.6371975163949759,0.0,False
2023091002,1209,54496,Daxton Hill,CB,5.384375532086576,1.2956594745595895,0.6371975163949759,0.0,False
2023091002,1209,47855,Germaine Pratt,OLB,3.6226083205884025,1.2956594745595895,0.6371975163949759,0.0,False
2023091002,1209,52473,Logan Wilson,MLB,6.519911019053478,1.2956594745595895,0.6371975163949759,0.0,False
2023091002,1209,43641,Mike Hilton,CB,8.466001424935374,1.2956594745595895,0.6371975163949759,0.0,False
2023091002,1209,48026,Nick Scott,FS,2.064176197833609,1.2956594745595895,0.6371975163949759,0.0,False
2023091002,1260,46138,B.J. Hill,DT,8.417243906570226,3.655911457592881,0.5577541899336338,0.0,False
2023091002,1260,54525,Cam Taylor-Britt,CB,4.213665647526515,3.655911457592881,0.5577541899336338,0.994981242445923,True
2023091002,1260,44872,Chidobe Awuzie,CB,6.2629718865046575,3.655911457592881,0.5577541899336338,0.0,False
2023091002,1260,52473,Logan Wilson,MLB,6.376414423765151,3.655911457592881,0.5577541899336338,0.0,False
2023091002,1260,43641,Mike Hilton,CB,5.208646889972438,3.655911457592881,0.5577541899336338,0.0,False
2023091002,1412,44974,Anthony Walker,MLB,5.395669249406854,2.5106494144987463,0.035715244238729404,0.0,False
2023091002,1412,46073,Denzel Ward,CB,2.5463646587374758,2.5106494144987463,0.035715244238729404,1.7286764351527824,True
2023091002,1412,52452,Grant Delpit,SS,4.766428071257518,2.5106494144987463,0.035715244238729404,0.0,False
2023091002,1412,53455,Greg Newsome II,CB,4.368827260518052,2.5106494144987463,0.035715244238729404,0.0,False
2023091002,1412,54533,Martin Emerson,CB,6.628771107691006,2.5106494144987463,0.035715244238729404,0.0,False
2023091002,1412,38843,Rodney McLeod,FS,4.275041093890258,2.5106494144987463,0.035715244238729404,0.0,False
2023091002,1464,54525,Cam Taylor-Britt,CB,7.554497077028939,1.0971951258208434,0.9644707337263376,0.0,False
2023091002,1464,55925,DJ Turner II,CB,4.433945742487623,1.0971951258208434,0.9644707337263376,0.0,False
2023091002,1464,54496,Daxton Hill,CB,6.711130348474499,1.0971951258208434,0.9644707337263376,0.0,False
2023091002,1464,47855,Germaine Pratt,OLB,4.662482137750232,1.0971951258208434,0.9644707337263376,0.0,False
2023091002,1464,52473,Logan Wilson,MLB,3.4221863618630137,1.0971951258208434,0.9644707337263376,0.0,False
2023091002,1464,48026,Nick Scott,FS,2.061665859547181,1.0971951258208434,0.9644707337263376,1.3605205023158329,True
2023091002,1540,54525,Cam Taylor-Britt,CB,4.434602516134922,1.447123828837075,0.08561704666360326,0.0,False
2023091002,1540,55925,DJ Turner II,CB,2.772937004093562,1.447123828837075,0.08561704666360326,0.0,False
2023091002,1540,54496,Daxton Hill,CB,2.7819923447735997,1.447123828837075,0.08561704666360326,0.0,False
2023091002,1540,47855,Germaine Pratt,OLB,2.535530124533994,1.447123828837075,0.08561704666360326,0.0,False
2023091002,1540,52473,Logan Wilson,MLB,1.5327408755006782,1.447123828837075,0.08561704666360326,1.0027892490333157,True
2023091002,1540,48026,Nick Scott,FS,3.2079415245078944,1.447123828837075,0.08561704666360326,0.0,False
2023091002,1832,54525,Cam Taylor-Britt,CB,2.0190939613893097,0.6858253052783841,0.7795027420067199,0.0,False
2023091002,1832,44872,Chidobe Awuzie,CB,6.035862047876071,0.6858253052783841,0.7795027420067199,0.0,False
2023091002,1832,55925,DJ Turner II,CB,3.727461066936795,0.6858253052783841,0.7795027420067199,0.0,False
2023091002,1832,54496,Daxton Hill,CB,3.340059135641405,0.6858253052783841,0.7795027420067199,0.0,False
2023091002,1832,52473,Logan Wilson,MLB,1.465328047285104,0.6858253052783841,0.7795027420067199,0.5537659141042056,True
2023091002,1832,43641,Mike Hilton,CB,2.3831762671431824,0.6858253052783841,0.7795027420067199,0.0,False
2023091002,1832,48026,Nick Scott,FS,6.492555620598203,0.6858253052783841,0.7795027420067199,0.0,False
2023091002,1944,46073,Denzel Ward,CB,1.4480848148361514,0.8861108623894647,0.5619739524466867,0.43880137291218446,True
2023091002,1944,52452,Grant Delpit,SS,4.357798830632719,0.8861108623894647,0.5619739524466867,0.0,False
2023091002,1944,53455,Greg Newsome II,CB,1.8868861877483358,0.8861108623894647,0.5619739524466867,0.0,False
2023091002,1944,53481,Jeremiah Owusu-Koramoah,OLB,4.845047773834491,0.8861108623894647,0.5619739524466867,0.0,False
2023091002,1944,54533,Martin Emerson,CB,5.158215780147729,0.8861108623894647,0.5619739524466867,0.0,False
2023091002,1944,38843,Rodney McLeod,FS,4.158415062717398,0.8861108623894647,0.5619739524466867,0.0,False
2023091002,1944,47863,Sione Takitaki,OLB,3.57300073524235,0.8861108623894647,0.5619739524466867,0.0,False
2023091002,1974,46073,Denzel Ward,CB,10.451100523497171,2.876132828721374,-0.2998203730322051,0.0,False
2023091002,1974,52452,Grant Delpit,SS,5.308005640458946,2.876132828721374,-0.2998203730322051,0.0,False
2023091002,1974,53455,Greg Newsome II,CB,3.573354689455006,2.876132828721374,-0.2998203730322051,0.0,False
2023091002,1974,54533,Martin Emerson,CB,2.576312455689169,2.876132828721374,-0.2998203730322051,0.9970422337658373,True
2023091002,1974,38843,Rodney McLeod,FS,4.448776748099397,2.876132828721374,-0.2998203730322051,0.0,False
2023091002,2039,54525,Cam Taylor-Britt,CB,7.013373164715763,0.9669061228994249,0.9885726961319268,0.0,False
2023091002,2039,44872,Chidobe Awuzie,CB,1.9554788190313517,0.9669061228994249,0.9885726961319268,0.22147950928288185,True
2023091002,2039,54496,Daxton Hill,CB,2.6787233024109844,0.9669061228994249,0.9885726961319268,0.0,False
2023091002,2039,47855,Germaine Pratt,OLB,3.411281300102888,0.9669061228994249,0.9885726961319268,0.0,False
2023091002,2039,52473,Logan Wilson,MLB,2.1769583283142335,0.9669061228994249,0.9885726961319268,0.0,False
2023091002,2039,48026,Nick Scott,FS,5.813337807695221,0.9669061228994249,0.9885726961319268,0.0,False
2023091002,2095,54525,Cam Taylor-Britt,CB,2.251021463685213,1.2173417310295336,1.0336797326556795,0.06966921451682406,True
2023091002,2095,44872,Chidobe Awuzie,CB,8.53807153251718,1.2173417310295336,1.0336797326556795,0.0,False
2023091002,2095,54496,Daxton Hill,CB,5.742842918103895,1.2173417310295336,1.0336797326556795,0.0,False
2023091002,2095,47855,Germaine Pratt,OLB,2.7162726180360255,1.2173417310295336,1.0336797326556795,0.0,False
2023091002,2095,52473,Logan Wilson,MLB,5.565165310316536,1.2173417310295336,1.0336797326556795,0.0,False
2023091002,2095,48026,Nick Scott,FS,6.390219849270986,1.2173417310295336,1.0336797326556795,0.0,False
2023091002,2095,44915,Trey Hendrickson,DE,2.320690678202037,1.2173417310295336,1.0336797326556795,0.0,False
2023091002,2127,54525,Cam Taylor-Britt,CB,9.920786528883342,1.4870474633296107,0.4228736926080914,0.0,False
2023091002,2127,44872,Chidobe Awuzie,CB,1.909921155937702,1.4870474633296107,0.4228736926080914,0.006826325687846024,True
2023091002,2127,54496,Daxton Hill,CB,4.595992537153709,1.4870474633296107,0.4228736926080914,0.0,False
2023091002,2127,47855,Germaine Pratt,OLB,4.850703737868358,1.4870474633296107,0.4228736926080914,0.0,False
2023091002,2127,52473,Logan Wilson,MLB,4.674914361692195,1.4870474633296107,0.4228736926080914,0.0,False
2023091002,2127,43641,Mike Hilton,CB,1.916747481625548,1.4870474633296107,0.4228736926080914,0.0,False
2023091002,2127,48026,Nick Scott,FS,8.158532304601536,1.4870474633296107,0.4228736926080914,0.0,False
2023091002,2179,54525,Cam Taylor-Britt,CB,3.7543684634505956,0.4672733888472653,0.610955453746155,0.0,False
2023091002,2179,44872,Chidobe Awuzie,CB,2.778511285022475,0.4672733888472653,0.610955453746155,0.0,False
2023091002,2179,54496,Daxton Hill,CB,3.7572133116904127,0.4672733888472653,0.610955453746155,0.0,False
2023091002,2179,47855,Germaine Pratt,OLB,2.1957759305714277,0.4672733888472653,0.610955453746155,0.0,False
2023091002,2179,52473,Logan Wilson,MLB,1.0782288425934203,0.4672733888472653,0.610955453746155,0.6210887590120671,True
2023091002,2179,43641,Mike Hilton,CB,1.6993176016054874,0.4672733888472653,0.610955453746155,0.0,False
2023091002,2179,48026,Nick Scott,FS,7.378817100221449,0.4672733888472653,0.610955453746155,0.0,False
2023091002,2211,54525,Cam Taylor-Britt,CB,2.9018094962252734,2.7300539564848254,0.15496273363245017,0.0,False
2023091002,2211,44872,Chidobe Awuzie,CB,9.0730750005151,2.7300539564848254,0.15496273363245017,0.0,False
2023091002,2211,54496,Daxton Hill,CB,6.224857510208888,2.7300539564848254,0.15496273363245017,0.0,False
2023091002,2211,47855,Germaine Pratt,OLB,3.9390353249159458,2.7300539564848254,0.15496273363245017,0.0,False
2023091002,2211,52473,Logan Wilson,MLB,7.34901876277005,2.7300539564848254,0.15496273363245017,0.0,False
2023091002,2211,43641,Mike Hilton,CB,2.8850166901172756,2.7300539564848254,0.15496273363245017,0.016792806107997826,True
2023091002,2211,48026,Nick Scott,FS,8.860088152829327,2.7300539564848254,0.15496273363245017,0.0,False
2023091002,2441,54525,Cam Taylor-Britt,CB,3.3607220433028475,0.4789543294371069,0.09945015234480115,0.0,False
2023091002,2441,44872,Chidobe Awuzie,CB,6.836986149354116,0.4789543294371069,0.09945015234480115,0.0,False
2023091002,2441,55925,DJ Turner II,CB,0.5784044817819081,0.4789543294371069,0.09945015234480115,2.7823175615209395,True
2023091002,2441,54496,Daxton Hill,CB,4.14142017199466,0.4789543294371069,0.09945015234480115,0.0,False
2023091002,2441,43641,Mike Hilton,CB,4.559461511999253,0.4789543294371069,0.09945015234480115,0.0,False
2023091002,2441,48026,Nick Scott,FS,4.0279986900368066,0.4789543294371069,0.09945015234480115,0.0,False
2023091002,2517,46073,Denzel Ward,CB,2.4490020795800054,2.404196611428089,0.04480546815191655,1.2987095803698097,True
2023091002,2517,52452,Grant Delpit,SS,4.478581395306732,2.404196611428089,0.04480546815191655,0.0,False
2023091002,2517,53455,Greg Newsome II,CB,9.702297738414973,2.404196611428089,0.04480546815191655,0.0,False
2023091002,2517,54533,Martin Emerson,CB,8.978580434433834,2.404196611428089,0.04480546815191655,0.0,False
2023091002,2517,44813,Myles Garrett,DE,3.747711659949815,2.404196611428089,0.04480546815191655,0.0,False
2023091002,2517,38843,Rodney McLeod,FS,4.353916038898991,2.404196611428089,0.04480546815191655,0.0,False
2023091002,2517,42465,Za'Darius Smith,DE,7.569889083043495,2.404196611428089,0.04480546815191655,0.0,False
2023091002,2620,44974,Anthony Walker,MLB,2.7050559961695146,0.6574461926939112,0.7391027053208716,0.0,False
2023091002,2620,46073,Denzel Ward,CB,1.3965488980147829,0.6574461926939112,0.7391027053208716,1.3085070981547318,True
2023091002,2620,52452,Grant Delpit,SS,2.849106124799018,0.6574461926939112,0.7391027053208716,0.0,False
2023091002,2620,53455,Greg Newsome II,CB,5.541133780787574,0.6574461926939112,0.7391027053208716,0.0,False
2023091002,2620,54533,Martin Emerson,CB,7.226837754109649,0.6574461926939112,0.7391027053208716,0.0,False
2023091002,2620,38843,Rodney McLeod,FS,3.4030656417733156,0.6574461926939112,0.7391027053208716,0.0,False
2023091002,2620,56405,Ronnie Hickman Jr.,FS,4.065439601119273,0.6574461926939112,0.7391027053208716,0.0,False
2023091002,2693,54525,Cam Taylor-Britt,CB,5.717513593978643,1.6766890319267593,0.8969810134008169,0.0,False
2023091002,2693,55925,DJ Turner II,CB,2.6812858066758003,1.6766890319267593,0.8969810134008169,0.0,False
2023091002,2693,54496,Daxton Hill,CB,3.1445031931426506,1.6766890319267593,0.8969810134008169,0.0,False
2023091002,2693,47855,Germaine Pratt,OLB,7.408999447413514,1.6766890319267593,0.8969810134008169,0.0,False
2023091002,2693,52473,Logan Wilson,MLB,5.05928321043436,1.6766890319267593,0.8969810134008169,0.0,False
2023091002,2693,43641,Mike Hilton,CB,2.5736700453275763,1.6766890319267593,0.8969810134008169,0.10761576134822404,True
2023091002,2693,48026,Nick Scott,FS,6.5475054761464,1.6766890319267593,0.8969810134008169,0.0,False
2023091002,2847,44974,Anthony Walker,MLB,4.316819290865703,0.8574479455153314,0.9448140603877533,0.0,False
2023091002,2847,46073,Denzel Ward,CB,1.9018570350780846,0.8574479455153314,0.9448140603877533,0.0,False
2023091002,2847,52452,Grant Delpit,SS,6.928950316895872,0.8574479455153314,0.9448140603877533,0.0,False
2023091002,2847,53455,Greg Newsome II,CB,1.8022620059030847,0.8574479455153314,0.9448140603877533,0.09959502917499985,True
2023091002,2847,53481,Jeremiah Owusu-Koramoah,OLB,4.8936861064146555,0.8574479455153314,0.9448140603877533,0.0,False
2023091002,2847,54533,Martin Emerson,CB,6.967752093057813,0.8574479455153314,0.9448140603877533,0.0,False
2023091002,2847,38843,Rodney McLeod,FS,4.554102673958073,0.8574479455153314,0.9448140603877533,0.0,False
2023091002,2872,44974,Anthony Walker,MLB,5.004193383633611,1.2490975942579385,0.64073017646187,0.0,False
2023091002,2872,46073,Denzel Ward,CB,1.8898277707198086,1.2490975942579385,0.64073017646187,0.3975480815646535,True
2023091002,2872,52452,Grant Delpit,SS,2.287375852284462,1.2490975942579385,0.64073017646187,0.0,False
2023091002,2872,53455,Greg Newsome II,CB,5.3389714659586875,1.2490975942579385,0.64073017646187,0.0,False
2023091002,2872,53481,Jeremiah Owusu-Koramoah,OLB,2.8924397216640783,1.2490975942579385,0.64073017646187,0.0,False
2023091002,2872,54533,Martin Emerson,CB,8.88137615186713,1.2490975942579385,0.64073017646187,0.0,False
2023091002,2872,38843,Rodney McLeod,FS,5.85305992989875,1.2490975942579385,0.64073017646187,0.0,False
2023091002,2942,56007,Cameron Mitchell,CB,4.671132964767469,2.4371459798144186,0.10184181823678129,0.0,False
2023091002,2942,52452,Grant Delpit,SS,2.5389877980512,2.4371459798144186,0.10184181823678129,1.4354414447113895,True
2023091002,2942,53455,Greg Newsome II,CB,5.479836607715006,2.4371459798144186,0.10184181823678129,0.0,False
2023091002,2942,54533,Martin Emerson,CB,7.900899517116287,2.4371459798144186,0.10184181823678129,0.0,False
2023091002,2942,38843,Rodney McLeod,FS,5.4011309956693285,2.4371459798144186,0.10184181823678129,0.0,False
2023091002,2942,56405,Ronnie Hickman Jr.,FS,3.9744292427625894,2.4371459798144186,0.10184181823678129,0.0,False
2023091002,3138,54525,Cam Taylor-Britt,CB,3.789379115258477,0.44280867304199484,1.312724744029512,0.0,False
2023091002,3138,44872,Chidobe Awuzie,CB,4.508805152841567,0.44280867304199484,1.312724744029512,0.0,False
2023091002,3138,54496,Daxton Hill,CB,1.87303367572436,0.44280867304199484,1.312724744029512,0.0,False
2023091002,3138,47855,Germaine Pratt,OLB,2.613940373819183,0.44280867304199484,1.312724744029512,0.0,False
2023091002,3138,52473,Logan Wilson,MLB,1.755533417071507,0.44280867304199484,1.312724744029512,0.11750025865285307,True
2023091002,3138,43641,Mike Hilton,CB,3.2344048817179285,0.44280867304199484,1.312724744029512,0.0,False
2023091002,3138,48026,Nick Scott,FS,4.146248125567845,0.44280867304199484,1.312724744029512,0.0,False
2023091002,3170,54525,Cam Taylor-Britt,CB,2.1092831862196846,0.9536057642005018,0.5010101514461793,0.0,False
2023091002,3170,44872,Chidobe Awuzie,CB,8.298064209349947,0.9536057642005018,0.5010101514461793,0.0,False
2023091002,3170,55925,DJ Turner II,CB,1.4546159156466811,0.9536057642005018,0.5010101514461793,0.6546672705730034,True
2023091002,3170,54496,Daxton Hill,CB,5.76348260665546,0.9536057642005018,0.5010101514461793,0.0,False
2023091002,3170,43641,Mike Hilton,CB,6.93212483380915,0.9536057642005018,0.5010101514461793,0.0,False
2023091002,3170,48026,Nick Scott,FS,5.035547936052148,0.9536057642005018,0.5010101514461793,0.0,False
2023091002,3253,52452,Grant Delpit,SS,2.160977833672003,0.8394653206047151,1.1488684426738252,0.0,False
2023091002,3253,53481,Jeremiah Owusu-Koramoah,OLB,1.9883337632785403,0.8394653206047151,1.1488684426738252,0.17264407039346263,True
2023091002,3253,54533,Martin Emerson,CB,7.679650295199978,0.8394653206047151,1.1488684426738252,0.0,False
2023091002,3253,38843,Rodney McLeod,FS,7.660141982440832,0.8394653206047151,1.1488684426738252,0.0,False
2023091002,3253,41464,Shelby Harris,DT,4.654328130429315,0.8394653206047151,1.1488684426738252,0.0,False
2023091002,3253,47863,Sione Takitaki,OLB,5.3551293747196524,0.8394653206047151,1.1488684426738252,0.0,False
2023091002,3314,46073,Denzel Ward,CB,9.339656936293112,1.6073482833987451,-0.14052834039464535,0.0,False
2023091002,3314,52452,Grant Delpit,SS,3.6710204285540105,1.6073482833987451,-0.14052834039464535,0.0,False
2023091002,3314,53455,Greg Newsome II,CB,7.40266598036115,1.6073482833987451,-0.14052834039464535,0.0,False
2023091002,3314,53481,Jeremiah Owusu-Koramoah,OLB,3.4105309476065537,1.6073482833987451,-0.14052834039464535,0.0,False
2023091002,3314,54533,Martin Emerson,CB,1.4668199430040998,1.6073482833987451,-0.14052834039464535,1.943711004602454,True
2023091002,3314,38843,Rodney McLeod,FS,4.053115397602194,1.6073482833987451,-0.14052834039464535,0.0,False
2023091002,3314,47863,Sione Takitaki,OLB,6.369924284957609,1.6073482833987451,-0.14052834039464535,0.0,False
2023091002,3337,46073,Denzel Ward,CB,4.498240532235242,0.4426731014525493,0.45444676756963803,0.0,False
2023091002,3337,52452,Grant Delpit,SS,0.8971198690221873,0.4426731014525493,0.45444676756963803,1.9631888569567817,True
2023091002,3337,53455,Greg Newsome II,CB,3.034344875385224,0.4426731014525493,0.45444676756963803,0.0,False
2023091002,3337,53481,Jeremiah Owusu-Koramoah,OLB,3.6730959562805174,0.4426731014525493,0.45444676756963803,0.0,False
2023091002,3337,54533,Martin Emerson,CB,4.543332242675393,0.4426731014525493,0.45444676756963803,0.0,False
2023091002,3337,38843,Rodney McLeod,FS,6.439132714764111,0.4426731014525493,0.45444676756963803,0.0,False
2023091002,3337,47863,Sione Takitaki,OLB,2.860308725978969,0.4426731014525493,0.45444676756963803,0.0,False
2023091002,3409,54525,Cam Taylor-Britt,CB,5.688934979197777,0.9945270130437347,0.9081487941085973,0.0,False
2023091002,3409,55925,DJ Turner II,CB,4.111227416364304,0.9945270130437347,0.9081487941085973,0.0,False
2023091002,3409,54496,Daxton Hill,CB,3.626282142932007,0.9945270130437347,0.9081487941085973,0.0,False
2023091002,3409,47855,Germaine Pratt,OLB,4.056706217596769,0.9945270130437347,0.9081487941085973,0.0,False
2023091002,3409,52473,Logan Wilson,MLB,3.3360615060135927,0.9945270130437347,0.9081487941085973,0.0,False
2023091002,3409,48026,Nick Scott,FS,1.902675807152332,0.9945270130437347,0.9081487941085973,1.4333856988612608,True
2023091002,3505,54525,Cam Taylor-Britt,CB,5.096505982112636,0.9443616168882087,0.674882659727599,0.0,False
2023091002,3505,44872,Chidobe Awuzie,CB,2.7953983614351565,0.9443616168882087,0.674882659727599,0.0,False
2023091002,3505,54496,Daxton Hill,CB,6.241848567074821,0.9443616168882087,0.674882659727599,0.0,False
2023091002,3505,47855,Germaine Pratt,OLB,5.2046476625991795,0.9443616168882087,0.674882659727599,0.0,False
2023091002,3505,52473,Logan Wilson,MLB,1.6192442766158077,0.9443616168882087,0.674882659727599,0.7874243095065641,True
2023091002,3505,43641,Mike Hilton,CB,2.4066685861223718,0.9443616168882087,0.674882659727599,0.0,False
2023091002,3505,48026,Nick Scott,FS,6.162332457626759,0.9443616168882087,0.674882659727599,0.0,False
2023091002,3571,46073,Denzel Ward,CB,0.41342291747140075,0.5425688621455417,-0.12914594467414092,2.204029719093853,True
2023091002,3571,52452,Grant Delpit,SS,2.6187921833295715,0.5425688621455417,-0.12914594467414092,0.0,False
2023091002,3571,53455,Greg Newsome II,CB,7.366206096096708,0.5425688621455417,-0.12914594467414092,0.0,False
2023091002,3571,53481,Jeremiah Owusu-Koramoah,OLB,2.617452636565254,0.5425688621455417,-0.12914594467414092,0.0,False
2023091002,3571,54533,Martin Emerson,CB,9.527390215627305,0.5425688621455417,-0.12914594467414092,0.0,False
2023091002,3571,38843,Rodney McLeod,FS,5.829969615591721,0.5425688621455417,-0.12914594467414092,0.0,False
2023091002,3571,47863,Sione Takitaki,OLB,4.996171022352333,0.5425688621455417,-0.12914594467414092,0.0,False
2023091002,3594,46073,Denzel Ward,CB,2.1102669756794494,1.8845287338967682,0.2257382417826812,1.267727475556867,True
2023091002,3594,53455,Greg Newsome II,CB,7.096327344089701,1.8845287338967682,0.2257382417826812,0.0,False
2023091002,3594,54533,Martin Emerson,CB,8.674628677542836,1.8845287338967682,0.2257382417826812,0.0,False
2023091002,3594,44813,Myles Garrett,DE,3.3779944512363165,1.8845287338967682,0.2257382417826812,0.0,False
2023091002,3594,38843,Rodney McLeod,FS,4.133235453123041,1.8845287338967682,0.2257382417826812,0.0,False
2023091002,3594,42465,Za'Darius Smith,DE,6.2866952446966495,1.8845287338967682,0.2257382417826812,0.0,False
2023091002,3617,46073,Denzel Ward,CB,6.95144989803321,0.8929065645748056,1.3416250049030873,0.0,False
2023091002,3617,52452,Grant Delpit,SS,5.829235872404298,0.8929065645748056,1.3416250049030873,0.0,False
2023091002,3617,53455,Greg Newsome II,CB,2.721155977436513,0.8929065645748056,1.3416250049030873,0.0,False
2023091002,3617,53481,Jeremiah Owusu-Koramoah,OLB,3.126435682956067,0.8929065645748056,1.3416250049030873,0.0,False
2023091002,3617,54533,Martin Emerson,CB,2.234531569477893,0.8929065645748056,1.3416250049030873,0.48662440795862016,True
2023091002,3617,38843,Rodney McLeod,FS,8.645230804401352,0.8929065645748056,1.3416250049030873,0.0,False
2023091002,3617,47863,Sione Takitaki,OLB,7.029436831239811,0.8929065645748056,1.3416250049030873,0.0,False
2023091002,3716,52515,Akeem Davis-Gaither,ILB,1.6172158210959604,1.1350611629904506,0.48215465810550984,0.8894703416244081,True
2023091002,3716,47855,Germaine Pratt,OLB,5.084477202228579,1.1350611629904506,0.48215465810550984,0.0,False
2023091002,3716,52473,Logan Wilson,MLB,2.5066861627203685,1.1350611629904506,0.48215465810550984,0.0,False
2023091002,3787,44974,Anthony Walker,MLB,1.235679584755964,0.4433921098793506,0.6642044430245452,0.0,False
2023091002,3787,46073,Denzel Ward,CB,2.8486049566607474,0.4433921098793506,0.6642044430245452,0.0,False
2023091002,3787,52452,Grant Delpit,SS,3.247759863443579,0.4433921098793506,0.6642044430245452,0.0,False
2023091002,3787,53455,Greg Newsome II,CB,1.1075965529038958,0.4433921098793506,0.6642044430245452,0.12808303185206826,True
2023091002,3787,53481,Jeremiah Owusu-Koramoah,OLB,2.9117951483004667,0.4433921098793506,0.6642044430245452,0.0,False
2023091002,3787,54533,Martin Emerson,CB,6.195084867559867,0.4433921098793506,0.6642044430245452,0.0,False
2023091002,3787,38843,Rodney McLeod,FS,4.80500571300275,0.4433921098793506,0.6642044430245452,0.0,False
2023091002,3812,44974,Anthony Walker,MLB,6.208720441282642,2.446367519426524,0.10255733586842508,0.0,False
2023091002,3812,46073,Denzel Ward,CB,6.278912379914962,2.446367519426524,0.10255733586842508,0.0,False
2023091002,3812,52452,Grant Delpit,SS,9.493984835083465,2.446367519426524,0.10255733586842508,0.0,False
2023091002,3812,53455,Greg Newsome II,CB,5.66980816176974,2.446367519426524,0.10255733586842508,0.0,False
2023091002,3812,53481,Jeremiah Owusu-Koramoah,OLB,6.412794147555576,2.446367519426524,0.10255733586842508,0.0,False
2023091002,3812,54533,Martin Emerson,CB,2.548924855294949,2.446367519426524,0.10255733586842508,1.5302554250837295,True
2023091002,3812,38843,Rodney McLeod,FS,4.0791802803786785,2.446367519426524,0.10255733586842508,0.0,False
2023091002,3835,44974,Anthony Walker,MLB,3.2983324886011607,0.8221691596522862,0.6623490754487669,0.0,False
2023091002,3835,46073,Denzel Ward,CB,2.941080817151965,0.8221691596522862,0.6623490754487669,0.0,False
2023091002,3835,52452,Grant Delpit,SS,1.484518235101053,0.8221691596522862,0.6623490754487669,1.044187582780171,True
2023091002,3835,53455,Greg Newsome II,CB,6.37754304921296,0.8221691596522862,0.6623490754487669,0.0,False
2023091002,3835,53481,Jeremiah Owusu-Koramoah,OLB,2.528705817881224,0.8221691596522862,0.6623490754487669,0.0,False
2023091002,3835,54533,Martin Emerson,CB,5.729473727237517,0.8221691596522862,0.6623490754487669,0.0,False
2023091002,3835,38843,Rodney McLeod,FS,5.801116263243236,0.8221691596522862,0.6623490754487669,0.0,False
2023091002,4036,46073,Denzel Ward,CB,1.1878939437450835,1.4011518010629036,-0.2132578573178201,2.085177506959445,True
2023091002,4036,52452,Grant Delpit,SS,7.776790987774115,1.4011518010629036,-0.2132578573178201,0.0,False
2023091002,4036,53481,Jeremiah Owusu-Koramoah,OLB,3.273071450704528,1.4011518010629036,-0.2132578573178201,0.0,False
2023091002,4036,54533,Martin Emerson,CB,8.662752939113012,1.4011518010629036,-0.2132578573178201,0.0,False
2023091002,4036,38843,Rodney McLeod,FS,4.153463644847507,1.4011518010629036,-0.2132578573178201,0.0,False
2023091002,4036,42465,Za'Darius Smith,DE,3.9749498718205047,1.4011518010629036,-0.2132578573178201,0.0,False
2023091002,4124,54525,Cam Taylor-Britt,CB,3.036869889553882,0.9342658077930857,1.8313510165250566,0.0,False
2023091002,4124,55925,DJ Turner II,CB,8.74255579250904,0.9342658077930857,1.8313510165250566,0.0,False
2023091002,4124,54496,Daxton Hill,CB,6.615335897079411,0.9342658077930857,1.8313510165250566,0.0,False
2023091002,4124,47855,Germaine Pratt,OLB,3.667814153679467,0.9342658077930857,1.8313510165250566,0.0,False
2023091002,4124,52473,Logan Wilson,MLB,5.256562495655927,0.9342658077930857,1.8313510165250566,0.0,False
2023091002,4124,43641,Mike Hilton,CB,4.161867969677709,0.9342658077930857,1.8313510165250566,0.0,False
2023091002,4124,48026,Nick Scott,FS,2.7656168243181423,0.9342658077930857,1.8313510165250566,0.27125306523573967,True
2023091003,81,53494,Andre Cisco,FS,3.772724135797233,1.3598487898843181,0.18097852486298005,0.0,False
2023091003,81,46456,Darious Williams,CB,7.444732624621469,1.3598487898843181,0.18097852486298005,0.0,False
2023091003,81,54492,Devin Lloyd,MLB,2.54943261873789,1.3598487898843181,0.18097852486298005,0.0,False
2023091003,81,46269,Foye Oluokun,OLB,5.070404796977218,1.3598487898843181,0.18097852486298005,0.0,False
2023091003,81,44926,Rayshawn Jenkins,SS,1.5408273147472982,1.3598487898843181,0.18097852486298005,0.7390214278275757,True
2023091003,81,46700,Tre Herndon,CB,6.669600664810443,1.3598487898843181,0.18097852486298005,0.0,False
2023091003,81,53462,Tyson Campbell,CB,2.279848742574874,1.3598487898843181,0.18097852486298005,0.0,False
2023091003,143,54980,Dallis Flowers,CB,5.013066884883297,0.7049204120482921,0.1727649709260013,0.0,False
2023091003,143,55137,Darrell Baker Jr.,CB,4.981062267809348,0.7049204120482921,0.1727649709260013,0.0,False
2023091003,143,52493,Julian Blackmon,FS,2.9403749297750337,0.7049204120482921,0.1727649709260013,0.0,False
2023091003,143,45287,Kenny Moore II,CB,2.4696247314353275,0.7049204120482921,0.1727649709260013,0.0,False
2023091003,143,54704,Rodney Thomas,FS,4.3055104869953125,0.7049204120482921,0.1727649709260013,0.0,False
2023091003,143,46105,Shaquille Leonard,MLB,3.338239230151076,0.7049204120482921,0.1727649709260013,0.0,False
2023091003,143,46304,Zaire Franklin,MLB,0.8776853829742934,0.7049204120482921,0.1727649709260013,1.591939348461034,True
2023091003,166,54980,Dallis Flowers,CB,6.8061544046623075,0.7487625654388265,0.7735508599100195,0.0,False
2023091003,166,55137,Darrell Baker Jr.,CB,2.8346948156873224,0.7487625654388265,0.7735508599100195,0.0,False
2023091003,166,52493,Julian Blackmon,FS,1.522313425348846,0.7487625654388265,0.7735508599100195,0.23149828481309853,True
2023091003,166,45287,Kenny Moore II,CB,4.296848808255142,0.7487625654388265,0.7735508599100195,0.0,False
2023091003,166,54704,Rodney Thomas,FS,4.870144909231419,0.7487625654388265,0.7735508599100195,0.0,False
2023091003,166,46105,Shaquille Leonard,MLB,1.7538117101619444,0.7487625654388265,0.7735508599100195,0.0,False
2023091003,166,46304,Zaire Franklin,MLB,2.6245943850897953,0.7487625654388265,0.7735508599100195,0.0,False
2023091003,191,54980,Dallis Flowers,CB,6.366879212080373,0.9863410074814893,0.15715800541496971,0.0,False
2023091003,191,55137,Darrell Baker Jr.,CB,1.143499012896459,0.9863410074814893,0.15715800541496971,1.2713814022053314,True
2023091003,191,47947,E.J. Speed,MLB,3.2020917638034985,0.9863410074814893,0.15715800541496971,0.0,False
2023091003,191,52493,Julian Blackmon,FS,2.4148804151017904,0.9863410074814893,0.15715800541496971,0.0,False
2023091003,191,45287,Kenny Moore II,CB,7.77613384615473,0.9863410074814893,0.15715800541496971,0.0,False
2023091003,191,54704,Rodney Thomas,FS,7.433922439214875,0.9863410074814893,0.15715800541496971,0.0,False
2023091003,191,46304,Zaire Franklin,MLB,5.973797323101377,0.9863410074814893,0.15715800541496971,0.0,False
2023091003,263,53494,Andre Cisco,FS,5.282506131962641,0.48227614372588257,0.5618498875473042,0.0,False
2023091003,263,46456,Darious Williams,CB,6.285689552742893,0.48227614372588257,0.5618498875473042,0.0,False
2023091003,263,54492,Devin Lloyd,MLB,1.8006551742475723,0.48227614372588257,0.5618498875473042,0.0,False
2023091003,263,46269,Foye Oluokun,OLB,3.937119907721581,0.48227614372588257,0.5618498875473042,0.0,False
2023091003,263,44926,Rayshawn Jenkins,SS,4.242706711467169,0.48227614372588257,0.5618498875473042,0.0,False
2023091003,263,54466,Travon Walker,DE,1.0441260312731868,0.48227614372588257,0.5618498875473042,0.7565291429743856,True
2023091003,263,53462,Tyson Campbell,CB,2.294802924707329,0.48227614372588257,0.5618498875473042,0.0,False
2023091003,358,54980,Dallis Flowers,CB,7.754999186623657,1.2615420825889105,-0.5541898637660962,0.0,False
2023091003,358,55137,Darrell Baker Jr.,CB,0.7073522188228143,1.2615420825889105,-0.5541898637660962,0.9323608799235912,True
2023091003,358,52493,Julian Blackmon,FS,1.6397130987464055,1.2615420825889105,-0.5541898637660962,0.0,False
2023091003,358,45287,Kenny Moore II,CB,3.784083548111765,1.2615420825889105,-0.5541898637660962,0.0,False
2023091003,358,54704,Rodney Thomas,FS,5.749078393214379,1.2615420825889105,-0.5541898637660962,0.0,False
2023091003,358,46105,Shaquille Leonard,MLB,2.266731755348092,1.2615420825889105,-0.5541898637660962,0.0,False
2023091003,358,46304,Zaire Franklin,MLB,5.0763634288265305,1.2615420825889105,-0.5541898637660962,0.0,False
2023091003,410,54980,Dallis Flowers,CB,0.9618724540622365,0.9702416061050052,-0.008369152042768668,2.5330447032463814,True
2023091003,410,47947,E.J. Speed,MLB,7.272722569407459,0.9702416061050052,-0.008369152042768668,0.0,False
2023091003,410,52493,Julian Blackmon,FS,5.5919374953497725,0.9702416061050052,-0.008369152042768668,0.0,False
2023091003,410,45287,Kenny Moore II,CB,6.0467874645768145,0.9702416061050052,-0.008369152042768668,0.0,False
2023091003,410,54704,Rodney Thomas,FS,4.419285317485144,0.9702416061050052,-0.008369152042768668,0.0,False
2023091003,410,46105,Shaquille Leonard,MLB,3.4949171573086177,0.9702416061050052,-0.008369152042768668,0.0,False
2023091003,410,46304,Zaire Franklin,MLB,5.8943387016329885,0.9702416061050052,-0.008369152042768668,0.0,False
2023091003,529,54980,Dallis Flowers,CB,1.337759278282627,0.7494031446077472,0.5883561336748799,0.38078915255082824,True
2023091003,529,55137,Darrell Baker Jr.,CB,2.4494898644410807,0.7494031446077472,0.5883561336748799,0.0,False
2023091003,529,52493,Julian Blackmon,FS,6.126495377120129,0.7494031446077472,0.5883561336748799,0.0,False
2023091003,529,45287,Kenny Moore II,CB,9.6646207732773,0.7494031446077472,0.5883561336748799,0.0,False
2023091003,529,54704,Rodney Thomas,FS,2.7298612180624535,0.7494031446077472,0.5883561336748799,0.0,False
2023091003,529,46105,Shaquille Leonard,MLB,1.7185484308334553,0.7494031446077472,0.5883561336748799,0.0,False
2023091003,529,46304,Zaire Franklin,MLB,5.461075060107684,0.7494031446077472,0.5883561336748799,0.0,False
2023091003,662,53494,Andre Cisco,FS,5.0573796727854745,0.9345031896608504,1.2477982679457758,0.0,False
2023091003,662,46456,Darious Williams,CB,7.578193401915934,0.9345031896608504,1.2477982679457758,0.0,False
2023091003,662,54492,Devin Lloyd,MLB,5.02690556584066,0.9345031896608504,1.2477982679457758,0.0,False
2023091003,662,46269,Foye Oluokun,OLB,4.699706108579256,0.9345031896608504,1.2477982679457758,0.0,False
2023091003,662,47790,Josh Hines-Allen,DE,2.423772349975857,0.9345031896608504,1.2477982679457758,0.0,False
2023091003,662,44926,Rayshawn Jenkins,SS,2.182301457606626,0.9345031896608504,1.2477982679457758,0.24147089236923103,True
2023091003,662,53462,Tyson Campbell,CB,8.01242278768979,0.9345031896608504,1.2477982679457758,0.0,False
2023091003,687,53494,Andre Cisco,FS,2.8644475150442132,0.9890164652240587,0.8904512070031863,0.0,False
2023091003,687,46456,Darious Williams,CB,4.425297454594055,0.9890164652240587,0.8904512070031863,0.0,False
2023091003,687,54492,Devin Lloyd,MLB,2.6909689981102063,0.9890164652240587,0.8904512070031863,0.0,False
2023091003,687,46269,Foye Oluokun,OLB,2.794603751210119,0.9890164652240587,0.8904512070031863,0.0,False
2023091003,687,44926,Rayshawn Jenkins,SS,3.597914257871215,0.9890164652240587,0.8904512070031863,0.0,False
2023091003,687,53462,Tyson Campbell,CB,1.879467672227245,0.9890164652240587,0.8904512070031863,0.8115013258829613,True
2023091003,761,53494,Andre Cisco,FS,1.2734373175488696,0.9496536668299105,0.3237836507189591,0.19682356528097156,True
2023091003,761,46456,Darious Williams,CB,5.864600637977139,0.9496536668299105,0.3237836507189591,0.0,False
2023091003,761,54492,Devin Lloyd,MLB,1.4702608828298411,0.9496536668299105,0.3237836507189591,0.0,False
2023091003,761,44926,Rayshawn Jenkins,SS,3.631734562833798,0.9496536668299105,0.3237836507189591,0.0,False
2023091003,761,54466,Travon Walker,DE,3.005846364578289,0.9496536668299105,0.3237836507189591,0.0,False
2023091003,761,46700,Tre Herndon,CB,4.06508847466957,0.9496536668299105,0.3237836507189591,0.0,False
2023091003,761,53462,Tyson Campbell,CB,3.2255663625727946,0.9496536668299105,0.3237836507189591,0.0,False
2023091003,933,54980,Dallis Flowers,CB,1.6448375335714553,1.392972801459208,-0.15259272480551456,0.0,False
2023091003,933,47947,E.J. Speed,MLB,2.1309563907354834,1.392972801459208,-0.15259272480551456,0.0,False
2023091003,933,52493,Julian Blackmon,FS,7.875907605183008,1.392972801459208,-0.15259272480551456,0.0,False
2023091003,933,45287,Kenny Moore II,CB,1.2403800766536934,1.392972801459208,-0.15259272480551456,0.4044574569177619,True
2023091003,933,54704,Rodney Thomas,FS,3.3888584716625942,1.392972801459208,-0.15259272480551456,0.0,False
2023091003,933,46105,Shaquille Leonard,MLB,4.248800371503648,1.392972801459208,-0.15259272480551456,0.0,False
2023091003,933,46304,Zaire Franklin,MLB,2.9585235446955793,1.392972801459208,-0.15259272480551456,0.0,False
2023091003,1171,54980,Dallis Flowers,CB,4.355086982783288,0.772060513425533,1.6241208374281126,0.0,False
2023091003,1171,55137,Darrell Baker Jr.,CB,5.037805180059852,0.772060513425533,1.6241208374281126,0.0,False
2023091003,1171,52493,Julian Blackmon,FS,5.8952616146881,0.772060513425533,1.6241208374281126,0.0,False
2023091003,1171,54704,Rodney Thomas,FS,6.295332085689867,0.772060513425533,1.6241208374281126,0.0,False
2023091003,1171,46105,Shaquille Leonard,MLB,3.435428511757447,0.772060513425533,1.6241208374281126,0.0,False
2023091003,1171,46724,Tony Brown,CB,2.3961813508536456,0.772060513425533,1.6241208374281126,1.0392471609038014,True
2023091003,1171,46304,Zaire Franklin,MLB,5.129998700481287,0.772060513425533,1.6241208374281126,0.0,False
2023091003,1503,53494,Andre Cisco,FS,6.690479316734573,0.6930987552866715,3.219663851183943,0.0,False
2023091003,1503,46456,Darious Williams,CB,9.246321025070934,0.6930987552866715,3.219663851183943,0.0,False
2023091003,1503,54492,Devin Lloyd,MLB,4.438477572038182,0.6930987552866715,3.219663851183943,0.0,False
2023091003,1503,46269,Foye Oluokun,OLB,5.108081882862741,0.6930987552866715,3.219663851183943,0.0,False
2023091003,1503,44926,Rayshawn Jenkins,SS,6.384998648234004,0.6930987552866715,3.219663851183943,0.0,False
2023091003,1503,46700,Tre Herndon,CB,7.495291128292714,0.6930987552866715,3.219663851183943,0.0,False
2023091003,1503,53462,Tyson Campbell,CB,3.9127626064706145,0.6930987552866715,3.219663851183943,0.5257149655675675,True
2023091003,1649,54980,Dallis Flowers,CB,6.136704980385344,0.6320440280008726,0.4678832452782986,0.0,False
2023091003,1649,55137,Darrell Baker Jr.,CB,1.248920243097874,0.6320440280008726,0.4678832452782986,0.0,False
2023091003,1649,52493,Julian Blackmon,FS,1.0999272732791712,0.6320440280008726,0.4678832452782986,0.14899296981870291,True
2023091003,1649,45287,Kenny Moore II,CB,4.769193753400939,0.6320440280008726,0.4678832452782986,0.0,False
2023091003,1649,54704,Rodney Thomas,FS,4.007045643204678,0.6320440280008726,0.4678832452782986,0.0,False
2023091003,1649,46105,Shaquille Leonard,MLB,1.5980674761835518,0.6320440280008726,0.4678832452782986,0.0,False
2023091003,1649,46304,Zaire Franklin,MLB,3.138790434686944,0.6320440280008726,0.4678832452782986,0.0,False
2023091003,1706,54980,Dallis Flowers,CB,6.966753003580537,2.6780516562629497,0.09262627730303796,0.0,False
2023091003,1706,55137,Darrell Baker Jr.,CB,2.7706779335659877,2.6780516562629497,0.09262627730303796,0.8441214009323312,True
2023091003,1706,52493,Julian Blackmon,FS,7.101701212657124,2.6780516562629497,0.09262627730303796,0.0,False
2023091003,1706,45287,Kenny Moore II,CB,3.614799334498319,2.6780516562629497,0.09262627730303796,0.0,False
2023091003,1706,54704,Rodney Thomas,FS,4.805151493322499,2.6780516562629497,0.09262627730303796,0.0,False
2023091003,1706,46105,Shaquille Leonard,MLB,8.787427481249368,2.6780516562629497,0.09262627730303796,0.0,False
2023091003,1706,46304,Zaire Franklin,MLB,5.330034889488035,2.6780516562629497,0.09262627730303796,0.0,False
2023091003,1782,53494,Andre Cisco,FS,1.2161933236353373,1.3711787958136208,-0.1549854721782835,0.7801887931905993,True
2023091003,1782,46456,Darious Williams,CB,3.063645156701638,1.3711787958136208,-0.1549854721782835,0.0,False
2023091003,1782,46269,Foye Oluokun,OLB,1.9963821168259366,1.3711787958136208,-0.1549854721782835,0.0,False
2023091003,1782,47790,Josh Hines-Allen,DE,2.8463360479503996,1.3711787958136208,-0.1549854721782835,0.0,False
2023091003,1782,44926,Rayshawn Jenkins,SS,8.440007579059655,1.3711787958136208,-0.1549854721782835,0.0,False
2023091003,1782,53462,Tyson Campbell,CB,4.680324504256155,1.3711787958136208,-0.1549854721782835,0.0,False
2023091003,1805,53494,Andre Cisco,FS,2.5930156255111285,1.3474444691651681,0.720496322706561,0.0,False
2023091003,1805,48508,Andrew Wingard,FS,2.067940791871729,1.3474444691651681,0.720496322706561,0.32918957252092396,True
2023091003,1805,46456,Darious Williams,CB,6.348616169444874,1.3474444691651681,0.720496322706561,0.0,False
2023091003,1805,54492,Devin Lloyd,MLB,2.4767708326154056,1.3474444691651681,0.720496322706561,0.0,False
2023091003,1805,46269,Foye Oluokun,OLB,2.8410271690302804,1.3474444691651681,0.720496322706561,0.0,False
2023091003,1805,44926,Rayshawn Jenkins,SS,2.397130364392653,1.3474444691651681,0.720496322706561,0.0,False
2023091003,1805,53462,Tyson Campbell,CB,6.0080483888829495,1.3474444691651681,0.720496322706561,0.0,False
2023091003,1841,53494,Andre Cisco,FS,2.5864548850509252,0.492308995420463,1.5945714337877739,0.0,False
2023091003,1841,46456,Darious Williams,CB,5.120310541254846,0.492308995420463,1.5945714337877739,0.0,False
2023091003,1841,54492,Devin Lloyd,MLB,3.2242895752296215,0.492308995420463,1.5945714337877739,0.0,False
2023091003,1841,46269,Foye Oluokun,OLB,2.086880429208237,0.492308995420463,1.5945714337877739,0.49957445584268845,True
2023091003,1841,47790,Josh Hines-Allen,DE,4.358844130882778,0.492308995420463,1.5945714337877739,0.0,False
2023091003,1841,44926,Rayshawn Jenkins,SS,5.440929516566739,0.492308995420463,1.5945714337877739,0.0,False
2023091003,1841,53462,Tyson Campbell,CB,6.146217521622162,0.492308995420463,1.5945714337877739,0.0,False
2023091003,1929,54980,Dallis Flowers,CB,1.1939439070952589,0.633259441069546,0.5606844660257129,0.517286490816868,True
2023091003,1929,47947,E.J. Speed,MLB,1.7112303979121268,0.633259441069546,0.5606844660257129,0.0,False
2023091003,1929,52493,Julian Blackmon,FS,4.791979124796787,0.633259441069546,0.5606844660257129,0.0,False
2023091003,1929,45287,Kenny Moore II,CB,5.651602318813364,0.633259441069546,0.5606844660257129,0.0,False
2023091003,1929,54704,Rodney Thomas,FS,2.9469358993095316,0.633259441069546,0.5606844660257129,0.0,False
2023091003,1929,46105,Shaquille Leonard,MLB,2.9016143586089056,0.633259441069546,0.5606844660257129,0.0,False
2023091003,1929,46304,Zaire Franklin,MLB,2.1522703661684908,0.633259441069546,0.5606844660257129,0.0,False
2023091003,1954,54980,Dallis Flowers,CB,7.544793787026747,1.4083626128229165,0.2895202276119282,0.0,False
2023091003,1954,47947,E.J. Speed,MLB,5.9142518392049075,1.4083626128229165,0.2895202276119282,0.0,False
2023091003,1954,52493,Julian Blackmon,FS,2.394516233375441,1.4083626128229165,0.2895202276119282,0.0,False
2023091003,1954,45287,Kenny Moore II,CB,1.6978828404348447,1.4083626128229165,0.2895202276119282,0.6966333929405963,True
2023091003,1954,54704,Rodney Thomas,FS,5.641188057530235,1.4083626128229165,0.2895202276119282,0.0,False
2023091003,1954,46105,Shaquille Leonard,MLB,2.753197180012386,1.4083626128229165,0.2895202276119282,0.0,False
2023091003,1954,46304,Zaire Franklin,MLB,3.8751383853248402,1.4083626128229165,0.2895202276119282,0.0,False
2023091003,2062,53494,Andre Cisco,FS,4.85940641516013,0.35681578125402175,1.7028092456776098,0.0,False
2023091003,2062,46456,Darious Williams,CB,5.807778467027763,0.35681578125402175,1.7028092456776098,0.0,False
2023091003,2062,54492,Devin Lloyd,MLB,2.0882217790132676,0.35681578125402175,1.7028092456776098,0.0,False
2023091003,2062,46269,Foye Oluokun,OLB,2.0596250269316316,0.35681578125402175,1.7028092456776098,0.028596752081635923,True
2023091003,2062,44926,Rayshawn Jenkins,SS,4.325495264192238,0.35681578125402175,1.7028092456776098,0.0,False
2023091003,2062,46700,Tre Herndon,CB,2.912140600278817,0.35681578125402175,1.7028092456776098,0.0,False
2023091003,2062,53462,Tyson Campbell,CB,5.633622714774958,0.35681578125402175,1.7028092456776098,0.0,False
2023091003,2087,53494,Andre Cisco,FS,6.505919162687237,1.1134722902656,0.8321396732153234,0.0,False
2023091003,2087,46456,Darious Williams,CB,6.15895168699145,1.1134722902656,0.8321396732153234,0.0,False
2023091003,2087,54492,Devin Lloyd,MLB,1.9529897964136638,1.1134722902656,0.8321396732153234,0.0,False
2023091003,2087,46269,Foye Oluokun,OLB,3.497169289355599,1.1134722902656,0.8321396732153234,0.0,False
2023091003,2087,44926,Rayshawn Jenkins,SS,4.636104467584153,1.1134722902656,0.8321396732153234,0.0,False
2023091003,2087,46700,Tre Herndon,CB,3.7427160897484693,1.1134722902656,0.8321396732153234,0.0,False
2023091003,2087,53462,Tyson Campbell,CB,1.9456119634809235,1.1134722902656,0.8321396732153234,0.0073778329327403025,True
2023091003,2204,54980,Dallis Flowers,CB,10.457694394645833,1.1214518991720681,0.18235453193141193,0.0,False
2023091003,2204,55137,Darrell Baker Jr.,CB,1.30380643110348,1.1214518991720681,0.18235453193141193,1.4619924854105093,True
2023091003,2204,52493,Julian Blackmon,FS,2.7657989165139893,1.1214518991720681,0.18235453193141193,0.0,False
2023091003,2204,45287,Kenny Moore II,CB,6.684997338614853,1.1214518991720681,0.18235453193141193,0.0,False
2023091003,2204,54704,Rodney Thomas,FS,6.907394718945746,1.1214518991720681,0.18235453193141193,0.0,False
2023091003,2204,46105,Shaquille Leonard,MLB,4.200145350189848,1.1214518991720681,0.18235453193141193,0.0,False
2023091003,2204,46304,Zaire Franklin,MLB,5.447755807820722,1.1214518991720681,0.18235453193141193,0.0,False
2023091003,2227,54980,Dallis Flowers,CB,1.1716151944560491,1.1198367633523796,0.05177843110366953,1.6773518888587446,True
2023091003,2227,55137,Darrell Baker Jr.,CB,5.952681574412676,1.1198367633523796,0.05177843110366953,0.0,False
2023091003,2227,47947,E.J. Speed,MLB,2.939590168006342,1.1198367633523796,0.05177843110366953,0.0,False
2023091003,2227,52493,Julian Blackmon,FS,2.8489670833147938,1.1198367633523796,0.05177843110366953,0.0,False
2023091003,2227,54704,Rodney Thomas,FS,5.136788568735143,1.1198367633523796,0.05177843110366953,0.0,False
2023091003,2286,53494,Andre Cisco,FS,2.7723069897467223,0.8686506904177778,0.24380485120725215,0.0,False
2023091003,2286,46456,Darious Williams,CB,3.2074311291518205,0.8686506904177778,0.24380485120725215,0.0,False
2023091003,2286,54492,Devin Lloyd,MLB,1.3999447281163033,0.8686506904177778,0.24380485120725215,0.0,False
2023091003,2286,46269,Foye Oluokun,OLB,2.164633813124369,0.8686506904177778,0.24380485120725215,0.0,False
2023091003,2286,44926,Rayshawn Jenkins,SS,1.717649238169156,0.8686506904177778,0.24380485120725215,0.0,False
2023091003,2286,46700,Tre Herndon,CB,3.716223361853746,0.8686506904177778,0.24380485120725215,0.0,False
2023091003,2286,53462,Tyson Campbell,CB,1.11245554162503,0.8686506904177778,0.24380485120725215,0.2874891864912734,True
2023091003,2369,53494,Andre Cisco,FS,1.2491844075306986,0.6946911570319086,0.49203853522679897,0.0,False
2023091003,2369,46456,Darious Williams,CB,5.690812550204587,0.6946911570319086,0.49203853522679897,0.0,False
2023091003,2369,46269,Foye Oluokun,OLB,1.1867296922587076,0.6946911570319086,0.49203853522679897,0.06245471527199098,True
2023091003,2369,46700,Tre Herndon,CB,4.130582835748787,0.6946911570319086,0.49203853522679897,0.0,False
2023091003,2369,53462,Tyson Campbell,CB,2.954886626311426,0.6946911570319086,0.49203853522679897,0.0,False
2023091003,2519,54980,Dallis Flowers,CB,8.24558683791893,0.8938496008653571,0.6821819929733219,0.0,False
2023091003,2519,55137,Darrell Baker Jr.,CB,1.576031593838679,0.8938496008653571,0.6821819929733219,0.5917059077964306,True
2023091003,2519,52493,Julian Blackmon,FS,5.559511799819217,0.8938496008653571,0.6821819929733219,0.0,False
2023091003,2519,45287,Kenny Moore II,CB,2.1677375016351097,0.8938496008653571,0.6821819929733219,0.0,False
2023091003,2519,54704,Rodney Thomas,FS,5.075971179390521,0.8938496008653571,0.6821819929733219,0.0,False
2023091003,2519,46105,Shaquille Leonard,MLB,7.545884295150233,0.8938496008653571,0.6821819929733219,0.0,False
2023091003,2519,46304,Zaire Franklin,MLB,4.864210146948411,0.8938496008653571,0.6821819929733219,0.0,False
2023091003,2571,54980,Dallis Flowers,CB,3.788281028881331,1.0838590814238303,-0.19114558089371836,0.0,False
2023091003,2571,55137,Darrell Baker Jr.,CB,2.73935501019071,1.0838590814238303,-0.19114558089371836,0.0,False
2023091003,2571,52493,Julian Blackmon,FS,0.8927135005301119,1.0838590814238303,-0.19114558089371836,1.0097774705500633,True
2023091003,2571,45287,Kenny Moore II,CB,3.344291286650585,1.0838590814238303,-0.19114558089371836,0.0,False
2023091003,2571,54704,Rodney Thomas,FS,3.0329999566319414,1.0838590814238303,-0.19114558089371836,0.0,False
2023091003,2571,46105,Shaquille Leonard,MLB,1.9024909710801752,1.0838590814238303,-0.19114558089371836,0.0,False
2023091003,2571,46304,Zaire Franklin,MLB,3.6444000701945876,1.0838590814238303,-0.19114558089371836,0.0,False
2023091003,2608,54980,Dallis Flowers,CB,8.757151725968795,1.877017863572611,0.055925149262112894,0.0,False
2023091003,2608,55137,Darrell Baker Jr.,CB,1.9329430128347238,1.877017863572611,0.055925149262112894,1.4432424844778247,True
2023091003,2608,52493,Julian Blackmon,FS,3.3761854973125485,1.877017863572611,0.055925149262112894,0.0,False
2023091003,2608,45287,Kenny Moore II,CB,4.295122746963313,1.877017863572611,0.055925149262112894,0.0,False
2023091003,2608,54704,Rodney Thomas,FS,3.87005463197527,1.877017863572611,0.055925149262112894,0.0,False
2023091003,2608,46105,Shaquille Leonard,MLB,3.693718632710779,1.877017863572611,0.055925149262112894,0.0,False
2023091003,2608,46304,Zaire Franklin,MLB,4.098576260253658,1.877017863572611,0.055925149262112894,0.0,False
2023091003,2638,54980,Dallis Flowers,CB,7.648477668199984,0.8727110595883407,0.4434322773950312,0.0,False
2023091003,2638,55137,Darrell Baker Jr.,CB,1.316143336983372,0.8727110595883407,0.4434322773950312,0.28388913904736746,True
2023091003,2638,52493,Julian Blackmon,FS,1.6000324760307394,0.8727110595883407,0.4434322773950312,0.0,False
2023091003,2638,45287,Kenny Moore II,CB,4.331598681960094,0.8727110595883407,0.4434322773950312,0.0,False
2023091003,2638,54704,Rodney Thomas,FS,5.25722061667459,0.8727110595883407,0.4434322773950312,0.0,False
2023091003,2638,46105,Shaquille Leonard,MLB,2.330043897434696,0.8727110595883407,0.4434322773950312,0.0,False
2023091003,2638,46304,Zaire Franklin,MLB,3.6971893892161187,0.8727110595883407,0.4434322773950312,0.0,False
2023091003,2798,53494,Andre Cisco,FS,4.9448499853089976,0.5781684741564908,1.1843724162491598,0.0,False
2023091003,2798,46456,Darious Williams,CB,4.13823089059742,0.5781684741564908,1.1843724162491598,0.0,False
2023091003,2798,54492,Devin Lloyd,MLB,3.2366308724528934,0.5781684741564908,1.1843724162491598,0.0,False
2023091003,2798,46269,Foye Oluokun,OLB,2.154224348676285,0.5781684741564908,1.1843724162491598,0.0,False
2023091003,2798,44926,Rayshawn Jenkins,SS,1.7625408904056505,0.5781684741564908,1.1843724162491598,0.39168345827063433,True
2023091003,2798,46700,Tre Herndon,CB,7.483773395676987,0.5781684741564908,1.1843724162491598,0.0,False
2023091003,2798,53462,Tyson Campbell,CB,2.9210372389242893,0.5781684741564908,1.1843724162491598,0.0,False
2023091003,2902,54980,Dallis Flowers,CB,9.277813413480033,0.6870501744174695,1.5209794316261935,0.0,False
2023091003,2902,55137,Darrell Baker Jr.,CB,3.187767951703678,0.6870501744174695,1.5209794316261935,0.0,False
2023091003,2902,47947,E.J. Speed,MLB,3.6517305202729426,0.6870501744174695,1.5209794316261935,0.0,False
2023091003,2902,52493,Julian Blackmon,FS,2.208029606043663,0.6870501744174695,1.5209794316261935,0.979738345660015,True
2023091003,2902,45287,Kenny Moore II,CB,6.805628226123633,0.6870501744174695,1.5209794316261935,0.0,False
2023091003,2902,54704,Rodney Thomas,FS,6.061778084381409,0.6870501744174695,1.5209794316261935,0.0,False
2023091003,2979,53494,Andre Cisco,FS,5.658408478759229,0.8485119272012513,1.0059912439663632,0.0,False
2023091003,2979,46456,Darious Williams,CB,5.224938900342842,0.8485119272012513,1.0059912439663632,0.0,False
2023091003,2979,54492,Devin Lloyd,MLB,2.190448065033254,0.8485119272012513,1.0059912439663632,0.0,False
2023091003,2979,46269,Foye Oluokun,OLB,1.8545031711676145,0.8485119272012513,1.0059912439663632,0.32310825006039856,True
2023091003,2979,52428,K'Lavon Chaisson,OLB,2.177611421228013,0.8485119272012513,1.0059912439663632,0.0,False
2023091003,2979,44926,Rayshawn Jenkins,SS,4.534252207864092,0.8485119272012513,1.0059912439663632,0.0,False
2023091003,2979,53462,Tyson Campbell,CB,7.204457326969174,0.8485119272012513,1.0059912439663632,0.0,False
2023091003,3002,53494,Andre Cisco,FS,4.428040538622468,1.227160181878904,0.2777934293566038,0.0,False
2023091003,3002,46456,Darious Williams,CB,8.432524843871715,1.227160181878904,0.2777934293566038,0.0,False
2023091003,3002,54492,Devin Lloyd,MLB,1.8904036481584345,1.227160181878904,0.2777934293566038,0.0,False
2023091003,3002,46269,Foye Oluokun,OLB,5.472799056824297,1.227160181878904,0.2777934293566038,0.0,False
2023091003,3002,44926,Rayshawn Jenkins,SS,4.005422796923685,1.227160181878904,0.2777934293566038,0.0,False
2023091003,3002,46700,Tre Herndon,CB,7.966705569020225,1.227160181878904,0.2777934293566038,0.0,False
2023091003,3002,53462,Tyson Campbell,CB,1.5049536112355077,1.227160181878904,0.2777934293566038,0.3854500369229268,True
2023091003,3202,54980,Dallis Flowers,CB,3.8297093656373242,0.384110834020844,1.3424277388153878,0.0,False
2023091003,3202,55137,Darrell Baker Jr.,CB,3.526346133623154,0.384110834020844,1.3424277388153878,0.0,False
2023091003,3202,52493,Julian Blackmon,FS,3.7645535052244323,0.384110834020844,1.3424277388153878,0.0,False
2023091003,3202,45287,Kenny Moore II,CB,2.4431312691579006,0.384110834020844,1.3424277388153878,0.0,False
2023091003,3202,54704,Rodney Thomas,FS,5.128930176926434,0.384110834020844,1.3424277388153878,0.0,False
2023091003,3202,46105,Shaquille Leonard,MLB,2.36085808131305,0.384110834020844,1.3424277388153878,0.0,False
2023091003,3202,46304,Zaire Franklin,MLB,1.7265385728362317,0.384110834020844,1.3424277388153878,0.6343195084768181,True
2023091003,3335,53494,Andre Cisco,FS,2.8126453258237833,1.113021112609108,0.0453557708486827,0.0,False
2023091003,3335,46456,Darious Williams,CB,1.1583768834577908,1.113021112609108,0.0453557708486827,0.6478743902020709,True
2023091003,3335,54492,Devin Lloyd,MLB,1.8062512736598617,1.113021112609108,0.0453557708486827,0.0,False
2023091003,3335,46269,Foye Oluokun,OLB,3.0838043728403046,1.113021112609108,0.0453557708486827,0.0,False
2023091003,3335,44926,Rayshawn Jenkins,SS,6.246310057642911,1.113021112609108,0.0453557708486827,0.0,False
2023091003,3335,54466,Travon Walker,DE,4.309150880030515,1.113021112609108,0.0453557708486827,0.0,False
2023091003,3335,53462,Tyson Campbell,CB,7.516579213214921,1.113021112609108,0.0453557708486827,0.0,False
2023091003,3409,53494,Andre Cisco,FS,4.502186870062011,1.1524201021876883,-0.4080628413470443,0.0,False
2023091003,3409,46456,Darious Williams,CB,6.466909993515538,1.1524201021876883,-0.4080628413470443,0.0,False
2023091003,3409,54492,Devin Lloyd,MLB,2.434513292075188,1.1524201021876883,-0.4080628413470443,0.0,False
2023091003,3409,46269,Foye Oluokun,OLB,2.3960548892486213,1.1524201021876883,-0.4080628413470443,0.0,False
2023091003,3409,44926,Rayshawn Jenkins,SS,0.744357260840644,1.1524201021876883,-0.4080628413470443,1.6516976284079772,True
2023091003,3409,46700,Tre Herndon,CB,4.714221002837238,1.1524201021876883,-0.4080628413470443,0.0,False
2023091003,3409,53462,Tyson Campbell,CB,2.6620372677095667,1.1524201021876883,-0.4080628413470443,0.0,False
2023091003,3645,53494,Andre Cisco,FS,1.661081124062378,0.9202053672965465,0.27205599307071515,0.0,False
2023091003,3645,46456,Darious Williams,CB,3.108229085538426,0.9202053672965465,0.27205599307071515,0.0,False
2023091003,3645,54492,Devin Lloyd,MLB,1.1922613603672616,0.9202053672965465,0.27205599307071515,0.2169517841368318,True
2023091003,3645,44926,Rayshawn Jenkins,SS,1.4092131445040934,0.9202053672965465,0.27205599307071515,0.0,False
2023091003,3645,54466,Travon Walker,DE,1.7325385055963285,0.9202053672965465,0.27205599307071515,0.0,False
2023091003,3645,53462,Tyson Campbell,CB,4.724194850799294,0.9202053672965465,0.27205599307071515,0.0,False
2023091003,3750,54980,Dallis Flowers,CB,9.007708951261536,0.4860573243821163,0.8698229536723416,0.0,False
2023091003,3750,55137,Darrell Baker Jr.,CB,1.4347877516183425,0.4860573243821163,0.8698229536723416,0.0,False
2023091003,3750,43296,DeForest Buckner,DT,3.049757080816929,0.4860573243821163,0.8698229536723416,0.0,False
2023091003,3750,52493,Julian Blackmon,FS,3.7079866527599132,0.4860573243821163,0.8698229536723416,0.0,False
2023091003,3750,45287,Kenny Moore II,CB,7.2062639741091585,0.4860573243821163,0.8698229536723416,0.0,False
2023091003,3750,54704,Rodney Thomas,FS,6.438526270703249,0.4860573243821163,0.8698229536723416,0.0,False
2023091003,3750,46105,Shaquille Leonard,MLB,1.3558802780544579,0.4860573243821163,0.8698229536723416,0.07890747356388461,True
2023091003,3750,46304,Zaire Franklin,MLB,4.494834004386158,0.4860573243821163,0.8698229536723416,0.0,False
2023091003,3797,54980,Dallis Flowers,CB,1.8339099718767176,2.094733883426988,-0.2608239115502706,0.47663151523493896,True
2023091003,3797,55137,Darrell Baker Jr.,CB,9.249409807771908,2.094733883426988,-0.2608239115502706,0.0,False
2023091003,3797,52493,Julian Blackmon,FS,5.442783102903596,2.094733883426988,-0.2608239115502706,0.0,False
2023091003,3797,45287,Kenny Moore II,CB,2.3105414871116565,2.094733883426988,-0.2608239115502706,0.0,False
2023091003,3797,54704,Rodney Thomas,FS,4.827924552441141,2.094733883426988,-0.2608239115502706,0.0,False
2023091003,3797,46105,Shaquille Leonard,MLB,8.63759830205378,2.094733883426988,-0.2608239115502706,0.0,False
2023091003,3797,46304,Zaire Franklin,MLB,5.2952179386695795,2.094733883426988,-0.2608239115502706,0.0,False
2023091003,3820,54980,Dallis Flowers,CB,3.7785122351680474,0.7427150042935206,1.985914355940424,0.0,False
2023091003,3820,55137,Darrell Baker Jr.,CB,5.885652681224671,0.7427150042935206,1.985914355940424,0.0,False
2023091003,3820,47947,E.J. Speed,MLB,4.637710000813228,0.7427150042935206,1.985914355940424,0.0,False
2023091003,3820,52493,Julian Blackmon,FS,6.027722155845536,0.7427150042935206,1.985914355940424,0.0,False
2023091003,3820,45287,Kenny Moore II,CB,2.7286293602339446,0.7427150042935206,1.985914355940424,0.6246205539147178,True
2023091003,3820,54704,Rodney Thomas,FS,5.517278795169959,0.7427150042935206,1.985914355940424,0.0,False
2023091003,3820,46304,Zaire Franklin,MLB,3.3532499141486625,0.7427150042935206,1.985914355940424,0.0,False
2023091003,3845,54980,Dallis Flowers,CB,7.367644838718305,1.012959295583344,0.24173740609083327,0.0,False
2023091003,3845,55137,Darrell Baker Jr.,CB,3.3814530704253656,1.012959295583344,0.24173740609083327,0.0,False
2023091003,3845,52493,Julian Blackmon,FS,6.189355444970801,1.012959295583344,0.24173740609083327,0.0,False
2023091003,3845,45287,Kenny Moore II,CB,2.2287556971726543,1.012959295583344,0.24173740609083327,0.0,False
2023091003,3845,54704,Rodney Thomas,FS,3.5503688685495,1.012959295583344,0.24173740609083327,0.0,False
2023091003,3845,46105,Shaquille Leonard,MLB,4.4871340325628735,1.012959295583344,0.24173740609083327,0.0,False
2023091003,3845,46304,Zaire Franklin,MLB,1.2546967016741772,1.012959295583344,0.24173740609083327,0.9740589954984771,True
2023091003,3975,53494,Andre Cisco,FS,4.168432368580088,1.7711624205242158,0.27115527264463557,0.0,False
2023091003,3975,46456,Darious Williams,CB,2.0530005815741594,1.7711624205242158,0.27115527264463557,0.0,False
2023091003,3975,54492,Devin Lloyd,MLB,2.8249137260754598,1.7711624205242158,0.27115527264463557,0.0,False
2023091003,3975,46269,Foye Oluokun,OLB,3.4978613879827796,1.7711624205242158,0.27115527264463557,0.0,False
2023091003,3975,44926,Rayshawn Jenkins,SS,2.0423176931688514,1.7711624205242158,0.27115527264463557,0.010682888405308066,True
2023091003,3975,53462,Tyson Campbell,CB,8.840027988723374,1.7711624205242158,0.27115527264463557,0.0,False
2023091003,3998,53494,Andre Cisco,FS,6.708226848321494,1.439337558711207,-0.5630312589526916,0.0,False
2023091003,3998,46456,Darious Williams,CB,6.624643858149195,1.439337558711207,-0.5630312589526916,0.0,False
2023091003,3998,54492,Devin Lloyd,MLB,3.2935056561595197,1.439337558711207,-0.5630312589526916,0.0,False
2023091003,3998,46269,Foye Oluokun,OLB,2.5009290073890584,1.439337558711207,-0.5630312589526916,0.0,False
2023091003,3998,44926,Rayshawn Jenkins,SS,2.526162475757936,1.439337558711207,-0.5630312589526916,0.0,False
2023091003,3998,54466,Travon Walker,DE,1.7340153725957121,1.439337558711207,-0.5630312589526916,0.0,False
2023091003,3998,53462,Tyson Campbell,CB,0.8763062997585154,1.439337558711207,-0.5630312589526916,0.8577090728371968,True
2023091003,4047,54980,Dallis Flowers,CB,2.5232998565259206,1.7454108040105472,0.32344683692276543,0.0,False
2023091003,4047,55137,Darrell Baker Jr.,CB,5.940467987080614,1.7454108040105472,0.32344683692276543,0.0,False
2023091003,4047,45287,Kenny Moore II,CB,3.2032448716431348,1.7454108040105472,0.32344683692276543,0.0,False
2023091003,4047,54704,Rodney Thomas,FS,2.0688576409333126,1.7454108040105472,0.32344683692276543,0.2821919331252034,True
2023091003,4047,46105,Shaquille Leonard,MLB,2.351049574058516,1.7454108040105472,0.32344683692276543,0.0,False
2023091003,4047,46304,Zaire Franklin,MLB,8.421725022014416,1.7454108040105472,0.32344683692276543,0.0,False
2023091003,4153,53494,Andre Cisco,FS,3.8717945067282558,1.014609847284152,0.1280580928681816,0.0,False
2023091003,4153,46456,Darious Williams,CB,2.987753441318364,1.014609847284152,0.1280580928681816,0.0,False
2023091003,4153,54492,Devin Lloyd,MLB,1.9127976327227663,1.014609847284152,0.1280580928681816,0.0,False
2023091003,4153,46269,Foye Oluokun,OLB,1.6673332452401612,1.014609847284152,0.1280580928681816,0.0,False
2023091003,4153,44926,Rayshawn Jenkins,SS,1.1426679401523336,1.014609847284152,0.1280580928681816,0.5246653050878276,True
2023091003,4153,46700,Tre Herndon,CB,4.38062393895012,1.014609847284152,0.1280580928681816,0.0,False
2023091003,4153,53462,Tyson Campbell,CB,5.314664078748452,1.014609847284152,0.1280580928681816,0.0,False
2023091003,4201,53494,Andre Cisco,FS,5.0480405287514545,0.9862983442739675,1.7079175904980335,0.0,False
2023091003,4201,46456,Darious Williams,CB,3.7100370267772944,0.9862983442739675,1.7079175904980335,0.0,False
2023091003,4201,46269,Foye Oluokun,OLB,2.694215934772001,0.9862983442739675,1.7079175904980335,1.0158210920052932,True
2023091003,4201,52428,K'Lavon Chaisson,OLB,5.19593695522975,0.9862983442739675,1.7079175904980335,0.0,False
2023091003,4201,46700,Tre Herndon,CB,6.134394432011185,0.9862983442739675,1.7079175904980335,0.0,False
2023091003,4201,53462,Tyson Campbell,CB,8.235845696882746,0.9862983442739675,1.7079175904980335,0.0,False
2023091003,4258,53494,Andre Cisco,FS,4.248516546352569,0.5157140912704228,0.7517789349972557,0.0,False
2023091003,4258,46456,Darious Williams,CB,1.2674930262676785,0.5157140912704228,0.7517789349972557,2.0655022043291735,True
2023091003,4258,44926,Rayshawn Jenkins,SS,3.332995230596852,0.5157140912704228,0.7517789349972557,0.0,False
2023091003,4258,46700,Tre Herndon,CB,7.060397732855504,0.5157140912704228,0.7517789349972557,0.0,False
2023091003,4258,53462,Tyson Campbell,CB,8.869760498962924,0.5157140912704228,0.7517789349972557,0.0,False
2023091003,4283,53494,Andre Cisco,FS,1.915148131981997,1.008577059695726,-0.14729149888608384,0.0,False
2023091003,4283,46456,Darious Williams,CB,1.8658215320657132,1.008577059695726,-0.14729149888608384,0.0,False
2023091003,4283,54492,Devin Lloyd,MLB,1.0435717225184387,1.008577059695726,-0.14729149888608384,0.0,False
2023091003,4283,46269,Foye Oluokun,OLB,0.8612855608096421,1.008577059695726,-0.14729149888608384,0.18228616170879652,True
2023091003,4283,44926,Rayshawn Jenkins,SS,2.184602811734638,1.008577059695726,-0.14729149888608384,0.0,False
2023091003,4283,46700,Tre Herndon,CB,2.312001411927655,1.008577059695726,-0.14729149888608384,0.0,False
2023091003,4283,53462,Tyson Campbell,CB,8.046326919702796,1.008577059695726,-0.14729149888608384,0.0,False
2023091003,4308,53494,Andre Cisco,FS,4.774490709251196,0.6745445960979954,0.4323701709247447,0.0,False
2023091003,4308,46456,Darious Williams,CB,1.1069147670227402,0.6745445960979954,0.4323701709247447,0.5867614971869541,True
2023091003,4308,54492,Devin Lloyd,MLB,1.6936762642096943,0.6745445960979954,0.4323701709247447,0.0,False
2023091003,4308,46269,Foye Oluokun,OLB,4.4077373838412655,0.6745445960979954,0.4323701709247447,0.0,False
2023091003,4308,44926,Rayshawn Jenkins,SS,2.25999821462682,0.6745445960979954,0.4323701709247447,0.0,False
2023091003,4308,46700,Tre Herndon,CB,4.190178404117321,0.6745445960979954,0.4323701709247447,0.0,False
2023091003,4308,53462,Tyson Campbell,CB,5.177618592391456,0.6745445960979954,0.4323701709247447,0.0,False
2023091003,4333,53494,Andre Cisco,FS,5.552921577512809,1.1074684360236398,1.3451581783366735,0.0,False
2023091003,4333,46456,Darious Williams,CB,2.4526266143603133,1.1074684360236398,1.3451581783366735,0.5045701381452488,True
2023091003,4333,54492,Devin Lloyd,MLB,2.9790644282306613,1.1074684360236398,1.3451581783366735,0.0,False
2023091003,4333,46269,Foye Oluokun,OLB,5.538717138989176,1.1074684360236398,1.3451581783366735,0.0,False
2023091003,4333,44926,Rayshawn Jenkins,SS,2.957196752505562,1.1074684360236398,1.3451581783366735,0.0,False
2023091003,4333,46700,Tre Herndon,CB,8.163753920449393,1.1074684360236398,1.3451581783366735,0.0,False
2023091003,4333,53462,Tyson Campbell,CB,9.150680262741485,1.1074684360236398,1.3451581783366735,0.0,False
2023091003,4363,53494,Andre Cisco,FS,2.7186767038801642,1.5704744618699142,0.2827525517203038,0.0,False
2023091003,4363,46456,Darious Williams,CB,1.853227013590218,1.5704744618699142,0.2827525517203038,0.8654496902899462,True
2023091003,4363,54492,Devin Lloyd,MLB,5.544172435742292,1.5704744618699142,0.2827525517203038,0.0,False
2023091003,4363,44926,Rayshawn Jenkins,SS,4.682594100516256,1.5704744618699142,0.2827525517203038,0.0,False
2023091003,4363,46700,Tre Herndon,CB,7.808719231659934,1.5704744618699142,0.2827525517203038,0.0,False
2023091003,4363,53462,Tyson Campbell,CB,8.360215234733264,1.5704744618699142,0.2827525517203038,0.0,False
2023091003,4416,53494,Andre Cisco,FS,3.096647741258508,1.0258438013195108,0.40478778965506157,0.0,False
2023091003,4416,46456,Darious Williams,CB,3.601363709840866,1.0258438013195108,0.40478778965506157,0.0,False
2023091003,4416,46269,Foye Oluokun,OLB,1.4306315909745724,1.0258438013195108,0.40478778965506157,0.6562894163728061,True
2023091003,4416,47790,Josh Hines-Allen,DE,2.0869210073473785,1.0258438013195108,0.40478778965506157,0.0,False
2023091003,4416,44926,Rayshawn Jenkins,SS,3.2443021209319935,1.0258438013195108,0.40478778965506157,0.0,False
2023091003,4416,53462,Tyson Campbell,CB,5.62899299325464,1.0258438013195108,0.40478778965506157,0.0,False
2023091003,4494,53494,Andre Cisco,FS,1.4170893563944855,1.2920741700340361,-0.482588856082415,0.0,False
2023091003,4494,46456,Darious Williams,CB,7.062508683068221,1.2920741700340361,-0.482588856082415,0.0,False
2023091003,4494,54492,Devin Lloyd,MLB,3.4219766846597066,1.2920741700340361,-0.482588856082415,0.0,False
2023091003,4494,46269,Foye Oluokun,OLB,5.678951880292314,1.2920741700340361,-0.482588856082415,0.0,False
2023091003,4494,44926,Rayshawn Jenkins,SS,6.9067248357864015,1.2920741700340361,-0.482588856082415,0.0,False
2023091003,4494,53462,Tyson Campbell,CB,0.8094853139516212,1.2920741700340361,-0.482588856082415,0.6076040424428644,True
2023091003,4551,53494,Andre Cisco,FS,6.199336842934458,1.8729024701253372,0.06552592850722294,0.0,False
2023091003,4551,46456,Darious Williams,CB,6.987264444193407,1.8729024701253372,0.06552592850722294,0.0,False
2023091003,4551,54492,Devin Lloyd,MLB,2.0102510020177102,1.8729024701253372,0.06552592850722294,0.0,False
2023091003,4551,46269,Foye Oluokun,OLB,1.9384283986325601,1.8729024701253372,0.06552592850722294,0.07182260338515012,True
2023091003,4551,44926,Rayshawn Jenkins,SS,5.086074056440069,1.8729024701253372,0.06552592850722294,0.0,False
2023091003,4551,53462,Tyson Campbell,CB,6.576214554440001,1.8729024701253372,0.06552592850722294,0.0,False
2023091004,124,52453,Antoine Winfield Jr.,FS,2.135671049259167,1.465335593636262,0.10639405087532183,0.0,False
2023091004,124,46132,Carlton Davis III,CB,1.5717296445115838,1.465335593636262,0.10639405087532183,0.4149822216894892,True
2023091004,124,56540,Christian Izien,SS,4.595744315750262,1.465335593636262,0.10639405087532183,0.0,False
2023091004,124,47788,Devin White,OLB,1.986711866201073,1.465335593636262,0.10639405087532183,0.0,False
2023091004,124,47877,Jamel Dean,CB,3.819576342719133,1.465335593636262,0.10639405087532183,0.0,False
2023091004,124,38588,Lavonte David,ILB,2.2450241908197563,1.465335593636262,0.10639405087532183,0.0,False
2023091004,124,46711,Ryan Neal,SS,4.825964040432651,1.465335593636262,0.10639405087532183,0.0,False
2023091004,196,54583,Akayleb Evans,CB,2.8283962635967423,2.423959814405979,0.40443644919076327,1.056293786943121,True
2023091004,196,47816,Byron Murphy,CB,6.213243681102692,2.423959814405979,0.40443644919076327,0.0,False
2023091004,196,53554,Camryn Bynum,FS,5.806516860957579,2.423959814405979,0.40443644919076327,0.0,False
2023091004,196,38559,Harrison Smith,FS,6.241604706916024,2.423959814405979,0.40443644919076327,0.0,False
2023091004,196,42427,Jordan Hicks,ILB,7.099762097421132,2.423959814405979,0.40443644919076327,0.0,False
2023091004,196,52613,Josh Metellus,SS,3.8846900505398634,2.423959814405979,0.40443644919076327,0.0,False
2023091004,219,54583,Akayleb Evans,CB,3.623991212399881,0.8044050924120765,2.182468077515943,0.0,False
2023091004,219,47816,Byron Murphy,CB,6.391258430071063,0.8044050924120765,2.182468077515943,0.0,False
2023091004,219,53554,Camryn Bynum,FS,3.628034798160367,0.8044050924120765,2.182468077515943,0.0,False
2023091004,219,38559,Harrison Smith,FS,5.955373228547062,0.8044050924120765,2.182468077515943,0.0,False
2023091004,219,42427,Jordan Hicks,ILB,2.9868731699280198,0.8044050924120765,2.182468077515943,0.579926289562315,True
2023091004,219,52613,Josh Metellus,SS,4.502330074646571,0.8044050924120765,2.182468077515943,0.0,False
2023091004,219,55967,Mekhi Blackmon,CB,4.665150764184298,0.8044050924120765,2.182468077515943,0.0,False
2023091004,219,53519,Patrick Jones II,OLB,3.5667994594903343,0.8044050924120765,2.182468077515943,0.0,False
2023091004,315,52453,Antoine Winfield Jr.,FS,2.0979915036355075,1.0824770549943874,0.24022304882599999,0.0,False
2023091004,315,46132,Carlton Davis III,CB,1.3802434828779455,1.0824770549943874,0.24022304882599999,0.0,False
2023091004,315,56540,Christian Izien,SS,1.3227001038203874,1.0824770549943874,0.24022304882599999,0.05754337905755813,True
2023091004,315,47877,Jamel Dean,CB,6.292762440040471,1.0824770549943874,0.24022304882599999,0.0,False
2023091004,315,38588,Lavonte David,ILB,3.4857012619766494,1.0824770549943874,0.24022304882599999,0.0,False
2023091004,315,46711,Ryan Neal,SS,3.804897722914487,1.0824770549943874,0.24022304882599999,0.0,False
2023091004,315,41915,Shaquil Barrett,OLB,6.007135936526677,1.0824770549943874,0.24022304882599999,0.0,False
2023091004,340,46132,Carlton Davis III,CB,4.513618994631488,0.5339546748704311,0.3164569719240313,0.0,False
2023091004,340,47788,Devin White,OLB,1.4086903793139,0.5339546748704311,0.3164569719240313,0.0,False
2023091004,340,47877,Jamel Dean,CB,3.9160825300810567,0.5339546748704311,0.3164569719240313,0.0,False
2023091004,340,53461,Joe Tryon-Shoyinka,OLB,0.8504116467944625,0.5339546748704311,0.3164569719240313,0.5582787325194376,True
2023091004,340,38588,Lavonte David,ILB,3.0642557004228768,0.5339546748704311,0.3164569719240313,0.0,False
2023091004,340,46711,Ryan Neal,SS,4.108699963490102,0.5339546748704311,0.3164569719240313,0.0,False
2023091004,365,52453,Antoine Winfield Jr.,FS,2.510587382414891,1.392589058564503,0.6615363247208186,0.0,False
2023091004,365,46132,Carlton Davis III,CB,2.5462378451753014,1.392589058564503,0.6615363247208186,0.0,False
2023091004,365,47788,Devin White,OLB,4.061859224855618,1.392589058564503,0.6615363247208186,0.0,False
2023091004,365,47877,Jamel Dean,CB,5.442791242713519,1.392589058564503,0.6615363247208186,0.0,False
2023091004,365,38588,Lavonte David,ILB,2.0541253832853217,1.392589058564503,0.6615363247208186,0.4564619991295693,True
2023091004,365,46711,Ryan Neal,SS,4.493581169134844,1.392589058564503,0.6615363247208186,0.0,False
2023091004,390,47890,Anthony Nelson,OLB,5.935807944474844,0.9644099380846671,1.0398121755309844,0.0,False
2023091004,390,52453,Antoine Winfield Jr.,FS,4.81161003342074,0.9644099380846671,1.0398121755309844,0.0,False
2023091004,390,46132,Carlton Davis III,CB,2.5442675958873515,0.9644099380846671,1.0398121755309844,0.0,False
2023091004,390,47788,Devin White,OLB,5.189790275075278,0.9644099380846671,1.0398121755309844,0.0,False
2023091004,390,47877,Jamel Dean,CB,6.782246535127059,0.9644099380846671,1.0398121755309844,0.0,False
2023091004,390,38588,Lavonte David,ILB,2.0042221136156515,0.9644099380846671,1.0398121755309844,0.5400454822717,True
2023091004,390,46711,Ryan Neal,SS,5.792812225537991,0.9644099380846671,1.0398121755309844,0.0,False
2023091004,413,47890,Anthony Nelson,OLB,1.0869504177205418,0.8376441795469565,0.24930623817358533,0.615372034639311,True
2023091004,413,52453,Antoine Winfield Jr.,FS,3.032705324029398,0.8376441795469565,0.24930623817358533,0.0,False
2023091004,413,46132,Carlton Davis III,CB,3.826348147009644,0.8376441795469565,0.24930623817358533,0.0,False
2023091004,413,47788,Devin White,OLB,1.7023224523598528,0.8376441795469565,0.24930623817358533,0.0,False
2023091004,413,47877,Jamel Dean,CB,3.591011938203135,0.8376441795469565,0.24930623817358533,0.0,False
2023091004,413,38588,Lavonte David,ILB,2.272393517791308,0.8376441795469565,0.24930623817358533,0.0,False
2023091004,413,46711,Ryan Neal,SS,2.6310389984875533,0.8376441795469565,0.24930623817358533,0.0,False
2023091004,438,47890,Anthony Nelson,OLB,3.5503113744180728,0.4706002396634239,0.9082530877138721,0.0,False
2023091004,438,52453,Antoine Winfield Jr.,FS,3.640692245546206,0.4706002396634239,0.9082530877138721,0.0,False
2023091004,438,46132,Carlton Davis III,CB,6.975118204925163,0.4706002396634239,0.9082530877138721,0.0,False
2023091004,438,47788,Devin White,OLB,1.903424157601311,0.4706002396634239,0.9082530877138721,0.0,False
2023091004,438,47877,Jamel Dean,CB,4.012920601030705,0.4706002396634239,0.9082530877138721,0.0,False
2023091004,438,38588,Lavonte David,ILB,1.378853327377296,0.4706002396634239,0.9082530877138721,0.5245708302240149,True
2023091004,438,46711,Ryan Neal,SS,5.574415591707267,0.4706002396634239,0.9082530877138721,0.0,False
2023091004,438,55947,Yaya Diaby,OLB,4.122129939352651,0.4706002396634239,0.9082530877138721,0.0,False
2023091004,542,54583,Akayleb Evans,CB,6.7314708831469074,0.8130002285088918,0.49397477815199897,0.0,False
2023091004,542,47816,Byron Murphy,CB,1.3069750066608907,0.8130002285088918,0.49397477815199897,1.1195272478642806,True
2023091004,542,53554,Camryn Bynum,FS,5.013513219440132,0.8130002285088918,0.49397477815199897,0.0,False
2023091004,542,38559,Harrison Smith,FS,5.133308667915025,0.8130002285088918,0.49397477815199897,0.0,False
2023091004,542,56527,Ivan Pace Jr.,ILB,2.4265022545251713,0.8130002285088918,0.49397477815199897,0.0,False
2023091004,592,54583,Akayleb Evans,CB,1.2822872592510428,1.174557432129135,0.10772982712190782,0.5168761317468888,True
2023091004,592,47816,Byron Murphy,CB,4.477840462681645,1.174557432129135,0.10772982712190782,0.0,False
2023091004,592,53554,Camryn Bynum,FS,3.248609820129942,1.174557432129135,0.10772982712190782,0.0,False
2023091004,592,38559,Harrison Smith,FS,1.7991633909979317,1.174557432129135,0.10772982712190782,0.0,False
2023091004,592,56527,Ivan Pace Jr.,ILB,2.7993764043703004,1.174557432129135,0.10772982712190782,0.0,False
2023091004,592,42427,Jordan Hicks,ILB,1.9304566684409787,1.174557432129135,0.10772982712190782,0.0,False
2023091004,592,52613,Josh Metellus,SS,4.030300557024057,1.174557432129135,0.10772982712190782,0.0,False
2023091004,695,54583,Akayleb Evans,CB,6.520364313807479,3.349548776752368,-0.09955609867217596,0.0,False
2023091004,695,47816,Byron Murphy,CB,4.9254922336168825,3.349548776752368,-0.09955609867217596,0.0,False
2023091004,695,53554,Camryn Bynum,FS,6.043964373787052,3.349548776752368,-0.09955609867217596,0.0,False
2023091004,695,38559,Harrison Smith,FS,10.784654670558785,3.349548776752368,-0.09955609867217596,0.0,False
2023091004,695,42427,Jordan Hicks,ILB,7.677572866843612,3.349548776752368,-0.09955609867217596,0.0,False
2023091004,695,52613,Josh Metellus,SS,5.48970839229319,3.349548776752368,-0.09955609867217596,0.0,False
2023091004,695,55967,Mekhi Blackmon,CB,3.249992678080192,3.349548776752368,-0.09955609867217596,1.6754995555366903,True
2023091004,695,53519,Patrick Jones II,OLB,8.356840265051824,3.349548776752368,-0.09955609867217596,0.0,False
2023091004,766,52453,Antoine Winfield Jr.,FS,3.2440956047913416,0.8678831575654784,1.0478149318160415,0.0,False
2023091004,766,46132,Carlton Davis III,CB,4.153945318365891,0.8678831575654784,1.0478149318160415,0.0,False
2023091004,766,56540,Christian Izien,SS,3.0468429515442903,0.8678831575654784,1.0478149318160415,0.0,False
2023091004,766,47788,Devin White,OLB,1.9156980893815199,0.8678831575654784,1.0478149318160415,0.5507818144211978,True
2023091004,766,47877,Jamel Dean,CB,4.477954032787254,0.8678831575654784,1.0478149318160415,0.0,False
2023091004,766,38588,Lavonte David,ILB,2.4664799038027176,0.8678831575654784,1.0478149318160415,0.0,False
2023091004,766,46711,Ryan Neal,SS,5.53460908530843,0.8678831575654784,1.0478149318160415,0.0,False
2023091004,821,54583,Akayleb Evans,CB,5.10484736712418,0.8912734624971366,0.6770893028051717,0.0,False
2023091004,821,54531,Brian Asamoah II,ILB,1.5683627653023082,0.8912734624971366,0.6770893028051717,0.49722050597598244,True
2023091004,821,53554,Camryn Bynum,FS,2.471738923799261,0.8912734624971366,0.6770893028051717,0.0,False
2023091004,821,38559,Harrison Smith,FS,2.0655832712782907,0.8912734624971366,0.6770893028051717,0.0,False
2023091004,821,52613,Josh Metellus,SS,3.26128192996081,0.8912734624971366,0.6770893028051717,0.0,False
2023091004,936,52453,Antoine Winfield Jr.,FS,5.468537393042212,0.88358206844801,2.3018048453305324,0.0,False
2023091004,936,46132,Carlton Davis III,CB,3.1853869137785424,0.88358206844801,2.3018048453305324,0.19228177537323843,True
2023091004,936,47788,Devin White,OLB,3.5491551440939624,0.88358206844801,2.3018048453305324,0.0,False
2023091004,936,47877,Jamel Dean,CB,7.561248382315405,0.88358206844801,2.3018048453305324,0.0,False
2023091004,936,53461,Joe Tryon-Shoyinka,OLB,7.678238210525219,0.88358206844801,2.3018048453305324,0.0,False
2023091004,936,38588,Lavonte David,ILB,3.377668689151781,0.88358206844801,2.3018048453305324,0.0,False
2023091004,936,46711,Ryan Neal,SS,8.587612969129493,0.88358206844801,2.3018048453305324,0.0,False
2023091004,983,52453,Antoine Winfield Jr.,FS,4.459935555280498,0.8376605486153605,0.5125072958330159,0.0,False
2023091004,983,46132,Carlton Davis III,CB,2.8342110356635786,0.8376605486153605,0.5125072958330159,0.0,False
2023091004,983,56540,Christian Izien,SS,1.3501678444483765,0.8376605486153605,0.5125072958330159,0.8492077488233547,True
2023091004,983,47877,Jamel Dean,CB,4.383285676932145,0.8376605486153605,0.5125072958330159,0.0,False
2023091004,983,38588,Lavonte David,ILB,2.199375593271731,0.8376605486153605,0.5125072958330159,0.0,False
2023091004,1190,52453,Antoine Winfield Jr.,FS,1.8698803268169515,1.246450529108436,0.06652531669090123,0.0,False
2023091004,1190,47788,Devin White,OLB,2.225469138133318,1.246450529108436,0.06652531669090123,0.0,False
2023091004,1190,38588,Lavonte David,ILB,1.3129758457993372,1.246450529108436,0.06652531669090123,0.5569044810176143,True
2023091004,1190,46711,Ryan Neal,SS,3.9672650818860875,1.246450529108436,0.06652531669090123,0.0,False
2023091004,1190,55947,Yaya Diaby,OLB,3.460482402057833,1.246450529108436,0.06652531669090123,0.0,False
2023091004,1300,52453,Antoine Winfield Jr.,FS,6.222058590916877,0.7140658640009618,0.5780304811353372,0.0,False
2023091004,1300,46132,Carlton Davis III,CB,2.0789730838122193,0.7140658640009618,0.5780304811353372,0.0,False
2023091004,1300,56540,Christian Izien,SS,5.421722675125805,0.7140658640009618,0.5780304811353372,0.0,False
2023091004,1300,47788,Devin White,OLB,5.4990202730154945,0.7140658640009618,0.5780304811353372,0.0,False
2023091004,1300,47877,Jamel Dean,CB,5.355782275863942,0.7140658640009618,0.5780304811353372,0.0,False
2023091004,1300,38588,Lavonte David,ILB,1.292096345136299,0.7140658640009618,0.5780304811353372,0.7868767386759203,True
2023091004,1300,46711,Ryan Neal,SS,3.9939754144528483,0.7140658640009618,0.5780304811353372,0.0,False
2023091004,1326,52453,Antoine Winfield Jr.,FS,3.5444927234876453,2.548938546770976,0.33373785667415845,0.0,False
2023091004,1326,46132,Carlton Davis III,CB,3.797679615876383,2.548938546770976,0.33373785667415845,0.0,False
2023091004,1326,56540,Christian Izien,SS,4.867414392867676,2.548938546770976,0.33373785667415845,0.0,False
2023091004,1326,47788,Devin White,OLB,8.969369260557162,2.548938546770976,0.33373785667415845,0.0,False
2023091004,1326,47877,Jamel Dean,CB,4.7957842821241226,2.548938546770976,0.33373785667415845,0.0,False
2023091004,1326,38588,Lavonte David,ILB,7.074826109940222,2.548938546770976,0.33373785667415845,0.0,False
2023091004,1326,46711,Ryan Neal,SS,2.8826764034451346,2.548938546770976,0.33373785667415845,0.6618163200425107,True
2023091004,1540,52453,Antoine Winfield Jr.,FS,2.496079372377494,1.39664815241992,0.35341640650451445,0.0,False
2023091004,1540,46132,Carlton Davis III,CB,1.7500645589244344,1.39664815241992,0.35341640650451445,0.44363916078444365,True
2023091004,1540,47788,Devin White,OLB,4.729390771151711,1.39664815241992,0.35341640650451445,0.0,False
2023091004,1540,47877,Jamel Dean,CB,2.193703719708878,1.39664815241992,0.35341640650451445,0.0,False
2023091004,1540,53461,Joe Tryon-Shoyinka,OLB,6.384260007138643,1.39664815241992,0.35341640650451445,0.0,False
2023091004,1540,38588,Lavonte David,ILB,3.6763520123391054,1.39664815241992,0.35341640650451445,0.0,False
2023091004,1540,46711,Ryan Neal,SS,2.513389067784727,1.39664815241992,0.35341640650451445,0.0,False
2023091004,1594,52453,Antoine Winfield Jr.,FS,2.363502954327157,0.7876467078351668,1.57585624649199,0.5748358441099228,True
2023091004,1594,46132,Carlton Davis III,CB,2.93833879843708,0.7876467078351668,1.57585624649199,0.0,False
2023091004,1594,47788,Devin White,OLB,4.7338238179959795,0.7876467078351668,1.57585624649199,0.0,False
2023091004,1594,47877,Jamel Dean,CB,6.5432007777384475,0.7876467078351668,1.57585624649199,0.0,False
2023091004,1594,38588,Lavonte David,ILB,3.7790097905902695,0.7876467078351668,1.57585624649199,0.0,False
2023091004,1594,46711,Ryan Neal,SS,5.587167775928856,0.7876467078351668,1.57585624649199,0.0,False
2023091004,1641,52453,Antoine Winfield Jr.,FS,3.413911627193505,1.449565028674035,-0.181073621235331,0.0,False
2023091004,1641,46132,Carlton Davis III,CB,1.9106062271893005,1.449565028674035,-0.181073621235331,0.0,False
2023091004,1641,47788,Devin White,OLB,1.8748429494399206,1.449565028674035,-0.181073621235331,0.0,False
2023091004,1641,47877,Jamel Dean,CB,1.268491407438704,1.449565028674035,-0.181073621235331,0.6063515420012167,True
2023091004,1641,53461,Joe Tryon-Shoyinka,OLB,3.147308325465493,1.449565028674035,-0.181073621235331,0.0,False
2023091004,1641,46711,Ryan Neal,SS,2.1189375692300896,1.449565028674035,-0.181073621235331,0.0,False
2023091004,1676,52453,Antoine Winfield Jr.,FS,3.2461469522691955,0.930664495891796,0.9374368200862473,0.0,False
2023091004,1676,46132,Carlton Davis III,CB,6.030230456591174,0.930664495891796,0.9374368200862473,0.0,False
2023091004,1676,47788,Devin White,OLB,2.716505358846043,0.930664495891796,0.9374368200862473,0.0,False
2023091004,1676,47877,Jamel Dean,CB,1.8681013159780433,0.930664495891796,0.9374368200862473,0.8484040428679995,True
2023091004,1676,38588,Lavonte David,ILB,7.129120472707621,0.930664495891796,0.9374368200862473,0.0,False
2023091004,1676,46711,Ryan Neal,SS,2.923226982097661,0.930664495891796,0.9374368200862473,0.0,False
2023091004,1701,52453,Antoine Winfield Jr.,FS,1.424376380039427,1.2794277090932846,0.14494867094614228,0.30307877506671077,True
2023091004,1701,46132,Carlton Davis III,CB,4.038730789543856,1.2794277090932846,0.14494867094614228,0.0,False
2023091004,1701,47788,Devin White,OLB,2.5468892715624505,1.2794277090932846,0.14494867094614228,0.0,False
2023091004,1701,47877,Jamel Dean,CB,1.7274551551061377,1.2794277090932846,0.14494867094614228,0.0,False
2023091004,1701,38588,Lavonte David,ILB,2.2372931721179423,1.2794277090932846,0.14494867094614228,0.0,False
2023091004,1701,46711,Ryan Neal,SS,4.912828180023121,1.2794277090932846,0.14494867094614228,0.0,False
2023091004,1746,52453,Antoine Winfield Jr.,FS,3.81530523526754,2.238112407550492,-0.15533080854119863,0.0,False
2023091004,1746,46132,Carlton Davis III,CB,10.129907732505943,2.238112407550492,-0.15533080854119863,0.0,False
2023091004,1746,56540,Christian Izien,SS,6.283549170470859,2.238112407550492,-0.15533080854119863,0.0,False
2023091004,1746,47788,Devin White,OLB,3.248628104298827,2.238112407550492,-0.15533080854119863,0.0,False
2023091004,1746,47877,Jamel Dean,CB,2.0827815990092935,2.238112407550492,-0.15533080854119863,1.1658465052895335,True
2023091004,1746,38588,Lavonte David,ILB,4.798541090915426,2.238112407550492,-0.15533080854119863,0.0,False
2023091004,1746,46711,Ryan Neal,SS,5.297195514643303,2.238112407550492,-0.15533080854119863,0.0,False
2023091004,1839,54583,Akayleb Evans,CB,3.145694251357271,0.8943134053813919,0.4305382221730296,0.0,False
2023091004,1839,47816,Byron Murphy,CB,5.268086197508403,0.8943134053813919,0.4305382221730296,0.0,False
2023091004,1839,53554,Camryn Bynum,FS,1.3248516275544215,0.8943134053813919,0.4305382221730296,1.1448609682867783,True
2023091004,1839,43426,Dean Lowry,DE,2.4697125958412,0.8943134053813919,0.4305382221730296,0.0,False
2023091004,1839,38559,Harrison Smith,FS,5.699179002820869,0.8943134053813919,0.4305382221730296,0.0,False
2023091004,1839,56527,Ivan Pace Jr.,ILB,2.893303655625097,0.8943134053813919,0.4305382221730296,0.0,False
2023091004,1839,42427,Jordan Hicks,ILB,2.961515613268101,0.8943134053813919,0.4305382221730296,0.0,False
2023091004,1839,52613,Josh Metellus,SS,4.312004769209135,0.8943134053813919,0.4305382221730296,0.0,False
2023091004,1933,52453,Antoine Winfield Jr.,FS,2.7388423488648814,0.48358727464110823,0.44194113958233144,0.0,False
2023091004,1933,46132,Carlton Davis III,CB,6.549979942906588,0.48358727464110823,0.44194113958233144,0.0,False
2023091004,1933,47788,Devin White,OLB,1.5884331632753466,0.48358727464110823,0.44194113958233144,0.0,False
2023091004,1933,47877,Jamel Dean,CB,4.199843069978451,0.48358727464110823,0.44194113958233144,0.0,False
2023091004,1933,38588,Lavonte David,ILB,2.4603177794080664,0.48358727464110823,0.44194113958233144,0.0,False
2023091004,1933,46711,Ryan Neal,SS,2.8909993184466978,0.48358727464110823,0.44194113958233144,0.0,False
2023091004,1933,41915,Shaquil Barrett,OLB,0.9255284142234397,0.48358727464110823,0.44194113958233144,0.6629047490519069,True
2023091004,1958,52453,Antoine Winfield Jr.,FS,4.552309951783201,1.0460389395365408,0.3684937657066265,0.0,False
2023091004,1958,46132,Carlton Davis III,CB,4.6012870881803165,1.0460389395365408,0.3684937657066265,0.0,False
2023091004,1958,47877,Jamel Dean,CB,3.1421815709585608,1.0460389395365408,0.3684937657066265,0.0,False
2023091004,1958,38588,Lavonte David,ILB,3.7120055901429776,1.0460389395365408,0.3684937657066265,0.0,False
2023091004,1958,46711,Ryan Neal,SS,1.4145327052431673,1.0460389395365408,0.3684937657066265,1.2857957262979025,True
2023091004,1958,41915,Shaquil Barrett,OLB,2.70032843154107,1.0460389395365408,0.3684937657066265,0.0,False
2023091004,2077,54583,Akayleb Evans,CB,4.908120318182436,1.054528108600748,-0.43674231407241804,0.0,False
2023091004,2077,47816,Byron Murphy,CB,0.61778579452833,1.054528108600748,-0.43674231407241804,0.8036937332311793,True
2023091004,2077,53554,Camryn Bynum,FS,6.0739836788399275,1.054528108600748,-0.43674231407241804,0.0,False
2023091004,2077,42431,Danielle Hunter,DE,2.268803911508769,1.054528108600748,-0.43674231407241804,0.0,False
2023091004,2077,38559,Harrison Smith,FS,2.746322582840144,1.054528108600748,-0.43674231407241804,0.0,False
2023091004,2077,56527,Ivan Pace Jr.,ILB,2.944285555043825,1.054528108600748,-0.43674231407241804,0.0,False
2023091004,2077,42427,Jordan Hicks,ILB,3.8038576174516896,1.054528108600748,-0.43674231407241804,0.0,False
2023091004,2077,52613,Josh Metellus,SS,1.4214795277595094,1.054528108600748,-0.43674231407241804,0.0,False
2023091004,2102,54583,Akayleb Evans,CB,2.7093850391623135,0.7509236857227914,1.13606354752724,0.0,False
2023091004,2102,47816,Byron Murphy,CB,9.88105589106816,0.7509236857227914,1.13606354752724,0.0,False
2023091004,2102,53554,Camryn Bynum,FS,4.826968060275561,0.7509236857227914,1.13606354752724,0.0,False
2023091004,2102,38559,Harrison Smith,FS,8.046111118162353,0.7509236857227914,1.13606354752724,0.0,False
2023091004,2102,56527,Ivan Pace Jr.,ILB,5.338736502736235,0.7509236857227914,1.13606354752724,0.0,False
2023091004,2102,42427,Jordan Hicks,ILB,4.341468849129101,0.7509236857227914,1.13606354752724,0.0,False
2023091004,2102,52613,Josh Metellus,SS,1.8869872332500315,0.7509236857227914,1.13606354752724,0.8223978059122821,True
2023091004,2154,54583,Akayleb Evans,CB,6.651274760375596,1.3891479929781085,0.19985235967407822,0.0,False
2023091004,2154,47816,Byron Murphy,CB,1.5890003526521868,1.3891479929781085,0.19985235967407822,0.283031020463816,True
2023091004,2154,53554,Camryn Bynum,FS,2.403637025957465,1.3891479929781085,0.19985235967407822,0.0,False
2023091004,2154,56527,Ivan Pace Jr.,ILB,3.3151856468102063,1.3891479929781085,0.19985235967407822,0.0,False
2023091004,2154,42427,Jordan Hicks,ILB,3.5881150051047612,1.3891479929781085,0.19985235967407822,0.0,False
2023091004,2154,52613,Josh Metellus,SS,1.8720313731160028,1.3891479929781085,0.19985235967407822,0.0,False
2023091004,2177,54583,Akayleb Evans,CB,5.249962208755744,2.09323459040616,0.522233682320028,0.0,False
2023091004,2177,47816,Byron Murphy,CB,6.438461781131604,2.09323459040616,0.522233682320028,0.0,False
2023091004,2177,53554,Camryn Bynum,FS,4.685790327382921,2.09323459040616,0.522233682320028,0.0,False
2023091004,2177,52525,D.J. Wonnum,OLB,5.967921179911245,2.09323459040616,0.522233682320028,0.0,False
2023091004,2177,38559,Harrison Smith,FS,3.123641901177848,2.09323459040616,0.522233682320028,0.0,False
2023091004,2177,42427,Jordan Hicks,ILB,3.549406631698771,2.09323459040616,0.522233682320028,0.0,False
2023091004,2177,52613,Josh Metellus,SS,2.6154682727261878,2.09323459040616,0.522233682320028,0.5081736284516603,True
2023091004,2234,52453,Antoine Winfield Jr.,FS,2.2509148545694964,1.371693598073328,0.14961788197425507,0.0,False
2023091004,2234,46132,Carlton Davis III,CB,1.521311480047583,1.371693598073328,0.14961788197425507,0.7296033745219133,True
2023091004,2234,56540,Christian Izien,SS,6.867257069301273,1.371693598073328,0.14961788197425507,0.0,False
2023091004,2234,47877,Jamel Dean,CB,6.814455216567404,1.371693598073328,0.14961788197425507,0.0,False
2023091004,2234,53461,Joe Tryon-Shoyinka,OLB,4.624548055939078,1.371693598073328,0.14961788197425507,0.0,False
2023091004,2234,38588,Lavonte David,ILB,2.784342234801608,1.371693598073328,0.14961788197425507,0.0,False
2023091004,2234,46711,Ryan Neal,SS,3.0369037449521414,1.371693598073328,0.14961788197425507,0.0,False
2023091004,2257,52453,Antoine Winfield Jr.,FS,5.834642104695838,0.40874030189367483,1.2561332996876364,0.0,False
2023091004,2257,46132,Carlton Davis III,CB,1.6648736015813113,0.40874030189367483,1.2561332996876364,0.33515412746790374,True
2023091004,2257,47877,Jamel Dean,CB,7.053476318427874,0.40874030189367483,1.2561332996876364,0.0,False
2023091004,2257,38588,Lavonte David,ILB,3.8224324913011296,0.40874030189367483,1.2561332996876364,0.0,False
2023091004,2257,46711,Ryan Neal,SS,2.7304134373598483,0.40874030189367483,1.2561332996876364,0.0,False
2023091004,2257,41915,Shaquil Barrett,OLB,2.000027729049215,0.40874030189367483,1.2561332996876364,0.0,False
2023091004,2287,52453,Antoine Winfield Jr.,FS,3.7495765647162047,1.0233709672925548,0.42753201461434953,0.0,False
2023091004,2287,46132,Carlton Davis III,CB,8.125118393045968,1.0233709672925548,0.42753201461434953,0.0,False
2023091004,2287,56540,Christian Izien,SS,5.477364557237141,1.0233709672925548,0.42753201461434953,0.0,False
2023091004,2287,47877,Jamel Dean,CB,1.6170258671085869,1.0233709672925548,0.42753201461434953,0.0,False
2023091004,2287,53461,Joe Tryon-Shoyinka,OLB,4.79904083171238,1.0233709672925548,0.42753201461434953,0.0,False
2023091004,2287,38588,Lavonte David,ILB,1.4509029819069044,1.0233709672925548,0.42753201461434953,0.1661228852016825,True
2023091004,2312,52453,Antoine Winfield Jr.,FS,2.2220255472439385,1.4958686312548755,0.5659165446952927,0.0,False
2023091004,2312,46132,Carlton Davis III,CB,2.061785175950168,1.4958686312548755,0.5659165446952927,0.16024037129377033,True
2023091004,2312,56540,Christian Izien,SS,3.9262997580085344,1.4958686312548755,0.5659165446952927,0.0,False
2023091004,2312,47788,Devin White,OLB,4.098656071188221,1.4958686312548755,0.5659165446952927,0.0,False
2023091004,2312,47877,Jamel Dean,CB,6.290032932048896,1.4958686312548755,0.5659165446952927,0.0,False
2023091004,2312,38588,Lavonte David,ILB,4.799517250688761,1.4958686312548755,0.5659165446952927,0.0,False
2023091004,2312,46711,Ryan Neal,SS,3.3518490769347333,1.4958686312548755,0.5659165446952927,0.0,False
2023091004,2344,52453,Antoine Winfield Jr.,FS,3.665419194620941,0.3954262604415464,0.8365435023638224,0.0,False
2023091004,2344,46132,Carlton Davis III,CB,4.9774755299414215,0.3954262604415464,0.8365435023638224,0.0,False
2023091004,2344,56540,Christian Izien,SS,4.21786868186057,0.3954262604415464,0.8365435023638224,0.0,False
2023091004,2344,47788,Devin White,OLB,1.7936745599928257,0.3954262604415464,0.8365435023638224,0.0,False
2023091004,2344,47877,Jamel Dean,CB,2.232878757241612,0.3954262604415464,0.8365435023638224,0.0,False
2023091004,2344,38588,Lavonte David,ILB,1.2319697628053687,0.3954262604415464,0.8365435023638224,0.5617047971874569,True
2023091004,2344,46711,Ryan Neal,SS,2.287036052559185,0.3954262604415464,0.8365435023638224,0.0,False
2023091004,2369,52453,Antoine Winfield Jr.,FS,3.2969303489109665,1.0233284200416137,0.18406199017048785,0.0,False
2023091004,2369,46132,Carlton Davis III,CB,5.56156893799029,1.0233284200416137,0.18406199017048785,0.0,False
2023091004,2369,56540,Christian Izien,SS,1.3379827145208378,1.0233284200416137,0.18406199017048785,0.0,False
2023091004,2369,47788,Devin White,OLB,3.44610479155248,1.0233284200416137,0.18406199017048785,0.0,False
2023091004,2369,47877,Jamel Dean,CB,2.608321831125039,1.0233284200416137,0.18406199017048785,0.0,False
2023091004,2369,38588,Lavonte David,ILB,1.2406820080400196,1.0233284200416137,0.18406199017048785,0.0,False
2023091004,2369,46711,Ryan Neal,SS,1.2073904102121016,1.0233284200416137,0.18406199017048785,0.03329159782791802,True
2023091004,2505,54583,Akayleb Evans,CB,6.441090205488487,0.9487820537993485,0.6533889622153848,0.0,False
2023091004,2505,47816,Byron Murphy,CB,5.548086412076918,0.9487820537993485,0.6533889622153848,0.0,False
2023091004,2505,53554,Camryn Bynum,FS,3.9214231507234074,0.9487820537993485,0.6533889622153848,0.0,False
2023091004,2505,38559,Harrison Smith,FS,2.387452001881445,0.9487820537993485,0.6533889622153848,0.0,False
2023091004,2505,55967,Mekhi Blackmon,CB,1.6021710160147333,0.9487820537993485,0.6533889622153848,0.7852809858667116,True
2023091004,2607,54583,Akayleb Evans,CB,2.1528265071665587,1.1474967077565017,0.8702807309371217,0.0,False
2023091004,2607,47816,Byron Murphy,CB,5.068033627430634,1.1474967077565017,0.8702807309371217,0.0,False
2023091004,2607,53554,Camryn Bynum,FS,4.209487526070074,1.1474967077565017,0.8702807309371217,0.0,False
2023091004,2607,38559,Harrison Smith,FS,2.0177774386936234,1.1474967077565017,0.8702807309371217,0.1350490684729353,True
2023091004,2607,42427,Jordan Hicks,ILB,3.4842237675201093,1.1474967077565017,0.8702807309371217,0.0,False
2023091004,2607,52613,Josh Metellus,SS,4.084184630405513,1.1474967077565017,0.8702807309371217,0.0,False
2023091004,2701,54583,Akayleb Evans,CB,1.2667022404681239,1.065328434149764,0.20137380631835988,1.4657819603338698,True
2023091004,2701,47816,Byron Murphy,CB,6.852189968930068,1.065328434149764,0.20137380631835988,0.0,False
2023091004,2701,53554,Camryn Bynum,FS,2.7324842008019936,1.065328434149764,0.20137380631835988,0.0,False
2023091004,2701,52613,Josh Metellus,SS,5.083954542324993,1.065328434149764,0.20137380631835988,0.0,False
2023091004,2724,54583,Akayleb Evans,CB,6.1558337963961565,0.5083401872945842,0.46460903053859337,0.0,False
2023091004,2724,47816,Byron Murphy,CB,2.8643811455754644,0.5083401872945842,0.46460903053859337,0.0,False
2023091004,2724,53554,Camryn Bynum,FS,3.950757350932556,0.5083401872945842,0.46460903053859337,0.0,False
2023091004,2724,38559,Harrison Smith,FS,4.720507006988366,0.5083401872945842,0.46460903053859337,0.0,False
2023091004,2724,56527,Ivan Pace Jr.,ILB,2.167476940005578,0.5083401872945842,0.46460903053859337,0.0,False
2023091004,2724,42427,Jordan Hicks,ILB,1.856806470541257,0.5083401872945842,0.46460903053859337,0.0,False
2023091004,2724,52613,Josh Metellus,SS,0.9729492178331776,0.5083401872945842,0.46460903053859337,0.8838572527080796,True
2023091004,2749,54583,Akayleb Evans,CB,6.913319072565398,1.1416826930242967,0.5257937136616466,0.0,False
2023091004,2749,47816,Byron Murphy,CB,4.64905936207053,1.1416826930242967,0.5257937136616466,0.0,False
2023091004,2749,53554,Camryn Bynum,FS,1.6674764066859433,1.1416826930242967,0.5257937136616466,1.0580769881349745,True
2023091004,2749,38559,Harrison Smith,FS,8.40983011575359,1.1416826930242967,0.5257937136616466,0.0,False
2023091004,2749,42427,Jordan Hicks,ILB,4.082575468707597,1.1416826930242967,0.5257937136616466,0.0,False
2023091004,2749,52613,Josh Metellus,SS,6.289552341578315,1.1416826930242967,0.5257937136616466,0.0,False
2023091004,2749,55967,Mekhi Blackmon,CB,2.725553394820918,1.1416826930242967,0.5257937136616466,0.0,False
2023091004,2749,53519,Patrick Jones II,OLB,5.870446187526605,1.1416826930242967,0.5257937136616466,0.0,False
2023091004,2827,54583,Akayleb Evans,CB,5.54469291308196,0.890844934153787,0.5820268115534533,0.0,False
2023091004,2827,47816,Byron Murphy,CB,2.955541144381184,0.890844934153787,0.5820268115534533,0.0,False
2023091004,2827,53554,Camryn Bynum,FS,3.5862178239815425,0.890844934153787,0.5820268115534533,0.0,False
2023091004,2827,38559,Harrison Smith,FS,4.643157951227696,0.890844934153787,0.5820268115534533,0.0,False
2023091004,2827,56527,Ivan Pace Jr.,ILB,4.0950149459643015,0.890844934153787,0.5820268115534533,0.0,False
2023091004,2827,42427,Jordan Hicks,ILB,1.4728717457072402,0.890844934153787,0.5820268115534533,1.4826693986739437,True
2023091004,2850,54583,Akayleb Evans,CB,5.027604147843033,0.9201357396818228,0.7567887906282393,0.0,False
2023091004,2850,47816,Byron Murphy,CB,4.7121408517238885,0.9201357396818228,0.7567887906282393,0.0,False
2023091004,2850,53554,Camryn Bynum,FS,1.8020432222166285,0.9201357396818228,0.7567887906282393,0.0,False
2023091004,2850,38559,Harrison Smith,FS,2.3483659705577278,0.9201357396818228,0.7567887906282393,0.0,False
2023091004,2850,42427,Jordan Hicks,ILB,1.6769245303100622,0.9201357396818228,0.7567887906282393,0.006343214360619687,True
2023091004,2850,52613,Josh Metellus,SS,1.9932647665832104,0.9201357396818228,0.7567887906282393,0.0,False
2023091004,2850,55967,Mekhi Blackmon,CB,4.500978863922145,0.9201357396818228,0.7567887906282393,0.0,False
2023091004,2850,53519,Patrick Jones II,OLB,1.6832677446706819,0.9201357396818228,0.7567887906282393,0.0,False
2023091004,2936,52453,Antoine Winfield Jr.,FS,5.474067174770518,1.0935203609438027,0.45043859740503556,0.0,False
2023091004,2936,46132,Carlton Davis III,CB,7.761825273066632,1.0935203609438027,0.45043859740503556,0.0,False
2023091004,2936,47788,Devin White,OLB,6.18438435389693,1.0935203609438027,0.45043859740503556,0.0,False
2023091004,2936,38588,Lavonte David,ILB,2.881258989903564,1.0935203609438027,0.45043859740503556,0.0,False
2023091004,2936,46711,Ryan Neal,SS,1.5439589583488382,1.0935203609438027,0.45043859740503556,1.3373000315547257,True
2023091004,2961,52453,Antoine Winfield Jr.,FS,3.2128925289581036,1.0888960729293673,-0.04666061110998454,0.0,False
2023091004,2961,46132,Carlton Davis III,CB,1.9328607658845678,1.0888960729293673,-0.04666061110998454,0.0,False
2023091004,2961,56540,Christian Izien,SS,1.0422354618193828,1.0888960729293673,-0.04666061110998454,0.890625304065185,True
2023091004,2961,47877,Jamel Dean,CB,3.999802363104345,1.0888960729293673,-0.04666061110998454,0.0,False
2023091004,2961,53461,Joe Tryon-Shoyinka,OLB,4.30128610642407,1.0888960729293673,-0.04666061110998454,0.0,False
2023091004,2961,41915,Shaquil Barrett,OLB,2.706084734772283,1.0888960729293673,-0.04666061110998454,0.0,False
2023091004,3030,47890,Anthony Nelson,OLB,1.4055485362806215,1.1207560974351187,0.28479243884550276,0.723756272693403,True
2023091004,3030,52453,Antoine Winfield Jr.,FS,8.773320717470789,1.1207560974351187,0.28479243884550276,0.0,False
2023091004,3030,46132,Carlton Davis III,CB,4.0254697840787825,1.1207560974351187,0.28479243884550276,0.0,False
2023091004,3030,47788,Devin White,OLB,3.2515541951948674,1.1207560974351187,0.28479243884550276,0.0,False
2023091004,3030,47877,Jamel Dean,CB,2.6285687393333292,1.1207560974351187,0.28479243884550276,0.0,False
2023091004,3030,38588,Lavonte David,ILB,2.1293048089740245,1.1207560974351187,0.28479243884550276,0.0,False
2023091004,3030,46711,Ryan Neal,SS,3.5437857794611043,1.1207560974351187,0.28479243884550276,0.0,False
2023091004,3105,52453,Antoine Winfield Jr.,FS,5.103367168204601,1.5719888712541277,0.7292413588188267,0.0,False
2023091004,3105,46132,Carlton Davis III,CB,2.3012302300729544,1.5719888712541277,0.7292413588188267,1.096036402873228,True
2023091004,3105,56540,Christian Izien,SS,3.3972666329461823,1.5719888712541277,0.7292413588188267,0.0,False
2023091004,3105,47788,Devin White,OLB,7.70819038813451,1.5719888712541277,0.7292413588188267,0.0,False
2023091004,3105,47877,Jamel Dean,CB,7.169776195844865,1.5719888712541277,0.7292413588188267,0.0,False
2023091004,3105,38588,Lavonte David,ILB,4.5496970918038295,1.5719888712541277,0.7292413588188267,0.0,False
2023091004,3105,46711,Ryan Neal,SS,4.690429484603586,1.5719888712541277,0.7292413588188267,0.0,False
2023091004,3177,52453,Antoine Winfield Jr.,FS,2.3636167320962005,0.8881316429702375,0.47401267322311824,0.0,False
2023091004,3177,46132,Carlton Davis III,CB,3.4439575120234105,0.8881316429702375,0.47401267322311824,0.0,False
2023091004,3177,47788,Devin White,OLB,2.4580444150417127,0.8881316429702375,0.47401267322311824,0.0,False
2023091004,3177,47877,Jamel Dean,CB,4.174885347785662,0.8881316429702375,0.47401267322311824,0.0,False
2023091004,3177,38588,Lavonte David,ILB,1.3621443161933557,0.8881316429702375,0.47401267322311824,1.0014724159028447,True
2023091004,3177,46711,Ryan Neal,SS,3.504445265912258,0.8881316429702375,0.47401267322311824,0.0,False
2023091004,3244,52453,Antoine Winfield Jr.,FS,2.153880778300981,1.5785562449056685,0.5753245333953125,0.6607931140850991,True
2023091004,3244,46132,Carlton Davis III,CB,2.81467389238608,1.5785562449056685,0.5753245333953125,0.0,False
2023091004,3244,56540,Christian Izien,SS,5.5151602371237916,1.5785562449056685,0.5753245333953125,0.0,False
2023091004,3244,47788,Devin White,OLB,4.406023731926176,1.5785562449056685,0.5753245333953125,0.0,False
2023091004,3244,47877,Jamel Dean,CB,8.057092750182404,1.5785562449056685,0.5753245333953125,0.0,False
2023091004,3244,38588,Lavonte David,ILB,3.517732410650424,1.5785562449056685,0.5753245333953125,0.0,False
2023091004,3244,46711,Ryan Neal,SS,4.422028782288403,1.5785562449056685,0.5753245333953125,0.0,False
2023091004,3365,47890,Anthony Nelson,OLB,3.4476582445019246,1.0917502545464817,0.7805458888085137,0.0,False
2023091004,3365,52453,Antoine Winfield Jr.,FS,5.439695254435264,1.0917502545464817,0.7805458888085137,0.0,False
2023091004,3365,46132,Carlton Davis III,CB,2.932344368431413,1.0917502545464817,0.7805458888085137,0.0,False
2023091004,3365,56540,Christian Izien,SS,1.8722961433549954,1.0917502545464817,0.7805458888085137,1.0600482250764176,True
2023091004,3365,47877,Jamel Dean,CB,5.073792998980145,1.0917502545464817,0.7805458888085137,0.0,False
2023091004,3365,46711,Ryan Neal,SS,4.2381805805148725,1.0917502545464817,0.7805458888085137,0.0,False
2023091004,3365,55947,Yaya Diaby,OLB,3.3372470471406617,1.0917502545464817,0.7805458888085137,0.0,False
2023091004,3429,54583,Akayleb Evans,CB,5.832993167905285,0.6494989852771049,0.9973399833338439,0.0,False
2023091004,3429,47816,Byron Murphy,CB,3.1881384599539153,0.6494989852771049,0.9973399833338439,0.0,False
2023091004,3429,53554,Camryn Bynum,FS,2.5519571835956025,0.6494989852771049,0.9973399833338439,0.0,False
2023091004,3429,38559,Harrison Smith,FS,3.095588623959392,0.6494989852771049,0.9973399833338439,0.0,False
2023091004,3429,42427,Jordan Hicks,ILB,1.6468389686109488,0.6494989852771049,0.9973399833338439,0.9051182149846537,True
2023091004,3429,52613,Josh Metellus,SS,3.149856647669549,0.6494989852771049,0.9973399833338439,0.0,False
2023091004,3584,52453,Antoine Winfield Jr.,FS,4.874735351204358,0.990215095904305,0.6277795942946567,0.0,False
2023091004,3584,46132,Carlton Davis III,CB,5.975714899300887,0.990215095904305,0.6277795942946567,0.0,False
2023091004,3584,47788,Devin White,OLB,1.6179946901989617,0.990215095904305,0.6277795942946567,2.129317452622879,True
2023091004,3584,47877,Jamel Dean,CB,4.1401499075925905,0.990215095904305,0.6277795942946567,0.0,False
2023091004,3584,46711,Ryan Neal,SS,3.747312142821841,0.990215095904305,0.6277795942946567,0.0,False
2023091004,3616,52453,Antoine Winfield Jr.,FS,1.8934285661451349,1.2099025116867912,0.6835260544583437,0.04325416849662056,True
2023091004,3616,46132,Carlton Davis III,CB,6.18160048943401,1.2099025116867912,0.6835260544583437,0.0,False
2023091004,3616,56540,Christian Izien,SS,1.9366827346417554,1.2099025116867912,0.6835260544583437,0.0,False
2023091004,3616,47788,Devin White,OLB,1.9393014263926165,1.2099025116867912,0.6835260544583437,0.0,False
2023091004,3616,47877,Jamel Dean,CB,4.093340757104875,1.2099025116867912,0.6835260544583437,0.0,False
2023091004,3616,38588,Lavonte David,ILB,3.394978051153712,1.2099025116867912,0.6835260544583437,0.0,False
2023091004,3616,46711,Ryan Neal,SS,4.6307737258744375,1.2099025116867912,0.6835260544583437,0.0,False
2023091004,3641,52453,Antoine Winfield Jr.,FS,3.2197882274242176,1.6951155509034654,0.0809968632990592,0.0,False
2023091004,3641,46132,Carlton Davis III,CB,6.858666515021105,1.6951155509034654,0.0809968632990592,0.0,False
2023091004,3641,56540,Christian Izien,SS,5.2268731875129655,1.6951155509034654,0.0809968632990592,0.0,False
2023091004,3641,47788,Devin White,OLB,2.402368134051362,1.6951155509034654,0.0809968632990592,0.0,False
2023091004,3641,47877,Jamel Dean,CB,2.1231539048669332,1.6951155509034654,0.0809968632990592,0.0,False
2023091004,3641,38588,Lavonte David,ILB,1.7761124142025246,1.6951155509034654,0.0809968632990592,0.3470414906644086,True
2023091004,3641,46711,Ryan Neal,SS,5.136692796036733,1.6951155509034654,0.0809968632990592,0.0,False
2023091004,3690,54583,Akayleb Evans,CB,1.7708704064821352,0.8531143591451589,0.7593980868109864,0.0,False
2023091004,3690,47816,Byron Murphy,CB,5.847674746197258,0.8531143591451589,0.7593980868109864,0.0,False
2023091004,3690,53554,Camryn Bynum,FS,4.640276569687388,0.8531143591451589,0.7593980868109864,0.0,False
2023091004,3690,38559,Harrison Smith,FS,1.6125124459561453,0.8531143591451589,0.7593980868109864,0.15835796052598994,True
2023091004,3690,42427,Jordan Hicks,ILB,2.9090829186509994,0.8531143591451589,0.7593980868109864,0.0,False
2023091004,3849,54583,Akayleb Evans,CB,4.4641383675999915,1.0870353068518344,0.464592686734669,0.0,False
2023091004,3849,47816,Byron Murphy,CB,1.5516279935865034,1.0870353068518344,0.464592686734669,0.8938570913134873,True
2023091004,3849,53554,Camryn Bynum,FS,2.4454850848999907,1.0870353068518344,0.464592686734669,0.0,False
2023091004,3849,42427,Jordan Hicks,ILB,2.4775069070464295,1.0870353068518344,0.464592686734669,0.0,False
2023091004,3849,52613,Josh Metellus,SS,2.836823057153514,1.0870353068518344,0.464592686734669,0.0,False
2023091004,3874,54583,Akayleb Evans,CB,1.3125544971662946,1.110271664266216,0.20228283290007854,1.7456438796442695,True
2023091004,3874,47816,Byron Murphy,CB,7.9245455641677855,1.110271664266216,0.20228283290007854,0.0,False
2023091004,3874,53554,Camryn Bynum,FS,4.467476483527523,1.110271664266216,0.20228283290007854,0.0,False
2023091004,3874,56527,Ivan Pace Jr.,ILB,4.555878629151709,1.110271664266216,0.20228283290007854,0.0,False
2023091004,3874,52613,Josh Metellus,SS,3.058198376810564,1.110271664266216,0.20228283290007854,0.0,False
2023091004,3922,54583,Akayleb Evans,CB,5.8074778214169624,0.5908655999240137,0.5740033302934869,0.0,False
2023091004,3922,47816,Byron Murphy,CB,1.1648689302175006,0.5908655999240137,0.5740033302934869,0.7522292271311458,True
2023091004,3922,53554,Camryn Bynum,FS,1.9170981573486463,0.5908655999240137,0.5740033302934869,0.0,False
2023091004,3922,42431,Danielle Hunter,DE,2.392389520207913,0.5908655999240137,0.5740033302934869,0.0,False
2023091004,3922,38559,Harrison Smith,FS,6.376204673224504,0.5908655999240137,0.5740033302934869,0.0,False
2023091004,3922,56527,Ivan Pace Jr.,ILB,2.4840511115817576,0.5908655999240137,0.5740033302934869,0.0,False
2023091004,3922,42427,Jordan Hicks,ILB,4.070677460188249,0.5908655999240137,0.5740033302934869,0.0,False
2023091004,3922,52613,Josh Metellus,SS,4.411177074702769,0.5908655999240137,0.5740033302934869,0.0,False
2023091004,4015,52453,Antoine Winfield Jr.,FS,4.594072472863636,0.4162800079554685,1.47363342812981,0.0,False
2023091004,4015,46132,Carlton Davis III,CB,1.8899134360852785,0.4162800079554685,1.47363342812981,0.0162706997684956,True
2023091004,4015,56540,Christian Izien,SS,6.146033010568812,0.4162800079554685,1.47363342812981,0.0,False
2023091004,4015,47788,Devin White,OLB,4.356569387118804,0.4162800079554685,1.47363342812981,0.0,False
2023091004,4015,47877,Jamel Dean,CB,6.708335886444317,0.4162800079554685,1.47363342812981,0.0,False
2023091004,4015,38588,Lavonte David,ILB,1.906184135853774,0.4162800079554685,1.47363342812981,0.0,False
2023091004,4015,46711,Ryan Neal,SS,2.368846183761344,0.4162800079554685,1.47363342812981,0.0,False
2023091004,4015,46081,Vita Vea,NT,2.5319788165059385,0.4162800079554685,1.47363342812981,0.0,False
2023091004,4040,52453,Antoine Winfield Jr.,FS,7.017089602952112,1.6752215292219779,0.26671513831506055,0.0,False
2023091004,4040,46132,Carlton Davis III,CB,1.9419366675370384,1.6752215292219779,0.26671513831506055,0.8186493491349529,True
2023091004,4040,56540,Christian Izien,SS,2.7605860166719913,1.6752215292219779,0.26671513831506055,0.0,False
2023091004,4040,47877,Jamel Dean,CB,7.145412112913984,1.6752215292219779,0.26671513831506055,0.0,False
2023091004,4040,38588,Lavonte David,ILB,3.783912377357023,1.6752215292219779,0.26671513831506055,0.0,False
2023091004,4040,46711,Ryan Neal,SS,5.719680730614516,1.6752215292219779,0.26671513831506055,0.0,False
2023091004,4122,47816,Byron Murphy,CB,2.334652588235998,0.5006215396248093,1.8340310486111886,0.12231663840700469,True
2023091004,4122,53554,Camryn Bynum,FS,5.678322812994334,0.5006215396248093,1.8340310486111886,0.0,False
2023091004,4122,38559,Harrison Smith,FS,4.885466300938704,0.5006215396248093,1.8340310486111886,0.0,False
2023091004,4122,56527,Ivan Pace Jr.,ILB,2.9980995029247817,0.5006215396248093,1.8340310486111886,0.0,False
2023091004,4122,42427,Jordan Hicks,ILB,2.4569692266430025,0.5006215396248093,1.8340310486111886,0.0,False
2023091004,4249,54583,Akayleb Evans,CB,8.838072141733333,1.1975726118217778,0.397319872174029,0.0,False
2023091004,4249,47816,Byron Murphy,CB,5.462713436951039,1.1975726118217778,0.397319872174029,0.0,False
2023091004,4249,53554,Camryn Bynum,FS,3.780239015856826,1.1975726118217778,0.397319872174029,0.0,False
2023091004,4249,38559,Harrison Smith,FS,1.9167531840491372,1.1975726118217778,0.397319872174029,0.0,False
2023091004,4249,52613,Josh Metellus,SS,2.82422949924552,1.1975726118217778,0.397319872174029,0.0,False
2023091004,4249,55967,Mekhi Blackmon,CB,1.5948924839958067,1.1975726118217778,0.397319872174029,0.32186070005333045,True
2023091005,159,54514,Alontae Taylor,CB,4.764285564887861,0.9791997775998673,0.14109251393800615,0.0,False
2023091005,159,38607,Demario Davis,MLB,1.9872438872836482,0.9791997775998673,0.14109251393800615,0.0,False
2023091005,159,44851,Marcus Maye,FS,6.437632535025778,0.9791997775998673,0.14109251393800615,0.0,False
2023091005,159,44823,Marshon Lattimore,CB,7.82393324949447,0.9791997775998673,0.14109251393800615,0.0,False
2023091005,159,53505,Paulson Adebo,CB,2.168925493012718,0.9791997775998673,0.14109251393800615,0.0,False
2023091005,159,53489,Pete Werner,ILB,1.1202922915378735,0.9791997775998673,0.14109251393800615,0.8669515957457747,True
2023091005,159,40017,Tyrann Mathieu,FS,2.632997233528276,0.9791997775998673,0.14109251393800615,0.0,False
2023091005,228,54514,Alontae Taylor,CB,6.316087679780402,1.38733026943666,0.8901476785644755,0.0,False
2023091005,228,38607,Demario Davis,MLB,3.88702875486866,1.38733026943666,0.8901476785644755,0.0,False
2023091005,228,56011,Jordan Howden,FS,5.970510728134666,1.38733026943666,0.8901476785644755,0.0,False
2023091005,228,44851,Marcus Maye,FS,3.1315716611971354,1.38733026943666,0.8901476785644755,0.0,False
2023091005,228,44823,Marshon Lattimore,CB,7.876427883827248,1.38733026943666,0.8901476785644755,0.0,False
2023091005,228,53505,Paulson Adebo,CB,4.000171346500795,1.38733026943666,0.8901476785644755,0.0,False
2023091005,228,40017,Tyrann Mathieu,FS,2.2774779480011356,1.38733026943666,0.8901476785644755,0.8540937131959998,True
2023091005,301,47899,Amani Hooker,SS,4.319307085530864,2.73277382593863,0.08679581632707078,0.0,False
2023091005,301,48268,Azeez Al-Shaair,MLB,9.119629174437836,2.73277382593863,0.08679581632707078,0.0,False
2023091005,301,46110,Harold Landry III,OLB,5.1944082264852645,2.73277382593863,0.08679581632707078,0.0,False
2023091005,301,55184,Jack Gibbens,ILB,7.533713852931353,2.73277382593863,0.08679581632707078,0.0,False
2023091005,301,43353,Kevin Byard,FS,7.969839672553196,2.73277382593863,0.08679581632707078,0.0,False
2023091005,301,52469,Kristian Fulton,CB,2.8195696422657006,2.73277382593863,0.08679581632707078,1.4997374432651638,True
2023091005,301,47822,Sean Murphy-Bunting,CB,9.955068798177495,2.73277382593863,0.08679581632707078,0.0,False
2023091005,331,47899,Amani Hooker,SS,4.925850036770539,1.1551975806571784,0.23480885903419435,0.0,False
2023091005,331,48268,Azeez Al-Shaair,MLB,2.2696801900743955,1.1551975806571784,0.23480885903419435,0.0,False
2023091005,331,46110,Harold Landry III,OLB,1.3900064396913727,1.1551975806571784,0.23480885903419435,0.820988115326521,True
2023091005,331,55184,Jack Gibbens,ILB,2.2109945550178938,1.1551975806571784,0.23480885903419435,0.0,False
2023091005,331,43353,Kevin Byard,FS,4.44751017403748,1.1551975806571784,0.23480885903419435,0.0,False
2023091005,331,52469,Kristian Fulton,CB,5.879522781981608,1.1551975806571784,0.23480885903419435,0.0,False
2023091005,331,47822,Sean Murphy-Bunting,CB,3.083944345730226,1.1551975806571784,0.23480885903419435,0.0,False
2023091005,383,47899,Amani Hooker,SS,3.279369845643861,1.0915251770305578,0.42225440984092555,0.0,False
2023091005,383,48268,Azeez Al-Shaair,MLB,1.5137795868714834,1.0915251770305578,0.42225440984092555,0.7010590455866899,True
2023091005,383,53529,Elijah Molden,FS,2.7477881949518372,1.0915251770305578,0.42225440984092555,0.0,False
2023091005,383,43353,Kevin Byard,FS,2.9904794748235357,1.0915251770305578,0.42225440984092555,0.0,False
2023091005,383,52469,Kristian Fulton,CB,5.562084565409861,1.0915251770305578,0.42225440984092555,0.0,False
2023091005,383,54500,Roger McCreary,CB,2.5523819449905094,1.0915251770305578,0.42225440984092555,0.0,False
2023091005,383,47822,Sean Murphy-Bunting,CB,2.2148386324581733,1.0915251770305578,0.42225440984092555,0.0,False
2023091005,721,38607,Demario Davis,MLB,2.7115515628799525,1.199621597619735,0.16133812920275603,0.0,False
2023091005,721,44851,Marcus Maye,FS,4.256879391235279,1.199621597619735,0.16133812920275603,0.0,False
2023091005,721,44823,Marshon Lattimore,CB,1.3609597268224911,1.199621597619735,0.16133812920275603,0.4082114015674576,True
2023091005,721,53505,Paulson Adebo,CB,4.8314947748283,1.199621597619735,0.16133812920275603,0.0,False
2023091005,721,53489,Pete Werner,ILB,1.7691711283899487,1.199621597619735,0.16133812920275603,0.0,False
2023091005,721,40017,Tyrann Mathieu,FS,2.2948824310290847,1.199621597619735,0.16133812920275603,0.0,False
2023091005,721,52482,Zack Baun,ILB,6.142507950012561,1.199621597619735,0.16133812920275603,0.0,False
2023091005,768,38607,Demario Davis,MLB,3.1694261677307196,1.4477421587232793,0.7970706837034425,0.0,False
2023091005,768,44851,Marcus Maye,FS,2.2448128424267217,1.4477421587232793,0.7970706837034425,0.31742457690361103,True
2023091005,768,44823,Marshon Lattimore,CB,2.6608336132822674,1.4477421587232793,0.7970706837034425,0.0,False
2023091005,768,53505,Paulson Adebo,CB,2.5695153831888233,1.4477421587232793,0.7970706837034425,0.0,False
2023091005,768,53489,Pete Werner,ILB,2.5622374193303328,1.4477421587232793,0.7970706837034425,0.0,False
2023091005,768,40017,Tyrann Mathieu,FS,6.033069384142054,1.4477421587232793,0.7970706837034425,0.0,False
2023091005,793,54514,Alontae Taylor,CB,9.281894794385677,1.5507853170338661,-0.13199916720234417,0.0,False
2023091005,793,38607,Demario Davis,MLB,7.2645592757704565,1.5507853170338661,-0.13199916720234417,0.0,False
2023091005,793,44851,Marcus Maye,FS,7.502839264308729,1.5507853170338661,-0.13199916720234417,0.0,False
2023091005,793,44823,Marshon Lattimore,CB,1.418786149831522,1.5507853170338661,-0.13199916720234417,0.5099852104478224,True
2023091005,793,53505,Paulson Adebo,CB,10.24490945238317,1.5507853170338661,-0.13199916720234417,0.0,False
2023091005,793,53489,Pete Werner,ILB,1.9287713602793444,1.5507853170338661,-0.13199916720234417,0.0,False
2023091005,793,40017,Tyrann Mathieu,FS,2.8182771583066857,1.5507853170338661,-0.13199916720234417,0.0,False
2023091005,849,54514,Alontae Taylor,CB,1.4928935734152864,0.7075397434457156,0.7853538299695708,0.9627732489102887,True
2023091005,849,38607,Demario Davis,MLB,2.455666822325575,0.7075397434457156,0.7853538299695708,0.0,False
2023091005,849,44851,Marcus Maye,FS,3.3933365605265786,0.7075397434457156,0.7853538299695708,0.0,False
2023091005,849,44823,Marshon Lattimore,CB,5.473129357959144,0.7075397434457156,0.7853538299695708,0.0,False
2023091005,849,53505,Paulson Adebo,CB,3.02299743802708,0.7075397434457156,0.7853538299695708,0.0,False
2023091005,849,53489,Pete Werner,ILB,3.8640602694783626,0.7075397434457156,0.7853538299695708,0.0,False
2023091005,849,40017,Tyrann Mathieu,FS,4.513887532458075,0.7075397434457156,0.7853538299695708,0.0,False
2023091005,991,47899,Amani Hooker,SS,2.2225148524675973,0.705492860867942,0.7764333510521386,0.0,False
2023091005,991,48268,Azeez Al-Shaair,MLB,2.719797015248178,0.705492860867942,0.7764333510521386,0.0,False
2023091005,991,55184,Jack Gibbens,ILB,6.246991082012564,0.705492860867942,0.7764333510521386,0.0,False
2023091005,991,43353,Kevin Byard,FS,3.976966515565369,0.705492860867942,0.7764333510521386,0.0,False
2023091005,991,52469,Kristian Fulton,CB,1.4819262119200807,0.705492860867942,0.7764333510521386,0.7405886405475166,True
2023091005,991,54500,Roger McCreary,CB,4.938135502087219,0.705492860867942,0.7764333510521386,0.0,False
2023091005,991,47822,Sean Murphy-Bunting,CB,4.565826662170952,0.705492860867942,0.7764333510521386,0.0,False
2023091005,1016,47899,Amani Hooker,SS,7.9836982430350565,2.5127052297816928,0.011221994211679576,0.0,False
2023091005,1016,48268,Azeez Al-Shaair,MLB,4.9099824418768945,2.5127052297816928,0.011221994211679576,0.0,False
2023091005,1016,53529,Elijah Molden,FS,3.3789057034626993,2.5127052297816928,0.011221994211679576,0.0,False
2023091005,1016,43353,Kevin Byard,FS,7.552899026687834,2.5127052297816928,0.011221994211679576,0.0,False
2023091005,1016,52469,Kristian Fulton,CB,2.5239272239933723,2.5127052297816928,0.011221994211679576,0.8549784794693269,True
2023091005,1016,54500,Roger McCreary,CB,6.270202755841916,2.5127052297816928,0.011221994211679576,0.0,False
2023091005,1016,47822,Sean Murphy-Bunting,CB,7.341124965317747,2.5127052297816928,0.011221994211679576,0.0,False
2023091005,1065,54514,Alontae Taylor,CB,1.6153037882509234,1.1739620222555431,0.17122443520381414,0.0,False
2023091005,1065,38607,Demario Davis,MLB,2.292373292886324,1.1739620222555431,0.17122443520381414,0.0,False
2023091005,1065,44823,Marshon Lattimore,CB,1.3451864574593573,1.1739620222555431,0.17122443520381414,0.2701173307915661,True
2023091005,1065,53505,Paulson Adebo,CB,2.225303262729672,1.1739620222555431,0.17122443520381414,0.0,False
2023091005,1065,40017,Tyrann Mathieu,FS,2.5000351067810866,1.1739620222555431,0.17122443520381414,0.0,False
2023091005,1217,47899,Amani Hooker,SS,2.7049718318622267,0.9117165171575123,0.6101911201525156,0.0,False
2023091005,1217,48268,Azeez Al-Shaair,MLB,1.6400014026367502,0.9117165171575123,0.6101911201525156,0.0,False
2023091005,1217,53529,Elijah Molden,FS,3.760330439045412,0.9117165171575123,0.6101911201525156,0.0,False
2023091005,1217,46110,Harold Landry III,OLB,1.521907637310028,0.9117165171575123,0.6101911201525156,0.11809376532672222,True
2023091005,1217,43353,Kevin Byard,FS,2.770416220007002,0.9117165171575123,0.6101911201525156,0.0,False
2023091005,1217,52469,Kristian Fulton,CB,2.8905968977561436,0.9117165171575123,0.6101911201525156,0.0,False
2023091005,1217,47822,Sean Murphy-Bunting,CB,5.244397270840594,0.9117165171575123,0.6101911201525156,0.0,False
2023091005,1289,47899,Amani Hooker,SS,3.315863944189348,0.9509684666188272,0.7831721922269343,0.0,False
2023091005,1289,48268,Azeez Al-Shaair,MLB,1.7341406588457615,0.9509684666188272,0.7831721922269343,1.4281862993047545,True
2023091005,1289,53529,Elijah Molden,FS,4.734460927083608,0.9509684666188272,0.7831721922269343,0.0,False
2023091005,1289,43353,Kevin Byard,FS,3.162326958150516,0.9509684666188272,0.7831721922269343,0.0,False
2023091005,1289,52571,Kindle Vildor,CB,5.25021100012671,0.9509684666188272,0.7831721922269343,0.0,False
2023091005,1289,54500,Roger McCreary,CB,4.231716107007683,0.9509684666188272,0.7831721922269343,0.0,False
2023091005,1289,47822,Sean Murphy-Bunting,CB,4.855751719713725,0.9509684666188272,0.7831721922269343,0.0,False
2023091005,1394,54514,Alontae Taylor,CB,1.3329881844427738,1.0105483084174103,-0.11277090186749983,0.0,False
2023091005,1394,38607,Demario Davis,MLB,0.8977774065499105,1.0105483084174103,-0.11277090186749983,0.43521077789286333,True
2023091005,1394,56011,Jordan Howden,FS,6.586387364560565,1.0105483084174103,-0.11277090186749983,0.0,False
2023091005,1394,44851,Marcus Maye,FS,5.202934748618964,1.0105483084174103,-0.11277090186749983,0.0,False
2023091005,1394,44823,Marshon Lattimore,CB,6.99703123011851,1.0105483084174103,-0.11277090186749983,0.0,False
2023091005,1394,53505,Paulson Adebo,CB,2.075922364206462,1.0105483084174103,-0.11277090186749983,0.0,False
2023091005,1394,40017,Tyrann Mathieu,FS,2.721763084362873,1.0105483084174103,-0.11277090186749983,0.0,False
2023091005,1721,38607,Demario Davis,MLB,3.123768081100043,1.443009009329134,0.03727760557711446,0.0,False
2023091005,1721,44851,Marcus Maye,FS,2.599956999822657,1.443009009329134,0.03727760557711446,0.0,False
2023091005,1721,44823,Marshon Lattimore,CB,1.5102798125774675,1.443009009329134,0.03727760557711446,0.0,False
2023091005,1721,53505,Paulson Adebo,CB,3.8172521153143593,1.443009009329134,0.03727760557711446,0.0,False
2023091005,1721,53489,Pete Werner,ILB,2.686884987863208,1.443009009329134,0.03727760557711446,0.0,False
2023091005,1721,40017,Tyrann Mathieu,FS,1.4802866149062484,1.443009009329134,0.03727760557711446,0.029993197671219107,True
2023091005,1766,54514,Alontae Taylor,CB,7.622478546446501,1.9548937532094024,0.16098597127774528,0.0,False
2023091005,1766,38607,Demario Davis,MLB,6.378494372369018,1.9548937532094024,0.16098597127774528,0.0,False
2023091005,1766,56011,Jordan Howden,FS,4.562368863769505,1.9548937532094024,0.16098597127774528,0.0,False
2023091005,1766,44851,Marcus Maye,FS,2.1158797244871477,1.9548937532094024,0.16098597127774528,0.060176859929073956,True
2023091005,1766,44823,Marshon Lattimore,CB,2.1760565844162216,1.9548937532094024,0.16098597127774528,0.0,False
2023091005,1766,53505,Paulson Adebo,CB,6.261954467432279,1.9548937532094024,0.16098597127774528,0.0,False
2023091005,1766,40017,Tyrann Mathieu,FS,7.01841986041892,1.9548937532094024,0.16098597127774528,0.0,False
2023091005,2166,47899,Amani Hooker,SS,2.9101891720601754,1.158892106033019,0.4236303004643207,0.0,False
2023091005,2166,48268,Azeez Al-Shaair,MLB,1.771077330151192,1.158892106033019,0.4236303004643207,0.0,False
2023091005,2166,53529,Elijah Molden,FS,4.015433348431136,1.158892106033019,0.4236303004643207,0.0,False
2023091005,2166,43353,Kevin Byard,FS,1.9541035649824847,1.158892106033019,0.4236303004643207,0.0,False
2023091005,2166,52571,Kindle Vildor,CB,4.928407398230043,1.158892106033019,0.4236303004643207,0.0,False
2023091005,2166,54500,Roger McCreary,CB,1.5825224064973398,1.158892106033019,0.4236303004643207,0.18855492365385218,True
2023091005,2166,47822,Sean Murphy-Bunting,CB,4.6935417125103305,1.158892106033019,0.4236303004643207,0.0,False
2023091005,2251,47899,Amani Hooker,SS,3.433936236804062,1.0162408003227668,0.4996992231751416,0.0,False
2023091005,2251,48268,Azeez Al-Shaair,MLB,2.830377444190331,1.0162408003227668,0.4996992231751416,0.0,False
2023091005,2251,53529,Elijah Molden,FS,3.334662631088241,1.0162408003227668,0.4996992231751416,0.0,False
2023091005,2251,43353,Kevin Byard,FS,1.590855452237167,1.0162408003227668,0.4996992231751416,0.0,False
2023091005,2251,52571,Kindle Vildor,CB,4.440820189465316,1.0162408003227668,0.4996992231751416,0.0,False
2023091005,2251,54500,Roger McCreary,CB,1.5159400234979084,1.0162408003227668,0.4996992231751416,0.0749154287392586,True
2023091005,2251,47822,Sean Murphy-Bunting,CB,4.177875181260354,1.0162408003227668,0.4996992231751416,0.0,False
2023091005,2283,47899,Amani Hooker,SS,1.1164145169372766,1.201263866393504,-0.08484934945622746,1.0147021408258003,True
2023091005,2283,48268,Azeez Al-Shaair,MLB,2.131116657763077,1.201263866393504,-0.08484934945622746,0.0,False
2023091005,2283,53529,Elijah Molden,FS,3.398709575318788,1.201263866393504,-0.08484934945622746,0.0,False
2023091005,2283,43353,Kevin Byard,FS,2.6123605691791822,1.201263866393504,-0.08484934945622746,0.0,False
2023091005,2283,52571,Kindle Vildor,CB,3.3850489650252658,1.201263866393504,-0.08484934945622746,0.0,False
2023091005,2283,54500,Roger McCreary,CB,5.719690847873417,1.201263866393504,-0.08484934945622746,0.0,False
2023091005,2283,47822,Sean Murphy-Bunting,CB,5.103653565551816,1.201263866393504,-0.08484934945622746,0.0,False
2023091005,2366,38607,Demario Davis,MLB,3.1398661565707884,0.6842919025178207,0.6267071666856301,0.0,False
2023091005,2366,44851,Marcus Maye,FS,4.695780608927182,0.6842919025178207,0.6267071666856301,0.0,False
2023091005,2366,44823,Marshon Lattimore,CB,2.965579362213241,0.6842919025178207,0.6267071666856301,0.0,False
2023091005,2366,53505,Paulson Adebo,CB,6.172610310970002,0.6842919025178207,0.6267071666856301,0.0,False
2023091005,2366,53489,Pete Werner,ILB,1.3109990692034508,0.6842919025178207,0.6267071666856301,0.03506215646306177,True
2023091005,2366,40017,Tyrann Mathieu,FS,1.3460612256665125,0.6842919025178207,0.6267071666856301,0.0,False
2023091005,2366,52482,Zack Baun,ILB,4.374353383552838,0.6842919025178207,0.6267071666856301,0.0,False
2023091005,2440,38607,Demario Davis,MLB,11.28974447546191,2.421898919027467,0.10962668802995434,0.0,False
2023091005,2440,46168,Isaac Yiadom,CB,2.5315256070574215,2.421898919027467,0.10962668802995434,0.404500639663691,True
2023091005,2440,44851,Marcus Maye,FS,2.9360262467211125,2.421898919027467,0.10962668802995434,0.0,False
2023091005,2440,53489,Pete Werner,ILB,10.336443641973979,2.421898919027467,0.10962668802995434,0.0,False
2023091005,2440,40017,Tyrann Mathieu,FS,8.629999252874857,2.421898919027467,0.10962668802995434,0.0,False
2023091005,2440,52482,Zack Baun,ILB,4.2098672339481045,2.421898919027467,0.10962668802995434,0.0,False
2023091005,2518,47899,Amani Hooker,SS,2.6842329400458764,1.68767239994037,0.9965605401055064,0.3614428134320624,True
2023091005,2518,48268,Azeez Al-Shaair,MLB,3.2465692118821576,1.68767239994037,0.9965605401055064,0.0,False
2023091005,2518,53529,Elijah Molden,FS,6.2945823752525065,1.68767239994037,0.9965605401055064,0.0,False
2023091005,2518,55184,Jack Gibbens,ILB,3.570869488628571,1.68767239994037,0.9965605401055064,0.0,False
2023091005,2518,43353,Kevin Byard,FS,3.045675753477939,1.68767239994037,0.9965605401055064,0.0,False
2023091005,2518,54500,Roger McCreary,CB,3.3443105090081846,1.68767239994037,0.9965605401055064,0.0,False
2023091005,2518,47822,Sean Murphy-Bunting,CB,5.127040410220383,1.68767239994037,0.9965605401055064,0.0,False
2023091005,2670,54514,Alontae Taylor,CB,4.81169627448673,1.2162219247300892,0.09528960689636135,0.0,False
2023091005,2670,38607,Demario Davis,MLB,2.0511630671795587,1.2162219247300892,0.09528960689636135,0.0,False
2023091005,2670,44851,Marcus Maye,FS,1.3115115316264505,1.2162219247300892,0.09528960689636135,0.10880469803697879,True
2023091005,2670,44823,Marshon Lattimore,CB,5.808491433992861,1.2162219247300892,0.09528960689636135,0.0,False
2023091005,2670,53505,Paulson Adebo,CB,1.4203162296634293,1.2162219247300892,0.09528960689636135,0.0,False
2023091005,2670,53489,Pete Werner,ILB,4.440972538116985,1.2162219247300892,0.09528960689636135,0.0,False
2023091005,2670,40017,Tyrann Mathieu,FS,3.324810302540579,1.2162219247300892,0.09528960689636135,0.0,False
2023091005,2720,54514,Alontae Taylor,CB,3.498372923139002,1.2772378188553666,0.21700621235782136,0.0,False
2023091005,2720,38607,Demario Davis,MLB,2.323408595889653,1.2772378188553666,0.21700621235782136,0.0,False
2023091005,2720,44851,Marcus Maye,FS,2.126115483581887,1.2772378188553666,0.21700621235782136,0.0,False
2023091005,2720,44823,Marshon Lattimore,CB,5.041636439215839,1.2772378188553666,0.21700621235782136,0.0,False
2023091005,2720,53505,Paulson Adebo,CB,4.698343216335387,1.2772378188553666,0.21700621235782136,0.0,False
2023091005,2720,53489,Pete Werner,ILB,2.302578577790693,1.2772378188553666,0.21700621235782136,0.0,False
2023091005,2720,40017,Tyrann Mathieu,FS,1.494244031213188,1.2772378188553666,0.21700621235782136,0.631871452368699,True
2023091005,2834,47899,Amani Hooker,SS,3.1377852150503,0.7135915912399424,0.6084965905498698,0.0,False
2023091005,2834,48268,Azeez Al-Shaair,MLB,1.3220881817898122,0.7135915912399424,0.6084965905498698,0.7974776559259704,True
2023091005,2834,46110,Harold Landry III,OLB,4.655969498044249,0.7135915912399424,0.6084965905498698,0.0,False
2023091005,2834,55184,Jack Gibbens,ILB,3.2325152874447065,0.7135915912399424,0.6084965905498698,0.0,False
2023091005,2834,43353,Kevin Byard,FS,6.186089791813452,0.7135915912399424,0.6084965905498698,0.0,False
2023091005,2834,54500,Roger McCreary,CB,2.1195658377157827,0.7135915912399424,0.6084965905498698,0.0,False
2023091005,2834,47822,Sean Murphy-Bunting,CB,6.442997731827253,0.7135915912399424,0.6084965905498698,0.0,False
2023091005,2964,47899,Amani Hooker,SS,1.6183698068848598,1.4224804083777922,0.19588939850706755,1.0303129545647294,True
2023091005,2964,48268,Azeez Al-Shaair,MLB,5.801768477175384,1.4224804083777922,0.19588939850706755,0.0,False
2023091005,2964,53529,Elijah Molden,FS,3.1786039405802025,1.4224804083777922,0.19588939850706755,0.0,False
2023091005,2964,43353,Kevin Byard,FS,7.576753036776807,1.4224804083777922,0.19588939850706755,0.0,False
2023091005,2964,52469,Kristian Fulton,CB,2.648682761449589,1.4224804083777922,0.19588939850706755,0.0,False
2023091005,2964,54500,Roger McCreary,CB,5.177796306914869,1.4224804083777922,0.19588939850706755,0.0,False
2023091005,2964,47822,Sean Murphy-Bunting,CB,6.99408526346242,1.4224804083777922,0.19588939850706755,0.0,False
2023091005,3042,54514,Alontae Taylor,CB,1.4452606253834894,0.7338070775218513,0.7114535478616382,0.3323167601599002,True
2023091005,3042,38607,Demario Davis,MLB,4.688778755559531,0.7338070775218513,0.7114535478616382,0.0,False
2023091005,3042,44851,Marcus Maye,FS,7.704223829602878,0.7338070775218513,0.7114535478616382,0.0,False
2023091005,3042,44823,Marshon Lattimore,CB,8.33400681245299,0.7338070775218513,0.7114535478616382,0.0,False
2023091005,3042,46141,Nathan Shepherd,DE,4.903064018455927,0.7338070775218513,0.7114535478616382,0.0,False
2023091005,3042,53505,Paulson Adebo,CB,1.7775773855433896,0.7338070775218513,0.7114535478616382,0.0,False
2023091005,3042,53489,Pete Werner,ILB,6.158908262165517,0.7338070775218513,0.7114535478616382,0.0,False
2023091005,3042,40017,Tyrann Mathieu,FS,3.5744768901198762,0.7338070775218513,0.7114535478616382,0.0,False
2023091005,3067,54514,Alontae Taylor,CB,8.070642123789364,1.1966705819692554,0.02850407117203657,0.0,False
2023091005,3067,56011,Jordan Howden,FS,4.7871596986607265,1.1966705819692554,0.02850407117203657,0.0,False
2023091005,3067,44851,Marcus Maye,FS,5.789552666337401,1.1966705819692554,0.02850407117203657,0.0,False
2023091005,3067,44823,Marshon Lattimore,CB,5.084722009956682,1.1966705819692554,0.02850407117203657,0.0,False
2023091005,3067,53505,Paulson Adebo,CB,1.225174653141292,1.1966705819692554,0.02850407117203657,1.1843808186702762,True
2023091005,3067,53489,Pete Werner,ILB,5.277524801665409,1.1966705819692554,0.02850407117203657,0.0,False
2023091005,3067,40017,Tyrann Mathieu,FS,2.409555471811568,1.1966705819692554,0.02850407117203657,0.0,False
2023091005,3128,48268,Azeez Al-Shaair,MLB,6.203540791282044,1.3757949002119043,-0.015198438710788409,0.0,False
2023091005,3128,53529,Elijah Molden,FS,1.9212288253998853,1.3757949002119043,-0.015198438710788409,0.0,False
2023091005,3128,55184,Jack Gibbens,ILB,5.1003793025443915,1.3757949002119043,-0.015198438710788409,0.0,False
2023091005,3128,43353,Kevin Byard,FS,2.628677776708194,1.3757949002119043,-0.015198438710788409,0.0,False
2023091005,3128,55081,Mike Brown,FS,6.047910936980641,1.3757949002119043,-0.015198438710788409,0.0,False
2023091005,3128,54500,Roger McCreary,CB,6.821362876126182,1.3757949002119043,-0.015198438710788409,0.0,False
2023091005,3128,47822,Sean Murphy-Bunting,CB,1.360596461501116,1.3757949002119043,-0.015198438710788409,0.5606323638987694,True
2023091005,3208,53529,Elijah Molden,FS,5.3270322867597,2.3320155728173266,0.6954247363250445,0.0,False
2023091005,3208,43353,Kevin Byard,FS,3.027440309142371,2.3320155728173266,0.6954247363250445,0.08746956789866145,True
2023091005,3208,52469,Kristian Fulton,CB,6.178562672043952,2.3320155728173266,0.6954247363250445,0.0,False
2023091005,3208,55081,Mike Brown,FS,6.340047888946076,2.3320155728173266,0.6954247363250445,0.0,False
2023091005,3208,54500,Roger McCreary,CB,3.1149098770410326,2.3320155728173266,0.6954247363250445,0.0,False
2023091005,3208,47822,Sean Murphy-Bunting,CB,3.1610661286696966,2.3320155728173266,0.6954247363250445,0.0,False
2023091005,3358,54514,Alontae Taylor,CB,0.5563823672264995,1.3319143343474686,-0.7755319671209692,1.2017677142337457,True
2023091005,3358,56011,Jordan Howden,FS,2.680812830752863,1.3319143343474686,-0.7755319671209692,0.0,False
2023091005,3358,44851,Marcus Maye,FS,3.105321266253683,1.3319143343474686,-0.7755319671209692,0.0,False
2023091005,3358,44823,Marshon Lattimore,CB,4.0330015149577205,1.3319143343474686,-0.7755319671209692,0.0,False
2023091005,3358,53505,Paulson Adebo,CB,1.7581500814602453,1.3319143343474686,-0.7755319671209692,0.0,False
2023091005,3358,40017,Tyrann Mathieu,FS,3.5103823700976435,1.3319143343474686,-0.7755319671209692,0.0,False
2023091005,3383,54514,Alontae Taylor,CB,1.5913892982942772,1.217664959370375,0.3737243389239022,0.4274853214023393,True
2023091005,3383,38607,Demario Davis,MLB,2.0188746196966165,1.217664959370375,0.3737243389239022,0.0,False
2023091005,3383,44851,Marcus Maye,FS,4.441363931269599,1.217664959370375,0.3737243389239022,0.0,False
2023091005,3383,44823,Marshon Lattimore,CB,3.2028134849884955,1.217664959370375,0.3737243389239022,0.0,False
2023091005,3383,53505,Paulson Adebo,CB,3.6178045001852137,1.217664959370375,0.3737243389239022,0.0,False
2023091005,3383,53489,Pete Werner,ILB,3.1479563936539545,1.217664959370375,0.3737243389239022,0.0,False
2023091005,3383,40017,Tyrann Mathieu,FS,3.0247402930860745,1.217664959370375,0.3737243389239022,0.0,False
2023091005,3413,54514,Alontae Taylor,CB,5.222422780394547,2.9445141579814855,0.457326814217645,0.0,False
2023091005,3413,48537,Carl Granderson,OLB,8.453277515372683,2.9445141579814855,0.457326814217645,0.0,False
2023091005,3413,38607,Demario Davis,MLB,3.4018409721991305,2.9445141579814855,0.457326814217645,1.8205818081954166,True
2023091005,3413,44851,Marcus Maye,FS,6.658899181327341,2.9445141579814855,0.457326814217645,0.0,False
2023091005,3413,44823,Marshon Lattimore,CB,7.910111760638992,2.9445141579814855,0.457326814217645,0.0,False
2023091005,3413,53505,Paulson Adebo,CB,7.827537825960735,2.9445141579814855,0.457326814217645,0.0,False
2023091005,3413,40017,Tyrann Mathieu,FS,5.617665617499445,2.9445141579814855,0.457326814217645,0.0,False
2023091005,3436,54514,Alontae Taylor,CB,1.6186756505824798,1.029830975407191,0.5798898294926664,0.0,False
2023091005,3436,38607,Demario Davis,MLB,1.6097208048998575,1.029830975407191,0.5798898294926664,0.008954845682622281,True
2023091005,3436,44851,Marcus Maye,FS,4.594978619036545,1.029830975407191,0.5798898294926664,0.0,False
2023091005,3436,44823,Marshon Lattimore,CB,4.272685155281819,1.029830975407191,0.5798898294926664,0.0,False
2023091005,3436,53505,Paulson Adebo,CB,3.973473230226132,1.029830975407191,0.5798898294926664,0.0,False
2023091005,3436,53489,Pete Werner,ILB,2.126235579181193,1.029830975407191,0.5798898294926664,0.0,False
2023091005,3436,40017,Tyrann Mathieu,FS,4.348756182687553,1.029830975407191,0.5798898294926664,0.0,False
2023091005,3483,54514,Alontae Taylor,CB,1.717705843029148,1.5657001452339057,0.15200569779524242,0.97120059670654,True
2023091005,3483,44851,Marcus Maye,FS,2.688906439735688,1.5657001452339057,0.15200569779524242,0.0,False
2023091005,3483,53505,Paulson Adebo,CB,4.878682233740476,1.5657001452339057,0.15200569779524242,0.0,False
2023091005,3483,53489,Pete Werner,ILB,6.557950855800857,1.5657001452339057,0.15200569779524242,0.0,False
2023091005,3483,40017,Tyrann Mathieu,FS,5.519195808450427,1.5657001452339057,0.15200569779524242,0.0,False
2023091005,3578,38607,Demario Davis,MLB,5.761216699165238,0.9822983698199477,0.19242764348862518,0.0,False
2023091005,3578,46168,Isaac Yiadom,CB,1.4297250748915586,0.9822983698199477,0.19242764348862518,0.0,False
2023091005,3578,44851,Marcus Maye,FS,5.375006345127771,0.9822983698199477,0.19242764348862518,0.0,False
2023091005,3578,53505,Paulson Adebo,CB,4.997431858237782,0.9822983698199477,0.19242764348862518,0.0,False
2023091005,3578,53489,Pete Werner,ILB,3.8387413947434403,0.9822983698199477,0.19242764348862518,0.0,False
2023091005,3578,40017,Tyrann Mathieu,FS,1.1747260133085728,0.9822983698199477,0.19242764348862518,0.2549990615829858,True
2023091005,3578,47915,Ugo Amadi,FS,6.235383649715647,0.9822983698199477,0.19242764348862518,0.0,False
2023091005,3603,46168,Isaac Yiadom,CB,3.619269725440502,1.3497087658316096,-0.4151135385244644,0.0,False
2023091005,3603,56011,Jordan Howden,FS,4.94387516014072,1.3497087658316096,-0.4151135385244644,0.0,False
2023091005,3603,44851,Marcus Maye,FS,3.863592986337706,1.3497087658316096,-0.4151135385244644,0.0,False
2023091005,3603,53505,Paulson Adebo,CB,0.9345952273071452,1.3497087658316096,-0.4151135385244644,0.5599788178231004,True
2023091005,3603,40017,Tyrann Mathieu,FS,7.351115134830798,1.3497087658316096,-0.4151135385244644,0.0,False
2023091005,3603,47915,Ugo Amadi,FS,1.4945740451302456,1.3497087658316096,-0.4151135385244644,0.0,False
2023091005,3698,47899,Amani Hooker,SS,3.345817385071521,0.9747117609637359,0.13589690296668522,0.0,False
2023091005,3698,48268,Azeez Al-Shaair,MLB,2.771896392053816,0.9747117609637359,0.13589690296668522,0.0,False
2023091005,3698,53529,Elijah Molden,FS,3.2760369390466155,0.9747117609637359,0.13589690296668522,0.0,False
2023091005,3698,43353,Kevin Byard,FS,1.384656182239498,0.9747117609637359,0.13589690296668522,0.0,False
2023091005,3698,54500,Roger McCreary,CB,4.395205965246003,0.9747117609637359,0.13589690296668522,0.0,False
2023091005,3698,47822,Sean Murphy-Bunting,CB,1.1106086639304211,0.9747117609637359,0.13589690296668522,0.2740475183090769,True
2023091005,3774,47899,Amani Hooker,SS,2.0598824562552007,1.5048950228696636,0.3137031306383058,0.0,False
2023091005,3774,48268,Azeez Al-Shaair,MLB,5.923876519401619,1.5048950228696636,0.3137031306383058,0.0,False
2023091005,3774,53529,Elijah Molden,FS,5.361067420509633,1.5048950228696636,0.3137031306383058,0.0,False
2023091005,3774,43353,Kevin Byard,FS,3.087914502189342,1.5048950228696636,0.3137031306383058,0.0,False
2023091005,3774,52469,Kristian Fulton,CB,2.789894660960752,1.5048950228696636,0.3137031306383058,0.0,False
2023091005,3774,54500,Roger McCreary,CB,1.909846067228422,1.5048950228696636,0.3137031306383058,0.0,False
2023091005,3774,47822,Sean Murphy-Bunting,CB,1.8185981535079694,1.5048950228696636,0.3137031306383058,0.09124791372045271,True
2023091005,3850,47899,Amani Hooker,SS,4.67054017414014,0.5127096942064094,2.2852606968503126,0.0,False
2023091005,3850,48268,Azeez Al-Shaair,MLB,2.797970391056722,0.5127096942064094,2.2852606968503126,0.05668410452774841,True
2023091005,3850,53529,Elijah Molden,FS,6.156668637150178,0.5127096942064094,2.2852606968503126,0.0,False
2023091005,3850,55184,Jack Gibbens,ILB,3.8432759911883263,0.5127096942064094,2.2852606968503126,0.0,False
2023091005,3850,43353,Kevin Byard,FS,2.8546544955844704,0.5127096942064094,2.2852606968503126,0.0,False
2023091005,3850,54500,Roger McCreary,CB,8.53838226875025,0.5127096942064094,2.2852606968503126,0.0,False
2023091005,3850,47822,Sean Murphy-Bunting,CB,5.3050111406970775,0.5127096942064094,2.2852606968503126,0.0,False
2023091005,3875,47899,Amani Hooker,SS,6.671177117353153,3.843780502205933,0.3579454355336211,0.0,False
2023091005,3875,48268,Azeez Al-Shaair,MLB,8.474733992465325,3.843780502205933,0.3579454355336211,0.0,False
2023091005,3875,53529,Elijah Molden,FS,4.201725937739554,3.843780502205933,0.3579454355336211,0.2307702142165704,True
2023091005,3875,43353,Kevin Byard,FS,8.380965454643674,3.843780502205933,0.3579454355336211,0.0,False
2023091005,3875,52469,Kristian Fulton,CB,4.432496151956125,3.843780502205933,0.3579454355336211,0.0,False
2023091005,3875,54500,Roger McCreary,CB,8.03727347823481,3.843780502205933,0.3579454355336211,0.0,False
2023091005,3875,47822,Sean Murphy-Bunting,CB,6.764045472055911,3.843780502205933,0.3579454355336211,0.0,False
2023091005,3984,54514,Alontae Taylor,CB,2.628316711070455,1.2482519750484768,0.7442683088761728,0.0,False
2023091005,3984,38607,Demario Davis,MLB,2.667041591253185,1.2482519750484768,0.7442683088761728,0.0,False
2023091005,3984,56011,Jordan Howden,FS,5.945196844354222,1.2482519750484768,0.7442683088761728,0.0,False
2023091005,3984,44851,Marcus Maye,FS,1.9925202839246496,1.2482519750484768,0.7442683088761728,0.5632673329295395,True
2023091005,3984,44823,Marshon Lattimore,CB,8.10454796801831,1.2482519750484768,0.7442683088761728,0.0,False
2023091005,3984,53505,Paulson Adebo,CB,2.555787616854189,1.2482519750484768,0.7442683088761728,0.0,False
2023091005,3984,53489,Pete Werner,ILB,4.5597452661329525,1.2482519750484768,0.7442683088761728,0.0,False
2023091005,4036,54514,Alontae Taylor,CB,1.7214290368273248,1.3086782853109138,0.41275075151641105,0.7643442978852479,True
2023091005,4036,38607,Demario Davis,MLB,5.595572321649092,1.3086782853109138,0.41275075151641105,0.0,False
2023091005,4036,44851,Marcus Maye,FS,6.884276072068524,1.3086782853109138,0.41275075151641105,0.0,False
2023091005,4036,44823,Marshon Lattimore,CB,2.485773334712573,1.3086782853109138,0.41275075151641105,0.0,False
2023091005,4036,53505,Paulson Adebo,CB,9.353651864901721,1.3086782853109138,0.41275075151641105,0.0,False
2023091005,4036,53489,Pete Werner,ILB,7.514664400848047,1.3086782853109138,0.41275075151641105,0.0,False
2023091005,4036,40017,Tyrann Mathieu,FS,3.656153753493478,1.3086782853109138,0.41275075151641105,0.0,False
2023091005,4124,54514,Alontae Taylor,CB,2.3797646103940253,1.223756366004806,0.21800490884246093,0.0,False
2023091005,4124,38607,Demario Davis,MLB,3.890349202820802,1.223756366004806,0.21800490884246093,0.0,False
2023091005,4124,44851,Marcus Maye,FS,3.3297436229127473,1.223756366004806,0.21800490884246093,0.0,False
2023091005,4124,44823,Marshon Lattimore,CB,1.441761274847267,1.223756366004806,0.21800490884246093,0.9380033355467583,True
2023091005,4124,53505,Paulson Adebo,CB,8.69276467593289,1.223756366004806,0.21800490884246093,0.0,False
2023091005,4124,53489,Pete Werner,ILB,6.663334003674404,1.223756366004806,0.21800490884246093,0.0,False
2023091005,4124,40017,Tyrann Mathieu,FS,7.502274012737902,1.223756366004806,0.21800490884246093,0.0,False
2023091005,4147,54514,Alontae Taylor,CB,2.06369910534357,0.8233278070581165,0.6501725979812509,0.0,False
2023091005,4147,48537,Carl Granderson,OLB,2.2096119069306193,0.8233278070581165,0.6501725979812509,0.0,False
2023091005,4147,38607,Demario Davis,MLB,1.4735004050393674,0.8233278070581165,0.6501725979812509,0.5901987003042026,True
2023091005,4147,44851,Marcus Maye,FS,5.34268215741264,0.8233278070581165,0.6501725979812509,0.0,False
2023091005,4147,44823,Marshon Lattimore,CB,5.633524690289319,0.8233278070581165,0.6501725979812509,0.0,False
2023091005,4147,53505,Paulson Adebo,CB,4.202781999769975,0.8233278070581165,0.6501725979812509,0.0,False
2023091005,4147,53489,Pete Werner,ILB,2.5744450941541945,0.8233278070581165,0.6501725979812509,0.0,False
2023091005,4147,40017,Tyrann Mathieu,FS,3.314473058162747,0.8233278070581165,0.6501725979812509,0.0,False
2023091005,4270,47899,Amani Hooker,SS,1.6756291078271968,1.136477529227046,0.23515022655314333,0.0,False
2023091005,4270,48268,Azeez Al-Shaair,MLB,4.157330254635489,1.136477529227046,0.23515022655314333,0.0,False
2023091005,4270,55184,Jack Gibbens,ILB,2.1872583025325594,1.136477529227046,0.23515022655314333,0.0,False
2023091005,4270,43353,Kevin Byard,FS,3.1756773037418458,1.136477529227046,0.23515022655314333,0.0,False
2023091005,4270,54500,Roger McCreary,CB,2.4945238949687094,1.136477529227046,0.23515022655314333,0.0,False
2023091005,4270,47822,Sean Murphy-Bunting,CB,1.3716277557801893,1.136477529227046,0.23515022655314333,0.3040013520470075,True
2023091006,55,53531,Ambry Thomas,CB,3.4156348225173194,0.5799700599903473,0.754005208275052,0.0,False
2023091006,55,46757,Charvarius Ward,CB,5.3657232771086365,0.5799700599903473,0.754005208275052,0.0,False
2023091006,55,53601,Deommodore Lenoir,CB,1.9349790264188433,0.5799700599903473,0.754005208275052,0.0,False
2023091006,55,47931,Dre Greenlaw,ILB,4.021730356126565,0.5799700599903473,0.754005208275052,0.0,False
2023091006,55,46139,Fred Warner,MLB,1.3339752682653994,0.5799700599903473,0.754005208275052,0.6010037581534441,True
2023091006,55,53609,Talanoa Hufanga,SS,4.88301719820006,0.5799700599903473,0.754005208275052,0.0,False
2023091006,55,38868,Tashaun Gipson,FS,3.851737374857719,0.5799700599903473,0.754005208275052,0.0,False
2023091006,144,52510,Alex Highsmith,OLB,3.1830707054039546,0.5687323567671757,0.5335107261430988,0.0,False
2023091006,144,47956,Cole Holcomb,ILB,1.5025182509727824,0.5687323567671757,0.5335107261430988,0.0,False
2023091006,144,43503,Elandon Roberts,MLB,1.1022430829102745,0.5687323567671757,0.5335107261430988,0.40027516806250785,True
2023091006,144,43306,Keanu Neal,FS,2.3832861394565503,0.5687323567671757,0.5335107261430988,0.0,False
2023091006,144,46698,Levi Wallace,CB,6.297836746290916,0.5687323567671757,0.5335107261430988,0.0,False
2023091006,144,46080,Minkah Fitzpatrick,FS,3.8085311629300644,0.5687323567671757,0.5335107261430988,0.0,False
2023091006,144,37078,Patrick Peterson,CB,1.668891093154684,0.5687323567671757,0.5335107261430988,0.0,False
2023091006,213,47956,Cole Holcomb,ILB,2.0069279648294445,0.8341532326882395,0.3303604720257616,0.0,False
2023091006,213,43503,Elandon Roberts,MLB,1.164513704714001,0.8341532326882395,0.3303604720257616,0.8424142601154434,True
2023091006,213,43306,Keanu Neal,FS,4.1870453261835605,0.8341532326882395,0.3303604720257616,0.0,False
2023091006,213,46698,Levi Wallace,CB,3.467640580559849,0.8341532326882395,0.3303604720257616,0.0,False
2023091006,213,46080,Minkah Fitzpatrick,FS,4.360988888284427,0.8341532326882395,0.3303604720257616,0.0,False
2023091006,213,37078,Patrick Peterson,CB,2.7376087366626005,0.8341532326882395,0.3303604720257616,0.0,False
2023091006,282,44962,Damontae Kazee,FS,1.4738825079985303,1.0285848281238086,0.4452976798747217,0.327913864295468,True
2023091006,282,43306,Keanu Neal,FS,2.8478745114920194,1.0285848281238086,0.4452976798747217,0.0,False
2023091006,282,42467,Kwon Alexander,OLB,4.379754333508248,1.0285848281238086,0.4452976798747217,0.0,False
2023091006,282,46698,Levi Wallace,CB,3.9442581851653697,1.0285848281238086,0.4452976798747217,0.0,False
2023091006,282,37078,Patrick Peterson,CB,1.8017963722939982,1.0285848281238086,0.4452976798747217,0.0,False
2023091006,431,53531,Ambry Thomas,CB,3.2891623606270675,1.4258153670636287,0.13358939104841072,0.0,False
2023091006,431,46757,Charvarius Ward,CB,1.5594047581120394,1.4258153670636287,0.13358939104841072,0.8559471445422682,True
2023091006,431,53601,Deommodore Lenoir,CB,4.127387115579254,1.4258153670636287,0.13358939104841072,0.0,False
2023091006,431,47931,Dre Greenlaw,ILB,5.181315617223296,1.4258153670636287,0.13358939104841072,0.0,False
2023091006,431,53609,Talanoa Hufanga,SS,4.056590859049648,1.4258153670636287,0.13358939104841072,0.0,False
2023091006,431,38868,Tashaun Gipson,FS,2.4153519026543075,1.4258153670636287,0.13358939104841072,0.0,False
2023091006,492,47956,Cole Holcomb,ILB,1.550005435481286,1.2499459622570683,0.30005947322421767,0.20495145070265575,True
2023091006,492,44962,Damontae Kazee,FS,3.7075789786863935,1.2499459622570683,0.30005947322421767,0.0,False
2023091006,492,43306,Keanu Neal,FS,2.530074654785552,1.2499459622570683,0.30005947322421767,0.0,False
2023091006,492,42467,Kwon Alexander,OLB,1.7549568861839417,1.2499459622570683,0.30005947322421767,0.0,False
2023091006,492,46698,Levi Wallace,CB,2.73284922585064,1.2499459622570683,0.30005947322421767,0.0,False
2023091006,492,46080,Minkah Fitzpatrick,FS,3.6078733375012044,1.2499459622570683,0.30005947322421767,0.0,False
2023091006,492,37078,Patrick Peterson,CB,3.7367056829917695,1.2499459622570683,0.30005947322421767,0.0,False
2023091006,550,46652,Chandon Sullivan,CB,4.788515042154717,0.8288317685159785,0.6582008805694464,0.0,False
2023091006,550,47956,Cole Holcomb,ILB,1.4870326490854249,0.8288317685159785,0.6582008805694464,0.32831044736698023,True
2023091006,550,44962,Damontae Kazee,FS,4.485308385579416,0.8288317685159785,0.6582008805694464,0.0,False
2023091006,550,42467,Kwon Alexander,OLB,3.046674952900886,0.8288317685159785,0.6582008805694464,0.0,False
2023091006,550,46698,Levi Wallace,CB,5.947550090374832,0.8288317685159785,0.6582008805694464,0.0,False
2023091006,550,46080,Minkah Fitzpatrick,FS,1.815343096452405,0.8288317685159785,0.6582008805694464,0.0,False
2023091006,550,37078,Patrick Peterson,CB,2.8992685707163757,0.8288317685159785,0.6582008805694464,0.0,False
2023091006,575,46652,Chandon Sullivan,CB,3.5381460292751874,1.323428252863837,-0.032741194225644144,0.0,False
2023091006,575,47956,Cole Holcomb,ILB,1.2906870586381929,1.323428252863837,-0.032741194225644144,0.16408781369196812,True
2023091006,575,44962,Damontae Kazee,FS,2.459219193656043,1.323428252863837,-0.032741194225644144,0.0,False
2023091006,575,42467,Kwon Alexander,OLB,2.2335453558719873,1.323428252863837,-0.032741194225644144,0.0,False
2023091006,575,46698,Levi Wallace,CB,3.130902928354052,1.323428252863837,-0.032741194225644144,0.0,False
2023091006,575,46080,Minkah Fitzpatrick,FS,2.4598090516936955,1.323428252863837,-0.032741194225644144,0.0,False
2023091006,575,37078,Patrick Peterson,CB,1.454774872330161,1.323428252863837,-0.032741194225644144,0.0,False
2023091006,598,47956,Cole Holcomb,ILB,5.450780299600487,1.088921115291744,0.8769695362854641,0.0,False
2023091006,598,44962,Damontae Kazee,FS,2.1954162560621535,1.088921115291744,0.8769695362854641,0.0,False
2023091006,598,55897,Joey Porter Jr.,CB,4.930327110875228,1.088921115291744,0.8769695362854641,0.0,False
2023091006,598,43306,Keanu Neal,FS,1.965890651577208,1.088921115291744,0.8769695362854641,0.2295256044849454,True
2023091006,598,46698,Levi Wallace,CB,9.35598192124313,1.088921115291744,0.8769695362854641,0.0,False
2023091006,598,46080,Minkah Fitzpatrick,FS,7.578829155806903,1.088921115291744,0.8769695362854641,0.0,False
2023091006,598,37078,Patrick Peterson,CB,6.400941385985379,1.088921115291744,0.8769695362854641,0.0,False
2023091006,775,46757,Charvarius Ward,CB,3.000869523031049,0.7304589708593692,0.6036518274003306,0.0,False
2023091006,775,53601,Deommodore Lenoir,CB,1.3341107982596998,0.7304589708593692,0.6036518274003306,0.857118037339158,True
2023091006,775,47931,Dre Greenlaw,ILB,2.191228835598858,0.7304589708593692,0.6036518274003306,0.0,False
2023091006,775,46157,Oren Burks,OLB,6.455574208071797,0.7304589708593692,0.6036518274003306,0.0,False
2023091006,775,53609,Talanoa Hufanga,SS,5.369632227630742,0.7304589708593692,0.6036518274003306,0.0,False
2023091006,775,38868,Tashaun Gipson,FS,3.618122350740845,0.7304589708593692,0.6036518274003306,0.0,False
2023091006,822,53531,Ambry Thomas,CB,4.453578111948931,1.9972701082760058,-0.08151340956788333,0.0,False
2023091006,822,46757,Charvarius Ward,CB,2.3469974151843407,1.9972701082760058,-0.08151340956788333,0.0,False
2023091006,822,53601,Deommodore Lenoir,CB,1.9157566987081225,1.9972701082760058,-0.08151340956788333,0.33315249731356067,True
2023091006,822,47931,Dre Greenlaw,ILB,3.6052810417436074,1.9972701082760058,-0.08151340956788333,0.0,False
2023091006,822,53609,Talanoa Hufanga,SS,2.6115029517164365,1.9972701082760058,-0.08151340956788333,0.0,False
2023091006,822,38868,Tashaun Gipson,FS,2.248909196021683,1.9972701082760058,-0.08151340956788333,0.0,False
2023091006,899,47956,Cole Holcomb,ILB,2.3795065233760657,1.4455700691453417,0.5161532958767177,0.0,False
2023091006,899,44962,Damontae Kazee,FS,4.398222562804631,1.4455700691453417,0.5161532958767177,0.0,False
2023091006,899,43306,Keanu Neal,FS,3.394955347801655,1.4455700691453417,0.5161532958767177,0.0,False
2023091006,899,42467,Kwon Alexander,OLB,2.256851393754043,1.4455700691453417,0.5161532958767177,0.0,False
2023091006,899,46698,Levi Wallace,CB,3.580590179929723,1.4455700691453417,0.5161532958767177,0.0,False
2023091006,899,46080,Minkah Fitzpatrick,FS,2.602638246578098,1.4455700691453417,0.5161532958767177,0.0,False
2023091006,899,37078,Patrick Peterson,CB,2.1644467682917186,1.4455700691453417,0.5161532958767177,0.0,False
2023091006,899,44842,T.J. Watt,OLB,1.9617233650220594,1.4455700691453417,0.5161532958767177,0.2027234032696592,True
2023091006,960,47956,Cole Holcomb,ILB,3.2176855803339675,1.1989182407403152,-0.449474332795204,0.0,False
2023091006,960,43306,Keanu Neal,FS,2.768252620113393,1.1989182407403152,-0.449474332795204,0.0,False
2023091006,960,42467,Kwon Alexander,OLB,0.7494439079451112,1.1989182407403152,-0.449474332795204,0.5938266323537893,True
2023091006,960,46698,Levi Wallace,CB,3.3293382126316797,1.1989182407403152,-0.449474332795204,0.0,False
2023091006,960,46080,Minkah Fitzpatrick,FS,3.6026180216676336,1.1989182407403152,-0.449474332795204,0.0,False
2023091006,960,37078,Patrick Peterson,CB,1.3432705402989005,1.1989182407403152,-0.449474332795204,0.0,False
2023091006,1027,47956,Cole Holcomb,ILB,4.063190611358096,1.4290068474397224,0.19320869140707297,0.0,False
2023091006,1027,44962,Damontae Kazee,FS,2.616199751311936,1.4290068474397224,0.19320869140707297,0.0,False
2023091006,1027,43306,Keanu Neal,FS,4.825679725870578,1.4290068474397224,0.19320869140707297,0.0,False
2023091006,1027,42467,Kwon Alexander,OLB,1.6222155388467954,1.4290068474397224,0.19320869140707297,0.14466155546984738,True
2023091006,1027,46698,Levi Wallace,CB,1.8128173316193779,1.4290068474397224,0.19320869140707297,0.0,False
2023091006,1027,46080,Minkah Fitzpatrick,FS,1.7668770943166427,1.4290068474397224,0.19320869140707297,0.0,False
2023091006,1027,37078,Patrick Peterson,CB,3.045700121138894,1.4290068474397224,0.19320869140707297,0.0,False
2023091006,1096,47956,Cole Holcomb,ILB,1.3406856223258483,1.3454225541646914,-0.00473693183884305,0.5109620451170436,True
2023091006,1096,44962,Damontae Kazee,FS,1.8516476674428919,1.3454225541646914,-0.00473693183884305,0.0,False
2023091006,1096,43306,Keanu Neal,FS,2.726561215461343,1.3454225541646914,-0.00473693183884305,0.0,False
2023091006,1096,42467,Kwon Alexander,OLB,2.5888171248724294,1.3454225541646914,-0.00473693183884305,0.0,False
2023091006,1096,46698,Levi Wallace,CB,4.030285330088639,1.3454225541646914,-0.00473693183884305,0.0,False
2023091006,1096,37078,Patrick Peterson,CB,4.750726588185909,1.3454225541646914,-0.00473693183884305,0.0,False
2023091006,1096,44842,T.J. Watt,OLB,3.6742764071907024,1.3454225541646914,-0.00473693183884305,0.0,False
2023091006,1143,47956,Cole Holcomb,ILB,5.155663433387799,1.8264316425019707,0.04916521994254497,0.0,False
2023091006,1143,44962,Damontae Kazee,FS,4.080374710590127,1.8264316425019707,0.04916521994254497,0.0,False
2023091006,1143,43306,Keanu Neal,FS,7.9251055309492315,1.8264316425019707,0.04916521994254497,0.0,False
2023091006,1143,42467,Kwon Alexander,OLB,4.968742355061496,1.8264316425019707,0.04916521994254497,0.0,False
2023091006,1143,46698,Levi Wallace,CB,2.763663584855451,1.8264316425019707,0.04916521994254497,0.0,False
2023091006,1143,46080,Minkah Fitzpatrick,FS,8.615847310616058,1.8264316425019707,0.04916521994254497,0.0,False
2023091006,1143,37078,Patrick Peterson,CB,1.8755968624445156,1.8264316425019707,0.04916521994254497,0.8880667224109353,True
2023091006,1207,53531,Ambry Thomas,CB,3.745573045074601,0.6857830817546329,0.436289910042011,0.0,False
2023091006,1207,46757,Charvarius Ward,CB,4.262378592895112,0.6857830817546329,0.436289910042011,0.0,False
2023091006,1207,53601,Deommodore Lenoir,CB,6.132602625881968,0.6857830817546329,0.436289910042011,0.0,False
2023091006,1207,47931,Dre Greenlaw,ILB,3.8914044407994615,0.6857830817546329,0.436289910042011,0.0,False
2023091006,1207,46139,Fred Warner,MLB,3.674389883327648,0.6857830817546329,0.436289910042011,0.0,False
2023091006,1207,53609,Talanoa Hufanga,SS,1.1220729917966439,0.6857830817546329,0.436289910042011,2.552316891531004,True
2023091006,1207,38868,Tashaun Gipson,FS,6.366170117574307,0.6857830817546329,0.436289910042011,0.0,False
2023091006,1421,46652,Chandon Sullivan,CB,3.684211714650734,0.832765192956616,1.2734513163501975,0.0,False
2023091006,1421,47956,Cole Holcomb,ILB,3.407752528716391,0.832765192956616,1.2734513163501975,0.0,False
2023091006,1421,44962,Damontae Kazee,FS,4.715286928873339,0.832765192956616,1.2734513163501975,0.0,False
2023091006,1421,42467,Kwon Alexander,OLB,2.1062165093068135,0.832765192956616,1.2734513163501975,0.8163121731018552,True
2023091006,1421,46698,Levi Wallace,CB,5.018305504663191,0.832765192956616,1.2734513163501975,0.0,False
2023091006,1421,46080,Minkah Fitzpatrick,FS,2.922528682408669,0.832765192956616,1.2734513163501975,0.0,False
2023091006,1421,37078,Patrick Peterson,CB,5.074241005340165,0.832765192956616,1.2734513163501975,0.0,False
2023091006,1446,44962,Damontae Kazee,FS,2.5146958734959752,1.208809766254443,-0.12647339797806834,0.0,False
2023091006,1446,55897,Joey Porter Jr.,CB,1.0823363682763747,1.208809766254443,-0.12647339797806834,0.7686800037191597,True
2023091006,1446,43306,Keanu Neal,FS,1.9376839896890796,1.208809766254443,-0.12647339797806834,0.0,False
2023091006,1446,42467,Kwon Alexander,OLB,2.2864530720759504,1.208809766254443,-0.12647339797806834,0.0,False
2023091006,1446,46698,Levi Wallace,CB,3.980383163031044,1.208809766254443,-0.12647339797806834,0.0,False
2023091006,1446,46080,Minkah Fitzpatrick,FS,3.1065216382109546,1.208809766254443,-0.12647339797806834,0.0,False
2023091006,1446,37078,Patrick Peterson,CB,1.8510163719955344,1.208809766254443,-0.12647339797806834,0.0,False
2023091006,1717,53531,Ambry Thomas,CB,6.661477440121404,0.36758572633289316,0.7120881875420473,0.0,False
2023091006,1717,46757,Charvarius Ward,CB,2.874715706822143,0.36758572633289316,0.7120881875420473,0.0,False
2023091006,1717,53601,Deommodore Lenoir,CB,1.0796739138749405,0.36758572633289316,0.7120881875420473,0.33903877692529627,True
2023091006,1717,47931,Dre Greenlaw,ILB,4.425881725663792,0.36758572633289316,0.7120881875420473,0.0,False
2023091006,1717,46139,Fred Warner,MLB,1.4187126908002368,0.36758572633289316,0.7120881875420473,0.0,False
2023091006,1717,53609,Talanoa Hufanga,SS,2.7663927644058885,0.36758572633289316,0.7120881875420473,0.0,False
2023091006,1717,38868,Tashaun Gipson,FS,4.506532787286846,0.36758572633289316,0.7120881875420473,0.0,False
2023091006,1828,44962,Damontae Kazee,FS,3.099503571854761,1.168669339780325,-0.6132894187779658,0.0,False
2023091006,1828,55897,Joey Porter Jr.,CB,0.5553799210023591,1.168669339780325,-0.6132894187779658,1.3831949583968017,True
2023091006,1828,43306,Keanu Neal,FS,5.825258255906709,1.168669339780325,-0.6132894187779658,0.0,False
2023091006,1828,42467,Kwon Alexander,OLB,1.9385748793991608,1.168669339780325,-0.6132894187779658,0.0,False
2023091006,1828,46698,Levi Wallace,CB,6.576243655456675,1.168669339780325,-0.6132894187779658,0.0,False
2023091006,1828,46080,Minkah Fitzpatrick,FS,6.317943575322021,1.168669339780325,-0.6132894187779658,0.0,False
2023091006,1828,37078,Patrick Peterson,CB,4.114608673428217,1.168669339780325,-0.6132894187779658,0.0,False
2023091006,1974,44962,Damontae Kazee,FS,3.5458701309806973,0.3955817466169553,0.5941023251606259,0.0,False
2023091006,1974,43503,Elandon Roberts,MLB,2.519291382534,0.3955817466169553,0.5941023251606259,0.0,False
2023091006,1974,42467,Kwon Alexander,OLB,3.040554480109283,0.3955817466169553,0.5941023251606259,0.0,False
2023091006,1974,46698,Levi Wallace,CB,0.9896840717775812,0.3955817466169553,0.5941023251606259,1.4073017909301138,True
2023091006,1974,42401,Markus Golden,OLB,2.396985862707695,0.3955817466169553,0.5941023251606259,0.0,False
2023091006,1974,37078,Patrick Peterson,CB,8.250093451238987,0.3955817466169553,0.5941023251606259,0.0,False
2023091006,1999,47956,Cole Holcomb,ILB,1.435939963833097,1.0395065396173395,0.39643342421575745,0.2320232935001818,True
2023091006,1999,44962,Damontae Kazee,FS,2.462739619727383,1.0395065396173395,0.39643342421575745,0.0,False
2023091006,1999,42467,Kwon Alexander,OLB,1.6679632573332788,1.0395065396173395,0.39643342421575745,0.0,False
2023091006,1999,46698,Levi Wallace,CB,4.4027311316923425,1.0395065396173395,0.39643342421575745,0.0,False
2023091006,1999,46080,Minkah Fitzpatrick,FS,4.188779817418878,1.0395065396173395,0.39643342421575745,0.0,False
2023091006,1999,55997,Nick Herbig,OLB,2.162209986687487,1.0395065396173395,0.39643342421575745,0.0,False
2023091006,1999,37078,Patrick Peterson,CB,1.8355615488694657,1.0395065396173395,0.39643342421575745,0.0,False
2023091006,2156,53531,Ambry Thomas,CB,2.36048332728867,0.9464951317300847,1.1626690090401501,0.0,False
2023091006,2156,46757,Charvarius Ward,CB,7.322985348230475,0.9464951317300847,1.1626690090401501,0.0,False
2023091006,2156,53601,Deommodore Lenoir,CB,5.392132977297307,0.9464951317300847,1.1626690090401501,0.0,False
2023091006,2156,47931,Dre Greenlaw,ILB,2.109164140770235,0.9464951317300847,1.1626690090401501,0.251319186518435,True
2023091006,2156,46139,Fred Warner,MLB,3.851771300799787,0.9464951317300847,1.1626690090401501,0.0,False
2023091006,2156,53609,Talanoa Hufanga,SS,4.058897562022328,0.9464951317300847,1.1626690090401501,0.0,False
2023091006,2156,38868,Tashaun Gipson,FS,5.5022452369755745,0.9464951317300847,1.1626690090401501,0.0,False
2023091006,2188,53531,Ambry Thomas,CB,5.3752846537365855,3.6124342734199093,0.09886120343843974,0.0,False
2023091006,2188,46757,Charvarius Ward,CB,3.711295476858349,3.6124342734199093,0.09886120343843974,0.9157827170207842,True
2023091006,2188,53601,Deommodore Lenoir,CB,10.314941757477742,3.6124342734199093,0.09886120343843974,0.0,False
2023091006,2188,47931,Dre Greenlaw,ILB,8.653343881524453,3.6124342734199093,0.09886120343843974,0.0,False
2023091006,2188,46139,Fred Warner,MLB,6.380636910699732,3.6124342734199093,0.09886120343843974,0.0,False
2023091006,2188,53609,Talanoa Hufanga,SS,7.231243503691302,3.6124342734199093,0.09886120343843974,0.0,False
2023091006,2188,38868,Tashaun Gipson,FS,4.627078193879133,3.6124342734199093,0.09886120343843974,0.0,False
2023091006,2274,53531,Ambry Thomas,CB,2.7385102063560938,1.5748397086277544,0.6131790910496908,0.0,False
2023091006,2274,46757,Charvarius Ward,CB,9.420478996984183,1.5748397086277544,0.6131790910496908,0.0,False
2023091006,2274,53601,Deommodore Lenoir,CB,2.188018799677445,1.5748397086277544,0.6131790910496908,0.5504914066786486,True
2023091006,2274,47931,Dre Greenlaw,ILB,7.816777962344922,1.5748397086277544,0.6131790910496908,0.0,False
2023091006,2274,46139,Fred Warner,MLB,4.032427266911821,1.5748397086277544,0.6131790910496908,0.0,False
2023091006,2274,53609,Talanoa Hufanga,SS,6.280918094779326,1.5748397086277544,0.6131790910496908,0.0,False
2023091006,2274,38868,Tashaun Gipson,FS,3.7686869161065046,1.5748397086277544,0.6131790910496908,0.0,False
2023091006,2299,53531,Ambry Thomas,CB,1.5188500559271947,0.7782394902038465,0.7406105657233482,2.490452940752263,True
2023091006,2299,46757,Charvarius Ward,CB,9.420305675913859,0.7782394902038465,0.7406105657233482,0.0,False
2023091006,2299,46139,Fred Warner,MLB,5.858763946241294,0.7782394902038465,0.7406105657233482,0.0,False
2023091006,2299,53609,Talanoa Hufanga,SS,7.594917204173232,0.7782394902038465,0.7406105657233482,0.0,False
2023091006,2299,38868,Tashaun Gipson,FS,4.009302996679458,0.7782394902038465,0.7406105657233482,0.0,False
2023091006,2324,53531,Ambry Thomas,CB,2.660829473172338,1.032613988837405,0.6210954119760317,0.0,False
2023091006,2324,46757,Charvarius Ward,CB,9.090605841288063,1.032613988837405,0.6210954119760317,0.0,False
2023091006,2324,53601,Deommodore Lenoir,CB,1.6537094008134368,1.032613988837405,0.6210954119760317,1.007120072358901,True
2023091006,2324,47931,Dre Greenlaw,ILB,6.927370512849039,1.032613988837405,0.6210954119760317,0.0,False
2023091006,2324,46139,Fred Warner,MLB,5.610786160000727,1.032613988837405,0.6210954119760317,0.0,False
2023091006,2324,53609,Talanoa Hufanga,SS,7.20435254545523,1.032613988837405,0.6210954119760317,0.0,False
2023091006,2324,38868,Tashaun Gipson,FS,3.567903744519643,1.032613988837405,0.6210954119760317,0.0,False
2023091006,2380,53531,Ambry Thomas,CB,2.057616543246098,0.9675055173356895,0.23032170549654385,0.0,False
2023091006,2380,46757,Charvarius Ward,CB,5.7539710944863804,0.9675055173356895,0.23032170549654385,0.0,False
2023091006,2380,53601,Deommodore Lenoir,CB,3.6935434316276785,0.9675055173356895,0.23032170549654385,0.0,False
2023091006,2380,47931,Dre Greenlaw,ILB,1.1978272228322333,0.9675055173356895,0.23032170549654385,0.6337634893966169,True
2023091006,2380,46139,Fred Warner,MLB,2.142148323760098,0.9675055173356895,0.23032170549654385,0.0,False
2023091006,2380,53609,Talanoa Hufanga,SS,3.8257037573179518,0.9675055173356895,0.23032170549654385,0.0,False
2023091006,2380,38868,Tashaun Gipson,FS,1.8315907122288502,0.9675055173356895,0.23032170549654385,0.0,False
2023091006,2415,53531,Ambry Thomas,CB,1.644907970225764,0.8636956093251451,0.781212360900619,1.1036459201830304,True
2023091006,2415,46757,Charvarius Ward,CB,8.503361623349338,0.8636956093251451,0.781212360900619,0.0,False
2023091006,2415,46139,Fred Warner,MLB,2.7485538904087945,0.8636956093251451,0.781212360900619,0.0,False
2023091006,2415,53609,Talanoa Hufanga,SS,3.5682462146507117,0.8636956093251451,0.781212360900619,0.0,False
2023091006,2415,38868,Tashaun Gipson,FS,5.189313845306202,0.8636956093251451,0.781212360900619,0.0,False
2023091006,2470,53531,Ambry Thomas,CB,1.1266405390662386,0.8016751576885603,0.3249653813776783,1.4909821407064816,True
2023091006,2470,46757,Charvarius Ward,CB,8.774641374823686,0.8016751576885603,0.3249653813776783,0.0,False
2023091006,2470,53601,Deommodore Lenoir,CB,7.3973603455655,0.8016751576885603,0.3249653813776783,0.0,False
2023091006,2470,47931,Dre Greenlaw,ILB,2.6176226797727202,0.8016751576885603,0.3249653813776783,0.0,False
2023091006,2470,46139,Fred Warner,MLB,5.5296892512397635,0.8016751576885603,0.3249653813776783,0.0,False
2023091006,2470,53609,Talanoa Hufanga,SS,6.853377102988524,0.8016751576885603,0.3249653813776783,0.0,False
2023091006,2470,38868,Tashaun Gipson,FS,3.109378138383971,0.8016751576885603,0.3249653813776783,0.0,False
2023091006,2529,53531,Ambry Thomas,CB,0.42028768082148743,0.9163185821704098,-0.4960309013489224,0.6422445003787867,True
2023091006,2529,46757,Charvarius Ward,CB,7.717095045515784,0.9163185821704098,-0.4960309013489224,0.0,False
2023091006,2529,53601,Deommodore Lenoir,CB,4.366124393734867,0.9163185821704098,-0.4960309013489224,0.0,False
2023091006,2529,47931,Dre Greenlaw,ILB,1.0625321812002742,0.9163185821704098,-0.4960309013489224,0.0,False
2023091006,2529,46139,Fred Warner,MLB,3.6346279007523252,0.9163185821704098,-0.4960309013489224,0.0,False
2023091006,2529,53609,Talanoa Hufanga,SS,1.4811470230729005,0.9163185821704098,-0.4960309013489224,0.0,False
2023091006,2529,38868,Tashaun Gipson,FS,3.929967555353027,0.9163185821704098,-0.4960309013489224,0.0,False
2023091006,2657,46652,Chandon Sullivan,CB,4.568911697588571,1.1619760678597373,0.672385328269415,0.0,False
2023091006,2657,47956,Cole Holcomb,ILB,3.343062618145432,1.1619760678597373,0.672385328269415,0.0,False
2023091006,2657,44962,Damontae Kazee,FS,1.8343613961291523,1.1619760678597373,0.672385328269415,0.24482082863017252,True
2023091006,2657,42467,Kwon Alexander,OLB,2.079182224759325,1.1619760678597373,0.672385328269415,0.0,False
2023091006,2657,46698,Levi Wallace,CB,2.354016983293153,1.1619760678597373,0.672385328269415,0.0,False
2023091006,2657,46080,Minkah Fitzpatrick,FS,2.7222878873209506,1.1619760678597373,0.672385328269415,0.0,False
2023091006,2657,37078,Patrick Peterson,CB,4.6132759881657845,1.1619760678597373,0.672385328269415,0.0,False
2023091006,2736,46757,Charvarius Ward,CB,1.7035431916354402,0.4961226911192265,0.8732675544945812,0.0,False
2023091006,2736,53601,Deommodore Lenoir,CB,6.11870331350524,0.4961226911192265,0.8732675544945812,0.0,False
2023091006,2736,47931,Dre Greenlaw,ILB,3.935415626803127,0.4961226911192265,0.8732675544945812,0.0,False
2023091006,2736,46157,Oren Burks,OLB,1.3693902456138076,0.4961226911192265,0.8732675544945812,0.20002775770416004,True
2023091006,2736,53609,Talanoa Hufanga,SS,1.5694180033179677,0.4961226911192265,0.8732675544945812,0.0,False
2023091006,2736,38868,Tashaun Gipson,FS,4.088004933509212,0.4961226911192265,0.8732675544945812,0.0,False
2023091006,2861,52510,Alex Highsmith,OLB,2.247931918775114,1.4897221087853632,0.28311877384201245,0.0,False
2023091006,2861,47956,Cole Holcomb,ILB,4.821110897543926,1.4897221087853632,0.28311877384201245,0.0,False
2023091006,2861,44962,Damontae Kazee,FS,2.294881817751953,1.4897221087853632,0.28311877384201245,0.0,False
2023091006,2861,43503,Elandon Roberts,MLB,2.8746208952357093,1.4897221087853632,0.28311877384201245,0.0,False
2023091006,2861,46698,Levi Wallace,CB,3.0768936067954034,1.4897221087853632,0.28311877384201245,0.0,False
2023091006,2861,46080,Minkah Fitzpatrick,FS,1.7728408826273756,1.4897221087853632,0.28311877384201245,0.4750910361477385,True
2023091006,2861,37078,Patrick Peterson,CB,5.1368719953112425,1.4897221087853632,0.28311877384201245,0.0,False
2023091006,2930,44962,Damontae Kazee,FS,2.05483095695533,1.5448106868457188,0.5100202701096113,2.1505619588148157,True
2023091006,2930,55897,Joey Porter Jr.,CB,7.551545635544666,1.5448106868457188,0.5100202701096113,0.0,False
2023091006,2930,43306,Keanu Neal,FS,6.775255945864822,1.5448106868457188,0.5100202701096113,0.0,False
2023091006,2930,46698,Levi Wallace,CB,4.205392915770146,1.5448106868457188,0.5100202701096113,0.0,False
2023091006,2930,46080,Minkah Fitzpatrick,FS,4.800932306660633,1.5448106868457188,0.5100202701096113,0.0,False
2023091006,2930,37078,Patrick Peterson,CB,5.123328551322013,1.5448106868457188,0.5100202701096113,0.0,False
2023091006,3078,46757,Charvarius Ward,CB,10.056028395431994,1.3077430743059544,0.4259616707210425,0.0,False
2023091006,3078,53601,Deommodore Lenoir,CB,1.733704745026997,1.3077430743059544,0.4259616707210425,0.4824324058305214,True
2023091006,3078,47931,Dre Greenlaw,ILB,5.793597797257114,1.3077430743059544,0.4259616707210425,0.0,False
2023091006,3078,46139,Fred Warner,MLB,4.345967660171217,1.3077430743059544,0.4259616707210425,0.0,False
2023091006,3078,46127,Isaiah Oliver,FS,2.2161371508575183,1.3077430743059544,0.4259616707210425,0.0,False
2023091006,3078,53609,Talanoa Hufanga,SS,6.533646958620152,1.3077430743059544,0.4259616707210425,0.0,False
2023091006,3078,38868,Tashaun Gipson,FS,5.107739021222408,1.3077430743059544,0.4259616707210425,0.0,False
2023091006,3137,46757,Charvarius Ward,CB,5.7400309873320445,1.4845451926860185,-0.6091153168800052,0.0,False
2023091006,3137,53601,Deommodore Lenoir,CB,0.8754298758060133,1.4845451926860185,-0.6091153168800052,0.043150801696157925,True
2023091006,3137,47931,Dre Greenlaw,ILB,0.9185806775021712,1.4845451926860185,-0.6091153168800052,0.0,False
2023091006,3137,46139,Fred Warner,MLB,1.7900364532596014,1.4845451926860185,-0.6091153168800052,0.0,False
2023091006,3137,46127,Isaiah Oliver,FS,3.6330662795593605,1.4845451926860185,-0.6091153168800052,0.0,False
2023091006,3137,53609,Talanoa Hufanga,SS,2.6443842956637327,1.4845451926860185,-0.6091153168800052,0.0,False
2023091006,3137,38868,Tashaun Gipson,FS,3.085934692517488,1.4845451926860185,-0.6091153168800052,0.0,False
2023091006,3234,46757,Charvarius Ward,CB,3.7704608117047504,0.9970162175750974,1.5663583431942354,0.0,False
2023091006,3234,53601,Deommodore Lenoir,CB,7.389311192459637,0.9970162175750974,1.5663583431942354,0.0,False
2023091006,3234,47931,Dre Greenlaw,ILB,2.711643881951869,0.9970162175750974,1.5663583431942354,0.0,False
2023091006,3234,46139,Fred Warner,MLB,3.2655513137349446,0.9970162175750974,1.5663583431942354,0.0,False
2023091006,3234,46127,Isaiah Oliver,FS,2.563374560769333,0.9970162175750974,1.5663583431942354,0.1482693211825361,True
2023091006,3234,53609,Talanoa Hufanga,SS,5.106647707150806,0.9970162175750974,1.5663583431942354,0.0,False
2023091006,3234,38868,Tashaun Gipson,FS,6.6199458464531835,0.9970162175750974,1.5663583431942354,0.0,False
2023091006,3295,46757,Charvarius Ward,CB,1.9670663650532085,1.2659181215010862,0.49593777842920495,0.0,False
2023091006,3295,53601,Deommodore Lenoir,CB,6.99508772266,1.2659181215010862,0.49593777842920495,0.0,False
2023091006,3295,47931,Dre Greenlaw,ILB,1.7618558999302911,1.2659181215010862,0.49593777842920495,0.2052104651229174,True
2023091006,3295,46139,Fred Warner,MLB,3.4977685648254395,1.2659181215010862,0.49593777842920495,0.0,False
2023091006,3295,46127,Isaiah Oliver,FS,3.4016422812941274,1.2659181215010862,0.49593777842920495,0.0,False
2023091006,3295,53609,Talanoa Hufanga,SS,3.732472909065841,1.2659181215010862,0.49593777842920495,0.0,False
2023091006,3295,38868,Tashaun Gipson,FS,5.441671413448564,1.2659181215010862,0.49593777842920495,0.0,False
2023091006,3422,46757,Charvarius Ward,CB,3.364778410980448,1.0154903946189717,0.9744619878969936,0.0,False
2023091006,3422,53601,Deommodore Lenoir,CB,7.7576220733096,1.0154903946189717,0.9744619878969936,0.0,False
2023091006,3422,47931,Dre Greenlaw,ILB,1.9899523825159653,1.0154903946189717,0.9744619878969936,1.3748260284644827,True
2023091006,3422,46139,Fred Warner,MLB,3.565603152838776,1.0154903946189717,0.9744619878969936,0.0,False
2023091006,3422,46127,Isaiah Oliver,FS,5.419017427819554,1.0154903946189717,0.9744619878969936,0.0,False
2023091006,3422,53609,Talanoa Hufanga,SS,4.565243065572496,1.0154903946189717,0.9744619878969936,0.0,False
2023091006,3422,38868,Tashaun Gipson,FS,6.836616170563039,1.0154903946189717,0.9744619878969936,0.0,False
2023091006,3447,46757,Charvarius Ward,CB,2.155735067116647,0.6131365195233835,1.0594656047249407,0.0,False
2023091006,3447,53601,Deommodore Lenoir,CB,10.292228323051392,0.6131365195233835,1.0594656047249407,0.0,False
2023091006,3447,47931,Dre Greenlaw,ILB,1.6726021242483242,0.6131365195233835,1.0594656047249407,0.48313294286832265,True
2023091006,3447,46139,Fred Warner,MLB,2.4647962058732995,0.6131365195233835,1.0594656047249407,0.0,False
2023091006,3447,46127,Isaiah Oliver,FS,8.184191888469789,0.6131365195233835,1.0594656047249407,0.0,False
2023091006,3447,53609,Talanoa Hufanga,SS,5.469315541530588,0.6131365195233835,1.0594656047249407,0.0,False
2023091006,3447,38868,Tashaun Gipson,FS,4.10299368976773,0.6131365195233835,1.0594656047249407,0.0,False
2023091006,3472,46757,Charvarius Ward,CB,6.995231466371605,1.6630637658963567,-0.2707003169343434,0.0,False
2023091006,3472,53601,Deommodore Lenoir,CB,2.3035608438583415,1.6630637658963567,-0.2707003169343434,0.0,False
2023091006,3472,47931,Dre Greenlaw,ILB,4.161242375591343,1.6630637658963567,-0.2707003169343434,0.0,False
2023091006,3472,46139,Fred Warner,MLB,1.6883502911275794,1.6630637658963567,-0.2707003169343434,0.0,False
2023091006,3472,46127,Isaiah Oliver,FS,2.024810594816368,1.6630637658963567,-0.2707003169343434,0.0,False
2023091006,3472,53609,Talanoa Hufanga,SS,1.3923634489620134,1.6630637658963567,-0.2707003169343434,0.29598684216556603,True
2023091006,3472,38868,Tashaun Gipson,FS,3.0130292890868025,1.6630637658963567,-0.2707003169343434,0.0,False
2023091006,3596,46652,Chandon Sullivan,CB,5.149476329286746,1.4860778794171947,0.5383409216274602,0.0,False
2023091006,3596,47956,Cole Holcomb,ILB,4.1770389295012125,1.4860778794171947,0.5383409216274602,0.0,False
2023091006,3596,44962,Damontae Kazee,FS,4.634975414363576,1.4860778794171947,0.5383409216274602,0.0,False
2023091006,3596,42467,Kwon Alexander,OLB,3.213976392477035,1.4860778794171947,0.5383409216274602,0.0,False
2023091006,3596,46698,Levi Wallace,CB,2.024418801044655,1.4860778794171947,0.5383409216274602,1.1895575914323802,True
2023091006,3596,46080,Minkah Fitzpatrick,FS,6.912629480597865,1.4860778794171947,0.5383409216274602,0.0,False
2023091006,3596,37078,Patrick Peterson,CB,7.861044409431604,1.4860778794171947,0.5383409216274602,0.0,False
2023091006,3680,46652,Chandon Sullivan,CB,4.543179042164565,1.5275328979108502,0.08109412445454711,0.0,False
2023091006,3680,44962,Damontae Kazee,FS,1.6086270223653973,1.5275328979108502,0.08109412445454711,0.25239164972491457,True
2023091006,3680,46698,Levi Wallace,CB,7.795331870850947,1.5275328979108502,0.08109412445454711,0.0,False
2023091006,3680,46080,Minkah Fitzpatrick,FS,6.387203326949379,1.5275328979108502,0.08109412445454711,0.0,False
2023091006,3680,37078,Patrick Peterson,CB,1.861018672090312,1.5275328979108502,0.08109412445454711,0.0,False
2023091006,3722,46757,Charvarius Ward,CB,1.8065184429706596,0.48105982353296395,1.3254586194376956,0.021215072804725343,True
2023091006,3722,53601,Deommodore Lenoir,CB,6.443528349564205,0.48105982353296395,1.3254586194376956,0.0,False
2023091006,3722,47931,Dre Greenlaw,ILB,7.265032151913068,0.48105982353296395,1.3254586194376956,0.0,False
2023091006,3722,46139,Fred Warner,MLB,4.234895746508701,0.48105982353296395,1.3254586194376956,0.0,False
2023091006,3722,46127,Isaiah Oliver,FS,1.827733515775385,0.48105982353296395,1.3254586194376956,0.0,False
2023091006,3722,53609,Talanoa Hufanga,SS,5.579267844337095,0.48105982353296395,1.3254586194376956,0.0,False
2023091006,3722,38868,Tashaun Gipson,FS,3.5368255469846255,0.48105982353296395,1.3254586194376956,0.0,False
2023091006,3754,46757,Charvarius Ward,CB,9.877279906618538,1.259302729857457,1.0129009505319235,0.0,False
2023091006,3754,53601,Deommodore Lenoir,CB,2.6233798268257056,1.259302729857457,1.0129009505319235,0.0,False
2023091006,3754,47931,Dre Greenlaw,ILB,5.543076114337294,1.259302729857457,1.0129009505319235,0.0,False
2023091006,3754,46139,Fred Warner,MLB,4.563737486867403,1.259302729857457,1.0129009505319235,0.0,False
2023091006,3754,46127,Isaiah Oliver,FS,2.2722036803893806,1.259302729857457,1.0129009505319235,0.351176146436325,True
2023091006,3754,53609,Talanoa Hufanga,SS,7.267498751356754,1.259302729857457,1.0129009505319235,0.0,False
2023091006,3754,38868,Tashaun Gipson,FS,3.51104648577562,1.259302729857457,1.0129009505319235,0.0,False
2023091006,3779,46757,Charvarius Ward,CB,9.281464655024939,0.6863450942799441,0.9190764174615103,0.0,False
2023091006,3779,53601,Deommodore Lenoir,CB,1.6054215117414543,0.6863450942799441,0.9190764174615103,0.6608937212095687,True
2023091006,3779,47931,Dre Greenlaw,ILB,3.1938222997943444,0.6863450942799441,0.9190764174615103,0.0,False
2023091006,3779,46139,Fred Warner,MLB,5.784028333891349,0.6863450942799441,0.9190764174615103,0.0,False
2023091006,3779,46127,Isaiah Oliver,FS,7.896156592879798,0.6863450942799441,0.9190764174615103,0.0,False
2023091006,3779,53609,Talanoa Hufanga,SS,2.266315232951023,0.6863450942799441,0.9190764174615103,0.0,False
2023091006,3779,38868,Tashaun Gipson,FS,6.578180801085057,0.6863450942799441,0.9190764174615103,0.0,False
2023091006,3804,46757,Charvarius Ward,CB,9.278370629731697,0.8776031722844204,0.5477576617388253,0.0,False
2023091006,3804,53601,Deommodore Lenoir,CB,3.3067278571761847,0.8776031722844204,0.5477576617388253,0.0,False
2023091006,3804,47931,Dre Greenlaw,ILB,1.4253608340232458,0.8776031722844204,0.5477576617388253,1.8813670231529391,True
2023091006,3804,46139,Fred Warner,MLB,5.065892627247448,0.8776031722844204,0.5477576617388253,0.0,False
2023091006,3804,46127,Isaiah Oliver,FS,7.156351463749034,0.8776031722844204,0.5477576617388253,0.0,False
2023091006,3804,53609,Talanoa Hufanga,SS,6.517749131289527,0.8776031722844204,0.5477576617388253,0.0,False
2023091006,3804,38868,Tashaun Gipson,FS,7.544445373555943,0.8776031722844204,0.5477576617388253,0.0,False
2023091006,3829,46757,Charvarius Ward,CB,11.317821631049162,1.2762128867729083,0.4110530822147427,0.0,False
2023091006,3829,53601,Deommodore Lenoir,CB,4.900232210427783,1.2762128867729083,0.4110530822147427,0.0,False
2023091006,3829,47931,Dre Greenlaw,ILB,3.092071240150982,1.2762128867729083,0.4110530822147427,0.0,False
2023091006,3829,46139,Fred Warner,MLB,1.687265968987651,1.2762128867729083,0.4110530822147427,1.404805271163331,True
2023091006,3829,46127,Isaiah Oliver,FS,8.554587322892806,1.2762128867729083,0.4110530822147427,0.0,False
2023091006,3829,38868,Tashaun Gipson,FS,4.8580944912219275,1.2762128867729083,0.4110530822147427,0.0,False
2023091006,3881,53531,Ambry Thomas,CB,5.086057103250896,1.6304010808946938,0.04911241609590422,0.0,False
2023091006,3881,46757,Charvarius Ward,CB,5.247656908934493,1.6304010808946938,0.04911241609590422,0.0,False
2023091006,3881,47931,Dre Greenlaw,ILB,4.509858430386247,1.6304010808946938,0.04911241609590422,0.0,False
2023091006,3881,46139,Fred Warner,MLB,1.679513496990598,1.6304010808946938,0.04911241609590422,0.2180255413836536,True
2023091006,3881,46127,Isaiah Oliver,FS,3.700245323124466,1.6304010808946938,0.04911241609590422,0.0,False
2023091006,3881,53609,Talanoa Hufanga,SS,1.8975390383742516,1.6304010808946938,0.04911241609590422,0.0,False
2023091006,3881,38868,Tashaun Gipson,FS,2.750528894528054,1.6304010808946938,0.04911241609590422,0.0,False
2023091006,4079,46652,Chandon Sullivan,CB,0.5403251553336217,0.6247066671022155,-0.08438151176859376,1.1633673714535313,True
2023091006,4079,47956,Cole Holcomb,ILB,4.055422976088046,0.6247066671022155,-0.08438151176859376,0.0,False
2023091006,4079,44962,Damontae Kazee,FS,2.9318206669471185,0.6247066671022155,-0.08438151176859376,0.0,False
2023091006,4079,46698,Levi Wallace,CB,2.1814998084973856,0.6247066671022155,-0.08438151176859376,0.0,False
2023091006,4079,42401,Markus Golden,OLB,1.703692526787153,0.6247066671022155,-0.08438151176859376,0.0,False
2023091006,4079,46080,Minkah Fitzpatrick,FS,5.824053503696035,0.6247066671022155,-0.08438151176859376,0.0,False
2023091006,4079,37078,Patrick Peterson,CB,5.59248360241266,0.6247066671022155,-0.08438151176859376,0.0,False
2023091006,4163,53531,Ambry Thomas,CB,9.966602250351526,1.2083889515028308,0.2098250974153364,0.0,False
2023091006,4163,53601,Deommodore Lenoir,CB,3.5390403266198613,1.2083889515028308,0.2098250974153364,0.0,False
2023091006,4163,47931,Dre Greenlaw,ILB,1.4182140489181672,1.2083889515028308,0.2098250974153364,2.1208262777016937,True
2023091006,4163,46139,Fred Warner,MLB,4.4016650622210705,1.2083889515028308,0.2098250974153364,0.0,False
2023091006,4163,46127,Isaiah Oliver,FS,8.265809612337954,1.2083889515028308,0.2098250974153364,0.0,False
2023091006,4163,53609,Talanoa Hufanga,SS,7.662581892279439,1.2083889515028308,0.2098250974153364,0.0,False
2023091006,4163,38868,Tashaun Gipson,FS,5.673779891552439,1.2083889515028308,0.2098250974153364,0.0,False
2023091006,4186,53531,Ambry Thomas,CB,8.962431829878618,0.7587657959424732,0.9720134982375803,0.0,False
2023091006,4186,53601,Deommodore Lenoir,CB,1.9307039290582406,0.7587657959424732,0.9720134982375803,0.0,False
2023091006,4186,47931,Dre Greenlaw,ILB,1.7307792941800535,0.7587657959424732,0.9720134982375803,0.19992463487818712,True
2023091006,4186,46139,Fred Warner,MLB,4.234392318009794,0.7587657959424732,0.9720134982375803,0.0,False
2023091006,4186,46127,Isaiah Oliver,FS,6.4626557311712824,0.7587657959424732,0.9720134982375803,0.0,False
2023091006,4186,53609,Talanoa Hufanga,SS,3.2850286784586067,0.7587657959424732,0.9720134982375803,0.0,False
2023091006,4186,38868,Tashaun Gipson,FS,6.008866203675742,0.7587657959424732,0.9720134982375803,0.0,False
2023091006,4211,53531,Ambry Thomas,CB,5.32108376813912,0.9319157970926706,0.38713644466295594,0.0,False
2023091006,4211,53601,Deommodore Lenoir,CB,3.4968053762831075,0.9319157970926706,0.38713644466295594,0.0,False
2023091006,4211,47931,Dre Greenlaw,ILB,1.8851936034723658,0.9319157970926706,0.38713644466295594,0.0,False
2023091006,4211,46139,Fred Warner,MLB,1.3190522417556265,0.9319157970926706,0.38713644466295594,0.5661413617167392,True
2023091006,4211,46127,Isaiah Oliver,FS,2.589050371681445,0.9319157970926706,0.38713644466295594,0.0,False
2023091006,4211,53609,Talanoa Hufanga,SS,3.4033813395928827,0.9319157970926706,0.38713644466295594,0.0,False
2023091006,4211,38868,Tashaun Gipson,FS,5.111892466813099,0.9319157970926706,0.38713644466295594,0.0,False
2023091006,4270,53531,Ambry Thomas,CB,8.172613481701731,1.0607002836488788,0.7797876579124929,0.0,False
2023091006,4270,47931,Dre Greenlaw,ILB,5.000861399402989,1.0607002836488788,0.7797876579124929,0.0,False
2023091006,4270,46139,Fred Warner,MLB,1.8404879415613717,1.0607002836488788,0.7797876579124929,0.17741621366689375,True
2023091006,4270,46127,Isaiah Oliver,FS,2.0179041552282655,1.0607002836488788,0.7797876579124929,0.0,False
2023091006,4270,54637,Samuel Womack,CB,4.708486113489009,1.0607002836488788,0.7797876579124929,0.0,False
2023091006,4270,53609,Talanoa Hufanga,SS,5.5582725968724285,1.0607002836488788,0.7797876579124929,0.0,False
2023091006,4270,38868,Tashaun Gipson,FS,4.366715710814966,1.0607002836488788,0.7797876579124929,0.0,False
2023091006,4315,53531,Ambry Thomas,CB,4.827397645585163,1.006671620697716,1.157380611267931,0.0,False
2023091006,4315,47931,Dre Greenlaw,ILB,2.164052231965647,1.006671620697716,1.157380611267931,0.8707530302312121,True
2023091006,4315,46139,Fred Warner,MLB,4.169243706375629,1.006671620697716,1.157380611267931,0.0,False
2023091006,4315,46127,Isaiah Oliver,FS,3.0348052621968593,1.006671620697716,1.157380611267931,0.0,False
2023091006,4315,54637,Samuel Womack,CB,7.4197864474305035,1.006671620697716,1.157380611267931,0.0,False
2023091006,4315,53609,Talanoa Hufanga,SS,6.438575426343988,1.006671620697716,1.157380611267931,0.0,False
2023091006,4315,38868,Tashaun Gipson,FS,7.851545166898194,1.006671620697716,1.157380611267931,0.0,False
2023091006,4340,53531,Ambry Thomas,CB,7.59093599453868,0.8361943612770919,0.26650799204253905,0.0,False
2023091006,4340,47931,Dre Greenlaw,ILB,3.2327921787265166,0.8361943612770919,0.26650799204253905,0.0,False
2023091006,4340,46139,Fred Warner,MLB,1.102702353319631,0.8361943612770919,0.26650799204253905,1.2938192846058263,True
2023091006,4340,46127,Isaiah Oliver,FS,2.3965216379254572,0.8361943612770919,0.26650799204253905,0.0,False
2023091006,4340,54637,Samuel Womack,CB,2.9084855937290843,0.8361943612770919,0.26650799204253905,0.0,False
2023091006,4340,53609,Talanoa Hufanga,SS,3.672824825581421,0.8361943612770919,0.26650799204253905,0.0,False
2023091006,4340,38868,Tashaun Gipson,FS,3.045107554618887,0.8361943612770919,0.26650799204253905,0.0,False
2023091006,4395,53531,Ambry Thomas,CB,3.9786341336759725,0.500206376299793,1.062581042308996,0.0,False
2023091006,4395,47931,Dre Greenlaw,ILB,1.5627874186087891,0.500206376299793,1.062581042308996,0.8350869162019525,True
2023091006,4395,46139,Fred Warner,MLB,2.3978743348107416,0.500206376299793,1.062581042308996,0.0,False
2023091006,4395,46349,George Odum,FS,4.421767420619557,0.500206376299793,1.062581042308996,0.0,False
2023091006,4395,46127,Isaiah Oliver,FS,2.774391470550814,0.500206376299793,1.062581042308996,0.0,False
2023091006,4395,54637,Samuel Womack,CB,5.135805939817799,0.500206376299793,1.062581042308996,0.0,False
2023091006,4395,38868,Tashaun Gipson,FS,5.190040334165219,0.500206376299793,1.062581042308996,0.0,False
2023091006,4420,53601,Deommodore Lenoir,CB,1.063905717345015,0.6212111895002316,0.44269452784478347,1.4638970805460025,True
2023091006,4420,46139,Fred Warner,MLB,5.748370674456294,0.6212111895002316,0.44269452784478347,0.0,False
2023091006,4420,46127,Isaiah Oliver,FS,2.5278027978910176,0.6212111895002316,0.44269452784478347,0.0,False
2023091006,4420,46157,Oren Burks,OLB,6.757100063451628,0.6212111895002316,0.44269452784478347,0.0,False
2023091006,4420,54637,Samuel Womack,CB,9.290382824953047,0.6212111895002316,0.44269452784478347,0.0,False
2023091006,4420,53609,Talanoa Hufanga,SS,7.367763785265918,0.6212111895002316,0.44269452784478347,0.0,False
2023091006,4420,38868,Tashaun Gipson,FS,3.0690825975910276,0.6212111895002316,0.44269452784478347,0.0,False
2023091007,77,44848,Budda Baker,SS,4.597785053043215,0.667392772956231,0.3351272781662471,0.0,False
2023091007,77,49410,Jalen Thompson,FS,6.019004481376724,0.667392772956231,0.3351272781662471,0.0,False
2023091007,77,46968,Josh Woods,MLB,1.2526846160041993,0.667392772956231,0.3351272781662471,0.0,False
2023091007,77,52535,K'Von Wallace,FS,1.2114958657740627,0.667392772956231,0.3351272781662471,0.0,False
2023091007,77,56045,Kei'Trel Clark,CB,1.002520051122478,0.667392772956231,0.3351272781662471,0.20897581465158455,True
2023091007,77,46188,Kyzir White,ILB,2.1270304061714502,0.667392772956231,0.3351272781662471,0.0,False
2023091007,77,53565,Marco Wilson,CB,4.775496013224453,0.667392772956231,0.3351272781662471,0.0,False
2023091007,124,44848,Budda Baker,SS,2.0483508062345184,1.0773276082807357,0.405432355698885,0.0,False
2023091007,124,46657,Dennis Gardeck,OLB,2.2516051133569284,1.0773276082807357,0.405432355698885,0.0,False
2023091007,124,49410,Jalen Thompson,FS,2.177106167174611,1.0773276082807357,0.405432355698885,0.0,False
2023091007,124,56045,Kei'Trel Clark,CB,1.4827599639796207,1.0773276082807357,0.405432355698885,0.5655908422548976,True
2023091007,124,46188,Kyzir White,ILB,3.5273967548875307,1.0773276082807357,0.405432355698885,0.0,False
2023091007,124,53565,Marco Wilson,CB,3.850899564605858,1.0773276082807357,0.405432355698885,0.0,False
2023091007,124,53445,Zaven Collins,OLB,4.853688665148844,1.0773276082807357,0.405432355698885,0.0,False
2023091007,147,44848,Budda Baker,SS,3.9608438772390353,0.9822418639880302,0.4376337213702133,0.0,False
2023091007,147,46657,Dennis Gardeck,OLB,3.2369783182124054,0.9822418639880302,0.4376337213702133,0.0,False
2023091007,147,49410,Jalen Thompson,FS,3.565775452713318,0.9822418639880302,0.4376337213702133,0.0,False
2023091007,147,52535,K'Von Wallace,FS,5.206848307516979,0.9822418639880302,0.4376337213702133,0.0,False
2023091007,147,56045,Kei'Trel Clark,CB,1.4198755853582434,0.9822418639880302,0.4376337213702133,0.8916074681513608,True
2023091007,147,46188,Kyzir White,ILB,2.3114830535096043,0.9822418639880302,0.4376337213702133,0.0,False
2023091007,147,53565,Marco Wilson,CB,4.209578390648035,0.9822418639880302,0.4376337213702133,0.0,False
2023091007,197,44848,Budda Baker,SS,6.043771522589584,0.7517631231162851,0.2850150788602419,0.0,False
2023091007,197,49410,Jalen Thompson,FS,6.608869816024678,0.7517631231162851,0.2850150788602419,0.0,False
2023091007,197,46968,Josh Woods,MLB,1.6080367122041885,0.7517631231162851,0.2850150788602419,0.0,False
2023091007,197,52535,K'Von Wallace,FS,1.036778201976527,0.7517631231162851,0.2850150788602419,0.5712585102276615,True
2023091007,197,56045,Kei'Trel Clark,CB,6.033114252706789,0.7517631231162851,0.2850150788602419,0.0,False
2023091007,197,46188,Kyzir White,ILB,6.4086218128464685,0.7517631231162851,0.2850150788602419,0.0,False
2023091007,197,53565,Marco Wilson,CB,2.3461079696220333,0.7517631231162851,0.2850150788602419,0.0,False
2023091007,220,49410,Jalen Thompson,FS,3.775078423029621,0.9442554811380857,1.2465961431871968,0.0,False
2023091007,220,52535,K'Von Wallace,FS,2.1908516243252825,0.9442554811380857,1.2465961431871968,1.388371842259114,True
2023091007,220,56045,Kei'Trel Clark,CB,3.5792234665843963,0.9442554811380857,1.2465961431871968,0.0,False
2023091007,220,53565,Marco Wilson,CB,7.413514904859095,0.9442554811380857,1.2465961431871968,0.0,False
2023091007,332,53503,Benjamin St-Juste,CB,3.7279670652901546,0.8685502374284564,0.13944157293519477,0.0,False
2023091007,332,47871,Cody Barton,ILB,1.7332531153771638,0.8685502374284564,0.13944157293519477,0.0,False
2023091007,332,53592,Darrick Forrest,FS,2.99159594569275,0.8685502374284564,0.13944157293519477,0.0,False
2023091007,332,55880,Emmanuel Forbes,CB,2.279192763214367,0.8685502374284564,0.13944157293519477,0.0,False
2023091007,332,53448,Jamin Davis,OLB,2.302509778018758,0.8685502374284564,0.13944157293519477,0.0,False
2023091007,332,52624,Kam Curl,SS,1.0079918103636512,0.8685502374284564,0.13944157293519477,0.7252613050135126,True
2023091007,332,43373,Kendall Fuller,CB,3.084592377937457,0.8685502374284564,0.13944157293519477,0.0,False
2023091007,357,53503,Benjamin St-Juste,CB,2.156043317901419,2.0118753717949547,0.06536425280753733,0.0,False
2023091007,357,47871,Cody Barton,ILB,2.8787859582159303,2.0118753717949547,0.06536425280753733,0.0,False
2023091007,357,53592,Darrick Forrest,FS,2.077239624602492,2.0118753717949547,0.06536425280753733,0.07880369329892689,True
2023091007,357,52624,Kam Curl,SS,6.803870440039182,2.0118753717949547,0.06536425280753733,0.0,False
2023091007,357,43373,Kendall Fuller,CB,5.438490912955392,2.0118753717949547,0.06536425280753733,0.0,False
2023091007,357,54578,Percy Butler,SS,4.753273977438027,2.0118753717949547,0.06536425280753733,0.0,False
2023091007,580,44848,Budda Baker,SS,2.1045673136452123,0.8079888025089519,0.6487625775615653,0.0,False
2023091007,580,46657,Dennis Gardeck,OLB,1.8277077247262536,0.8079888025089519,0.6487625775615653,0.0,False
2023091007,580,49410,Jalen Thompson,FS,1.4567513800705172,0.8079888025089519,0.6487625775615653,0.1698835100181879,True
2023091007,580,52535,K'Von Wallace,FS,4.793680798344323,0.8079888025089519,0.6487625775615653,0.0,False
2023091007,580,56045,Kei'Trel Clark,CB,1.626634890088705,0.8079888025089519,0.6487625775615653,0.0,False
2023091007,580,46188,Kyzir White,ILB,2.4352283091538323,0.8079888025089519,0.6487625775615653,0.0,False
2023091007,580,53565,Marco Wilson,CB,4.140000376586519,0.8079888025089519,0.6487625775615653,0.0,False
2023091007,699,44848,Budda Baker,SS,1.4351076305287895,0.9029718561429521,0.22386717680352408,0.0,False
2023091007,699,49410,Jalen Thompson,FS,5.152903716811679,0.9029718561429521,0.22386717680352408,0.0,False
2023091007,699,46968,Josh Woods,MLB,1.1268390329464761,0.9029718561429521,0.22386717680352408,0.2080948944745078,True
2023091007,699,52535,K'Von Wallace,FS,1.9698891428143008,0.9029718561429521,0.22386717680352408,0.0,False
2023091007,699,56045,Kei'Trel Clark,CB,8.969586813338195,0.9029718561429521,0.22386717680352408,0.0,False
2023091007,699,46188,Kyzir White,ILB,1.334933927420984,0.9029718561429521,0.22386717680352408,0.0,False
2023091007,699,53565,Marco Wilson,CB,1.4121148263267749,0.9029718561429521,0.22386717680352408,0.0,False
2023091007,842,53503,Benjamin St-Juste,CB,5.465629169362511,1.9024052784764913,0.7106266091230482,0.0,False
2023091007,842,47871,Cody Barton,ILB,3.1923151909178396,1.9024052784764913,0.7106266091230482,0.0,False
2023091007,842,53592,Darrick Forrest,FS,5.714787397287516,1.9024052784764913,0.7106266091230482,0.0,False
2023091007,842,55880,Emmanuel Forbes,CB,2.657317130099475,1.9024052784764913,0.7106266091230482,0.0,False
2023091007,842,53448,Jamin Davis,OLB,2.6130318875995395,1.9024052784764913,0.7106266091230482,0.044285242499935595,True
2023091007,842,52624,Kam Curl,SS,3.611046448328666,1.9024052784764913,0.7106266091230482,0.0,False
2023091007,842,43373,Kendall Fuller,CB,7.572835728642279,1.9024052784764913,0.7106266091230482,0.0,False
2023091007,935,53503,Benjamin St-Juste,CB,4.908586926395833,0.9148207299396451,-0.013948359452037096,0.0,False
2023091007,935,47871,Cody Barton,ILB,2.233962524116846,0.9148207299396451,-0.013948359452037096,0.0,False
2023091007,935,53592,Darrick Forrest,FS,3.233821168247326,0.9148207299396451,-0.013948359452037096,0.0,False
2023091007,935,55880,Emmanuel Forbes,CB,1.4475917310307458,0.9148207299396451,-0.013948359452037096,0.0,False
2023091007,935,53448,Jamin Davis,OLB,1.4567389903328631,0.9148207299396451,-0.013948359452037096,0.0,False
2023091007,935,52624,Kam Curl,SS,0.900872370487608,0.9148207299396451,-0.013948359452037096,0.5467193605431377,True
2023091007,935,43373,Kendall Fuller,CB,5.7848473854784235,0.9148207299396451,-0.013948359452037096,0.0,False
2023091007,1167,53503,Benjamin St-Juste,CB,5.42019018867844,0.6463282600295048,0.10202445186417486,0.0,False
2023091007,1167,52641,Casey Toohill,DE,1.0655562984903948,0.6463282600295048,0.10202445186417486,0.0,False
2023091007,1167,47871,Cody Barton,ILB,0.7483527118936797,0.6463282600295048,0.10202445186417486,0.3172035865967151,True
2023091007,1167,53592,Darrick Forrest,FS,3.2175981346232203,0.6463282600295048,0.10202445186417486,0.0,False
2023091007,1167,53448,Jamin Davis,OLB,2.762108298141077,0.6463282600295048,0.10202445186417486,0.0,False
2023091007,1167,52624,Kam Curl,SS,4.946144483331575,0.6463282600295048,0.10202445186417486,0.0,False
2023091007,1167,43373,Kendall Fuller,CB,3.8793432910571353,0.6463282600295048,0.10202445186417486,0.0,False
2023091007,1214,53503,Benjamin St-Juste,CB,1.5918895432049096,0.9620108026259786,0.073551404608166,0.0,False
2023091007,1214,47871,Cody Barton,ILB,2.71159067657005,0.9620108026259786,0.073551404608166,0.0,False
2023091007,1214,53592,Darrick Forrest,FS,3.064040113946843,0.9620108026259786,0.073551404608166,0.0,False
2023091007,1214,55880,Emmanuel Forbes,CB,4.569942271720045,0.9620108026259786,0.073551404608166,0.0,False
2023091007,1214,43373,Kendall Fuller,CB,1.0355622072341446,0.9620108026259786,0.073551404608166,0.556327335970765,True
2023091007,1371,44848,Budda Baker,SS,1.9425291656847217,1.0428973721349177,0.8996317935498039,0.4476170986793464,True
2023091007,1371,49410,Jalen Thompson,FS,3.1712943034850456,1.0428973721349177,0.8996317935498039,0.0,False
2023091007,1371,52535,K'Von Wallace,FS,3.1511247846553743,1.0428973721349177,0.8996317935498039,0.0,False
2023091007,1371,56045,Kei'Trel Clark,CB,2.9169656879452144,1.0428973721349177,0.8996317935498039,0.0,False
2023091007,1371,52863,Krys Barnes,ILB,3.620795393624934,1.0428973721349177,0.8996317935498039,0.0,False
2023091007,1371,46188,Kyzir White,ILB,2.390146264364068,1.0428973721349177,0.8996317935498039,0.0,False
2023091007,1371,53565,Marco Wilson,CB,3.562154489382227,1.0428973721349177,0.8996317935498039,0.0,False
2023091007,1399,43986,Antonio Hamilton,CB,6.314663975320455,0.9527154184231881,0.4577769008418775,0.0,False
2023091007,1399,44848,Budda Baker,SS,6.45958718939533,0.9527154184231881,0.4577769008418775,0.0,False
2023091007,1399,52535,K'Von Wallace,FS,2.617879387849531,0.9527154184231881,0.4577769008418775,0.0,False
2023091007,1399,56045,Kei'Trel Clark,CB,8.315400304578413,0.9527154184231881,0.4577769008418775,0.0,False
2023091007,1399,52863,Krys Barnes,ILB,4.100203377767208,0.9527154184231881,0.4577769008418775,0.0,False
2023091007,1399,46188,Kyzir White,ILB,5.073489035595275,0.9527154184231881,0.4577769008418775,0.0,False
2023091007,1399,53565,Marco Wilson,CB,1.4104923192650656,0.9527154184231881,0.4577769008418775,1.2073870685844654,True
2023091007,1424,44848,Budda Baker,SS,4.539064419910806,1.3981909602615705,0.13940928976191347,0.0,False
2023091007,1424,49410,Jalen Thompson,FS,2.4999441205430517,1.3981909602615705,0.13940928976191347,0.0,False
2023091007,1424,56045,Kei'Trel Clark,CB,1.537600250023484,1.3981909602615705,0.13940928976191347,0.09637393963016794,True
2023091007,1424,46188,Kyzir White,ILB,3.2170069612786545,1.3981909602615705,0.13940928976191347,0.0,False
2023091007,1424,53565,Marco Wilson,CB,1.633974189653652,1.3981909602615705,0.13940928976191347,0.0,False
2023091007,1424,53639,Victor Dimukeje,OLB,4.138045091276951,1.3981909602615705,0.13940928976191347,0.0,False
2023091007,1424,53445,Zaven Collins,OLB,2.634672548675461,1.3981909602615705,0.13940928976191347,0.0,False
2023091007,1620,44848,Budda Baker,SS,6.534757492021954,0.7509849981743455,0.5777307696004748,0.0,False
2023091007,1620,46657,Dennis Gardeck,OLB,2.1980063849906673,0.7509849981743455,0.5777307696004748,0.0,False
2023091007,1620,49410,Jalen Thompson,FS,3.6167772011853443,0.7509849981743455,0.5777307696004748,0.0,False
2023091007,1620,56045,Kei'Trel Clark,CB,8.7607144459501,0.7509849981743455,0.5777307696004748,0.0,False
2023091007,1620,46188,Kyzir White,ILB,3.5090962451675995,0.7509849981743455,0.5777307696004748,0.0,False
2023091007,1620,53565,Marco Wilson,CB,1.3287157677748203,0.7509849981743455,0.5777307696004748,0.869290617215847,True
2023091007,1620,53445,Zaven Collins,OLB,7.04272252829421,0.7509849981743455,0.5777307696004748,0.0,False
2023091007,1679,44848,Budda Baker,SS,2.1161320881555756,0.8929061153324689,0.2180972293500718,0.0,False
2023091007,1679,49410,Jalen Thompson,FS,1.1110033446825407,0.8929061153324689,0.2180972293500718,1.005128743473035,True
2023091007,1679,52535,K'Von Wallace,FS,2.2904886173159658,0.8929061153324689,0.2180972293500718,0.0,False
2023091007,1679,56045,Kei'Trel Clark,CB,4.676465233206341,0.8929061153324689,0.2180972293500718,0.0,False
2023091007,1679,52863,Krys Barnes,ILB,3.3421304475626137,0.8929061153324689,0.2180972293500718,0.0,False
2023091007,1679,46188,Kyzir White,ILB,2.4368094583462603,0.8929061153324689,0.2180972293500718,0.0,False
2023091007,1679,53565,Marco Wilson,CB,2.7413291577804464,0.8929061153324689,0.2180972293500718,0.0,False
2023091007,1764,53503,Benjamin St-Juste,CB,3.2856031482876484,0.7343669320475698,0.8025593158156955,0.0,False
2023091007,1764,47871,Cody Barton,ILB,1.5369262478632653,0.7343669320475698,0.8025593158156955,0.3505882768592422,True
2023091007,1764,53592,Darrick Forrest,FS,4.066323035385373,0.7343669320475698,0.8025593158156955,0.0,False
2023091007,1764,52624,Kam Curl,SS,1.8875145247225076,0.7343669320475698,0.8025593158156955,0.0,False
2023091007,1764,43373,Kendall Fuller,CB,3.0868588728920763,0.7343669320475698,0.8025593158156955,0.0,False
2023091007,1764,54578,Percy Butler,SS,4.088849637551338,0.7343669320475698,0.8025593158156955,0.0,False
2023091007,1794,53503,Benjamin St-Juste,CB,9.845304020662352,1.6591419040400213,0.5907661533735216,0.0,False
2023091007,1794,47871,Cody Barton,ILB,3.3860085189385076,1.6591419040400213,0.5907661533735216,0.0,False
2023091007,1794,53592,Darrick Forrest,FS,2.249908057413543,1.6591419040400213,0.5907661533735216,0.14968600439984625,True
2023091007,1794,52624,Kam Curl,SS,2.399594061813389,1.6591419040400213,0.5907661533735216,0.0,False
2023091007,1794,43373,Kendall Fuller,CB,3.9723171244157514,1.6591419040400213,0.5907661533735216,0.0,False
2023091007,1794,54578,Percy Butler,SS,6.911044626520367,1.6591419040400213,0.5907661533735216,0.0,False
2023091007,1848,53503,Benjamin St-Juste,CB,6.244976302302114,0.9026412621862201,0.21714996942092957,0.0,False
2023091007,1848,47871,Cody Barton,ILB,4.038267081701704,0.9026412621862201,0.21714996942092957,0.0,False
2023091007,1848,53592,Darrick Forrest,FS,4.52235163396854,0.9026412621862201,0.21714996942092957,0.0,False
2023091007,1848,55880,Emmanuel Forbes,CB,2.160022531826469,0.9026412621862201,0.21714996942092957,0.0,False
2023091007,1848,53448,Jamin Davis,OLB,2.712403732782814,0.9026412621862201,0.21714996942092957,0.0,False
2023091007,1848,52624,Kam Curl,SS,1.1197912316071497,0.9026412621862201,0.21714996942092957,1.0402313002193195,True
2023091007,1848,43373,Kendall Fuller,CB,4.526768754568421,0.9026412621862201,0.21714996942092957,0.0,False
2023091007,1988,44848,Budda Baker,SS,2.0617401039888748,1.0172976659209803,0.4331348531006447,0.0,False
2023091007,1988,49410,Jalen Thompson,FS,1.5599359558925716,1.0172976659209803,0.4331348531006447,0.0,False
2023091007,1988,46968,Josh Woods,MLB,1.6632093378600048,1.0172976659209803,0.4331348531006447,0.0,False
2023091007,1988,52535,K'Von Wallace,FS,3.4095751722570653,1.0172976659209803,0.4331348531006447,0.0,False
2023091007,1988,56045,Kei'Trel Clark,CB,1.450432519021625,1.0172976659209803,0.4331348531006447,0.10950343687094666,True
2023091007,1988,46188,Kyzir White,ILB,4.294518309392383,1.0172976659209803,0.4331348531006447,0.0,False
2023091007,1988,53565,Marco Wilson,CB,2.9167757899149036,1.0172976659209803,0.4331348531006447,0.0,False
2023091007,2013,44848,Budda Baker,SS,4.955117627134924,0.9514921422160822,0.1309533626702113,0.0,False
2023091007,2013,49410,Jalen Thompson,FS,5.76251019013203,0.9514921422160822,0.1309533626702113,0.0,False
2023091007,2013,46968,Josh Woods,MLB,1.982129685278294,0.9514921422160822,0.1309533626702113,0.0,False
2023091007,2013,52535,K'Von Wallace,FS,1.6355630166002704,0.9514921422160822,0.1309533626702113,0.0,False
2023091007,2013,56045,Kei'Trel Clark,CB,4.614884624138445,0.9514921422160822,0.1309533626702113,0.0,False
2023091007,2013,46188,Kyzir White,ILB,2.7627324010134213,0.9514921422160822,0.1309533626702113,0.0,False
2023091007,2013,53565,Marco Wilson,CB,1.0824455048862935,0.9514921422160822,0.1309533626702113,0.5531175117139768,True
2023091007,2036,44848,Budda Baker,SS,3.4295526373661405,0.8371977871875762,0.1158821379771886,0.0,False
2023091007,2036,49410,Jalen Thompson,FS,4.168684022268004,0.8371977871875762,0.1158821379771886,0.0,False
2023091007,2036,46968,Josh Woods,MLB,0.9530799251647648,0.8371977871875762,0.1158821379771886,1.3271317712224817,True
2023091007,2036,52535,K'Von Wallace,FS,2.2802116963872465,0.8371977871875762,0.1158821379771886,0.0,False
2023091007,2036,56045,Kei'Trel Clark,CB,5.5377796125150285,0.8371977871875762,0.1158821379771886,0.0,False
2023091007,2036,46188,Kyzir White,ILB,2.5131202489644346,0.8371977871875762,0.1158821379771886,0.0,False
2023091007,2036,53565,Marco Wilson,CB,3.7926810881785995,0.8371977871875762,0.1158821379771886,0.0,False
2023091007,2135,44848,Budda Baker,SS,3.3551881301958995,0.9349222013264267,-0.37648412606371817,0.0,False
2023091007,2135,49410,Jalen Thompson,FS,0.5584380752627085,0.9349222013264267,-0.37648412606371817,1.9218796368148385,True
2023091007,2135,46968,Josh Woods,MLB,5.524982689479483,0.9349222013264267,-0.37648412606371817,0.0,False
2023091007,2135,52535,K'Von Wallace,FS,2.8145598644331713,0.9349222013264267,-0.37648412606371817,0.0,False
2023091007,2135,56045,Kei'Trel Clark,CB,3.290840285321641,0.9349222013264267,-0.37648412606371817,0.0,False
2023091007,2135,46188,Kyzir White,ILB,2.480317712077547,0.9349222013264267,-0.37648412606371817,0.0,False
2023091007,2135,53565,Marco Wilson,CB,2.634363715395784,0.9349222013264267,-0.37648412606371817,0.0,False
2023091007,2160,44848,Budda Baker,SS,2.692366657688599,2.4032428181534966,0.28912383953510234,1.2182857098759379,True
2023091007,2160,49410,Jalen Thompson,FS,3.910652367564537,2.4032428181534966,0.28912383953510234,0.0,False
2023091007,2160,46968,Josh Woods,MLB,11.409814070909139,2.4032428181534966,0.28912383953510234,0.0,False
2023091007,2160,52535,K'Von Wallace,FS,7.470294356108469,2.4032428181534966,0.28912383953510234,0.0,False
2023091007,2160,56045,Kei'Trel Clark,CB,5.268013582169772,2.4032428181534966,0.28912383953510234,0.0,False
2023091007,2160,46188,Kyzir White,ILB,7.164841895463057,2.4032428181534966,0.28912383953510234,0.0,False
2023091007,2160,53565,Marco Wilson,CB,10.89489318229471,2.4032428181534966,0.28912383953510234,0.0,False
2023091007,2183,44848,Budda Baker,SS,6.022947312613986,1.334968490162606,0.2797349873685675,0.0,False
2023091007,2183,49410,Jalen Thompson,FS,5.579807377964763,1.334968490162606,0.2797349873685675,0.0,False
2023091007,2183,46968,Josh Woods,MLB,2.2773252950989717,1.334968490162606,0.2797349873685675,0.0,False
2023091007,2183,52535,K'Von Wallace,FS,1.8280168106291925,1.334968490162606,0.2797349873685675,0.0,False
2023091007,2183,56045,Kei'Trel Clark,CB,6.498043556829215,1.334968490162606,0.2797349873685675,0.0,False
2023091007,2183,46188,Kyzir White,ILB,2.0939733050457208,1.334968490162606,0.2797349873685675,0.0,False
2023091007,2183,53565,Marco Wilson,CB,1.6147034775311735,1.334968490162606,0.2797349873685675,0.21331333309801903,True
2023091007,2208,43986,Antonio Hamilton,CB,5.054385067918002,0.7510013682776284,0.4499183183960487,0.0,False
2023091007,2208,44848,Budda Baker,SS,6.120122262548412,0.7510013682776284,0.4499183183960487,0.0,False
2023091007,2208,49410,Jalen Thompson,FS,7.286418156484539,0.7510013682776284,0.4499183183960487,0.0,False
2023091007,2208,46968,Josh Woods,MLB,5.9469321064030405,0.7510013682776284,0.4499183183960487,0.0,False
2023091007,2208,52535,K'Von Wallace,FS,1.397533943668866,0.7510013682776284,0.4499183183960487,0.0,False
2023091007,2208,56045,Kei'Trel Clark,CB,5.869909351604826,0.7510013682776284,0.4499183183960487,0.0,False
2023091007,2208,46188,Kyzir White,ILB,4.112242115726814,0.7510013682776284,0.4499183183960487,0.0,False
2023091007,2208,53565,Marco Wilson,CB,1.200919686673677,0.7510013682776284,0.4499183183960487,0.19661425699518897,True
2023091007,2238,43986,Antonio Hamilton,CB,3.464290796041221,1.6611451937439348,-0.43505045004841847,0.0,False
2023091007,2238,44848,Budda Baker,SS,3.876273576865699,1.6611451937439348,-0.43505045004841847,0.0,False
2023091007,2238,49410,Jalen Thompson,FS,2.3063521732511307,1.6611451937439348,-0.43505045004841847,0.0,False
2023091007,2238,46968,Josh Woods,MLB,5.4100059291629,1.6611451937439348,-0.43505045004841847,0.0,False
2023091007,2238,52535,K'Von Wallace,FS,1.8368481998599606,1.6611451937439348,-0.43505045004841847,0.0,False
2023091007,2238,56045,Kei'Trel Clark,CB,4.064795063975355,1.6611451937439348,-0.43505045004841847,0.0,False
2023091007,2238,46188,Kyzir White,ILB,3.470903441961461,1.6611451937439348,-0.43505045004841847,0.0,False
2023091007,2238,53565,Marco Wilson,CB,1.2260947436955163,1.6611451937439348,-0.43505045004841847,0.6107534561644443,True
2023091007,2359,53503,Benjamin St-Juste,CB,0.8938991141006716,0.5804670772216349,0.31343203687903665,1.3862453944059354,True
2023091007,2359,47871,Cody Barton,ILB,7.158321382279638,0.5804670772216349,0.31343203687903665,0.0,False
2023091007,2359,53592,Darrick Forrest,FS,6.892552838421535,0.5804670772216349,0.31343203687903665,0.0,False
2023091007,2359,53448,Jamin Davis,OLB,4.091045598427846,0.5804670772216349,0.31343203687903665,0.0,False
2023091007,2359,52624,Kam Curl,SS,5.1950632138594095,0.5804670772216349,0.31343203687903665,0.0,False
2023091007,2359,43373,Kendall Fuller,CB,7.555800196501611,0.5804670772216349,0.31343203687903665,0.0,False
2023091007,2359,54578,Percy Butler,SS,2.280144508506607,0.5804670772216349,0.31343203687903665,0.0,False
2023091007,2421,53503,Benjamin St-Juste,CB,1.1305199549047178,0.9735289133655016,0.15699104153921617,1.4294112289017853,True
2023091007,2421,47871,Cody Barton,ILB,3.676593952032566,0.9735289133655016,0.15699104153921617,0.0,False
2023091007,2421,53592,Darrick Forrest,FS,2.6646690644320223,0.9735289133655016,0.15699104153921617,0.0,False
2023091007,2421,53448,Jamin Davis,OLB,2.559931183806503,0.9735289133655016,0.15699104153921617,0.0,False
2023091007,2421,43373,Kendall Fuller,CB,9.998774129514677,0.9735289133655016,0.15699104153921617,0.0,False
2023091007,2421,54578,Percy Butler,SS,8.582030435123729,0.9735289133655016,0.15699104153921617,0.0,False
2023091007,2447,53503,Benjamin St-Juste,CB,3.2279463164282967,0.5793731029427915,0.2722258423692965,0.0,False
2023091007,2447,47871,Cody Barton,ILB,0.851598945312088,0.5793731029427915,0.2722258423692965,1.2159809448912837,True
2023091007,2447,53592,Darrick Forrest,FS,3.6199052403874123,0.5793731029427915,0.2722258423692965,0.0,False
2023091007,2447,53448,Jamin Davis,OLB,2.963243927183305,0.5793731029427915,0.2722258423692965,0.0,False
2023091007,2447,52624,Kam Curl,SS,2.0675798902033717,0.5793731029427915,0.2722258423692965,0.0,False
2023091007,2447,43373,Kendall Fuller,CB,4.670941681286045,0.5793731029427915,0.2722258423692965,0.0,False
2023091007,2447,54578,Percy Butler,SS,3.799203246395687,0.5793731029427915,0.2722258423692965,0.0,False
2023091007,2472,53503,Benjamin St-Juste,CB,2.2774734400990644,0.9653018149051644,0.1750411380826895,0.0,False
2023091007,2472,47871,Cody Barton,ILB,1.895982358787197,0.9653018149051644,0.1750411380826895,0.0,False
2023091007,2472,53592,Darrick Forrest,FS,2.7946106860704223,0.9653018149051644,0.1750411380826895,0.0,False
2023091007,2472,53448,Jamin Davis,OLB,1.5351288676570272,0.9653018149051644,0.1750411380826895,0.0,False
2023091007,2472,52624,Kam Curl,SS,4.435736874370284,0.9653018149051644,0.1750411380826895,0.0,False
2023091007,2472,43373,Kendall Fuller,CB,5.8562344855330934,0.9653018149051644,0.1750411380826895,0.0,False
2023091007,2472,54578,Percy Butler,SS,1.140342952987854,0.9653018149051644,0.1750411380826895,0.39478591466917323,True
2023091007,2495,53503,Benjamin St-Juste,CB,1.9123292766408737,1.0275347058043482,0.10826615908481974,0.0,False
2023091007,2495,47871,Cody Barton,ILB,3.137423850153633,1.0275347058043482,0.10826615908481974,0.0,False
2023091007,2495,53592,Darrick Forrest,FS,1.8926203348692603,1.0275347058043482,0.10826615908481974,0.0,False
2023091007,2495,55880,Emmanuel Forbes,CB,4.0021991933659535,1.0275347058043482,0.10826615908481974,0.0,False
2023091007,2495,52637,James Smith-Williams,DE,2.13282744337417,1.0275347058043482,0.10826615908481974,0.0,False
2023091007,2495,52624,Kam Curl,SS,3.0714686758145056,1.0275347058043482,0.10826615908481974,0.0,False
2023091007,2495,43373,Kendall Fuller,CB,1.135800864889168,1.0275347058043482,0.10826615908481974,0.7568194699800923,True
2023091007,2672,44848,Budda Baker,SS,2.6704876429864806,0.5609913355087628,0.4862436031710231,0.0,False
2023091007,2672,46657,Dennis Gardeck,OLB,5.272120660230759,0.5609913355087628,0.4862436031710231,0.0,False
2023091007,2672,49410,Jalen Thompson,FS,4.116305295087584,0.5609913355087628,0.4862436031710231,0.0,False
2023091007,2672,52535,K'Von Wallace,FS,1.047234938679786,0.5609913355087628,0.4862436031710231,0.038507091117687686,True
2023091007,2672,56045,Kei'Trel Clark,CB,2.9215532250478313,0.5609913355087628,0.4862436031710231,0.0,False
2023091007,2672,46188,Kyzir White,ILB,1.0857420297974736,0.5609913355087628,0.4862436031710231,0.0,False
2023091007,2672,53565,Marco Wilson,CB,5.045435555873575,0.5609913355087628,0.4862436031710231,0.0,False
2023091007,2719,46807,Andre Chachere,SS,1.5987834473484617,0.4890977211228319,0.5567451765545489,0.0,False
2023091007,2719,44848,Budda Baker,SS,3.111791803090795,0.4890977211228319,0.5567451765545489,0.0,False
2023091007,2719,46657,Dennis Gardeck,OLB,5.703961008518231,0.4890977211228319,0.5567451765545489,0.0,False
2023091007,2719,49410,Jalen Thompson,FS,4.3581045822525395,0.4890977211228319,0.5567451765545489,0.0,False
2023091007,2719,56045,Kei'Trel Clark,CB,1.0458428976773808,0.4890977211228319,0.5567451765545489,0.5529405496710807,True
2023091007,2719,46188,Kyzir White,ILB,2.6033673144859373,0.4890977211228319,0.5567451765545489,0.0,False
2023091007,2719,53565,Marco Wilson,CB,4.5326320281065255,0.4890977211228319,0.5567451765545489,0.0,False
2023091007,3145,44848,Budda Baker,SS,3.9257794532960593,0.49112379322817457,1.1924905042482208,0.0,False
2023091007,3145,49410,Jalen Thompson,FS,5.82208927942009,0.49112379322817457,1.1924905042482208,0.0,False
2023091007,3145,46968,Josh Woods,MLB,2.93238458870121,0.49112379322817457,1.1924905042482208,0.0,False
2023091007,3145,52535,K'Von Wallace,FS,4.099473419111215,0.49112379322817457,1.1924905042482208,0.0,False
2023091007,3145,56045,Kei'Trel Clark,CB,3.9005127582208545,0.49112379322817457,1.1924905042482208,0.0,False
2023091007,3145,46188,Kyzir White,ILB,3.936749774736393,0.49112379322817457,1.1924905042482208,0.0,False
2023091007,3145,53565,Marco Wilson,CB,1.6836142974763955,0.49112379322817457,1.1924905042482208,1.2487702912248144,True
2023091007,3542,53503,Benjamin St-Juste,CB,9.247070760674596,0.8529109113315212,0.13844793125495425,0.0,False
2023091007,3542,47871,Cody Barton,ILB,2.2527608691908783,0.8529109113315212,0.13844793125495425,0.0,False
2023091007,3542,53592,Darrick Forrest,FS,7.004863612423302,0.8529109113315212,0.13844793125495425,0.0,False
2023091007,3542,55880,Emmanuel Forbes,CB,3.2666795764250343,0.8529109113315212,0.13844793125495425,0.0,False
2023091007,3542,52637,James Smith-Williams,DE,3.58137497028933,0.8529109113315212,0.13844793125495425,0.0,False
2023091007,3542,52624,Kam Curl,SS,0.9913588425864754,0.8529109113315212,0.13844793125495425,1.2614020266044028,True
2023091007,3542,43373,Kendall Fuller,CB,7.501325005918846,0.8529109113315212,0.13844793125495425,0.0,False
2023091007,3890,53503,Benjamin St-Juste,CB,8.337078118428808,0.824518544595626,0.45386729128992664,0.0,False
2023091007,3890,47871,Cody Barton,ILB,7.343590148730629,0.824518544595626,0.45386729128992664,0.0,False
2023091007,3890,53592,Darrick Forrest,FS,3.1311139656032685,0.824518544595626,0.45386729128992664,0.0,False
2023091007,3890,55880,Emmanuel Forbes,CB,1.2783858358855527,0.824518544595626,0.45386729128992664,1.852728129717716,True
2023091007,3890,52624,Kam Curl,SS,6.07251123114568,0.824518544595626,0.45386729128992664,0.0,False
2023091007,3890,43373,Kendall Fuller,CB,9.974103376234774,0.824518544595626,0.45386729128992664,0.0,False
2023091007,3890,54578,Percy Butler,SS,4.817938363036577,0.824518544595626,0.45386729128992664,0.0,False
2023091007,4101,53503,Benjamin St-Juste,CB,1.650646854859141,0.8333887930540922,0.5000379859452677,0.0,False
2023091007,4101,47871,Cody Barton,ILB,2.7803235811936142,0.8333887930540922,0.5000379859452677,0.0,False
2023091007,4101,53592,Darrick Forrest,FS,3.5144432779148973,0.8333887930540922,0.5000379859452677,0.0,False
2023091007,4101,55880,Emmanuel Forbes,CB,7.259379172105123,0.8333887930540922,0.5000379859452677,0.0,False
2023091007,4101,52624,Kam Curl,SS,4.804203374235729,0.8333887930540922,0.5000379859452677,0.0,False
2023091007,4101,43373,Kendall Fuller,CB,1.33342677899936,0.8333887930540922,0.5000379859452677,0.3172200758597812,True
2023091007,4101,54578,Percy Butler,SS,5.516055414343066,0.8333887930540922,0.5000379859452677,0.0,False
2023091007,4182,53503,Benjamin St-Juste,CB,3.417209748772825,1.049175612575514,0.36300081790843675,0.0,False
2023091007,4182,47871,Cody Barton,ILB,3.015376223615131,1.049175612575514,0.36300081790843675,0.0,False
2023091007,4182,53592,Darrick Forrest,FS,3.070969456574567,1.049175612575514,0.36300081790843675,0.0,False
2023091007,4182,55880,Emmanuel Forbes,CB,3.1484503125336154,1.049175612575514,0.36300081790843675,0.0,False
2023091007,4182,52624,Kam Curl,SS,1.4121764304839508,1.049175612575514,0.36300081790843675,1.6031997931311803,True
2023091007,4182,43373,Kendall Fuller,CB,6.834388146268748,1.049175612575514,0.36300081790843675,0.0,False
2023091007,4182,54578,Percy Butler,SS,6.3950289651211865,1.049175612575514,0.36300081790843675,0.0,False
2023091007,4234,53503,Benjamin St-Juste,CB,4.303021737571898,1.1293124457310868,0.8377666195640134,0.0,False
2023091007,4234,47871,Cody Barton,ILB,5.926368574897781,1.1293124457310868,0.8377666195640134,0.0,False
2023091007,4234,53592,Darrick Forrest,FS,7.409178934707392,1.1293124457310868,0.8377666195640134,0.0,False
2023091007,4234,55880,Emmanuel Forbes,CB,6.8306004256233805,1.1293124457310868,0.8377666195640134,0.0,False
2023091007,4234,52624,Kam Curl,SS,1.9670790652951002,1.1293124457310868,0.8377666195640134,2.2342117468392715,True
2023091007,4234,43373,Kendall Fuller,CB,4.2012908121343715,1.1293124457310868,0.8377666195640134,0.0,False
2023091007,4234,54578,Percy Butler,SS,5.701631754991317,1.1293124457310868,0.8377666195640134,0.0,False
2023091007,4271,53503,Benjamin St-Juste,CB,2.0967646218700184,1.0962621861606803,0.16330199872250817,0.0,False
2023091007,4271,47871,Cody Barton,ILB,5.187814475337959,1.0962621861606803,0.16330199872250817,0.0,False
2023091007,4271,53592,Darrick Forrest,FS,4.960281315311722,1.0962621861606803,0.16330199872250817,0.0,False
2023091007,4271,55880,Emmanuel Forbes,CB,1.2595641848831884,1.0962621861606803,0.16330199872250817,0.5591422537913155,True
2023091007,4271,52624,Kam Curl,SS,2.2026128659947606,1.0962621861606803,0.16330199872250817,0.0,False
2023091007,4271,43373,Kendall Fuller,CB,6.871214779236127,1.0962621861606803,0.16330199872250817,0.0,False
2023091007,4271,54578,Percy Butler,SS,1.818706438674504,1.0962621861606803,0.16330199872250817,0.0,False
2023091008,125,47804,Darnell Savage,FS,7.554461569097717,0.9483444611274336,1.5789227125322802,0.0,False
2023091008,125,46087,Jaire Alexander,CB,5.080183422829654,0.9483444611274336,1.5789227125322802,0.0,False
2023091008,125,48241,Keisean Nixon,CB,6.159656468782478,0.9483444611274336,1.5789227125322802,0.0,False
2023091008,125,42381,Preston Smith,DE,2.7303020201795927,0.9483444611274336,1.5789227125322802,0.0,False
2023091008,125,54487,Quay Walker,OLB,4.205832514141779,0.9483444611274336,1.5789227125322802,0.0,False
2023091008,125,44911,Rasul Douglas,CB,2.527267173659714,0.9483444611274336,1.5789227125322802,0.2030348465198788,True
2023091008,125,45021,Rudy Ford,FS,5.277783342040492,0.9483444611274336,1.5789227125322802,0.0,False
2023091008,273,44925,Eddie Jackson,FS,2.94737163393279,1.228004893699868,0.3950855083036928,0.0,False
2023091008,273,54513,Jaquan Brisker,SS,6.04343422015531,1.228004893699868,0.3950855083036928,0.0,False
2023091008,273,52458,Jaylon Johnson,CB,1.7599364380162064,1.228004893699868,0.3950855083036928,0.0,False
2023091008,273,54504,Kyler Gordon,CB,1.6230904020035608,1.228004893699868,0.3950855083036928,0.13684603601264556,True
2023091008,273,48516,T.J. Edwards,OLB,4.30016037724813,1.228004893699868,0.3950855083036928,0.0,False
2023091008,273,46085,Tremaine Edmunds,MLB,3.21391142369603,1.228004893699868,0.3950855083036928,0.0,False
2023091008,273,55921,Tyrique Stevenson,CB,6.80886925598247,1.228004893699868,0.3950855083036928,0.0,False
2023091008,396,44925,Eddie Jackson,FS,2.2980904129832904,2.324716688269446,-0.33054647185523556,0.0,False
2023091008,396,54781,Jack Sanborn,MLB,9.619666969769977,2.324716688269446,-0.33054647185523556,0.0,False
2023091008,396,54513,Jaquan Brisker,SS,7.923343656951958,2.324716688269446,-0.33054647185523556,0.0,False
2023091008,396,52458,Jaylon Johnson,CB,1.9941702164142103,2.324716688269446,-0.33054647185523556,0.3039201965690801,True
2023091008,396,48516,T.J. Edwards,OLB,3.118470335254905,2.324716688269446,-0.33054647185523556,0.0,False
2023091008,396,46085,Tremaine Edmunds,MLB,2.8241740569057106,2.324716688269446,-0.33054647185523556,0.0,False
2023091008,396,55921,Tyrique Stevenson,CB,2.401677444814251,2.324716688269446,-0.33054647185523556,0.0,False
2023091008,496,44925,Eddie Jackson,FS,1.7368835742546962,1.397755206445713,0.33912836780898314,0.49312798518292156,True
2023091008,496,54719,Elijah Hicks,FS,4.253004128640279,1.397755206445713,0.33912836780898314,0.0,False
2023091008,496,52458,Jaylon Johnson,CB,3.9957346441344237,1.397755206445713,0.33912836780898314,0.0,False
2023091008,496,54504,Kyler Gordon,CB,2.671815303560046,1.397755206445713,0.33912836780898314,0.0,False
2023091008,496,48516,T.J. Edwards,OLB,4.330435492553275,1.397755206445713,0.33912836780898314,0.0,False
2023091008,496,46085,Tremaine Edmunds,MLB,2.2300115594376178,1.397755206445713,0.33912836780898314,0.0,False
2023091008,496,55921,Tyrique Stevenson,CB,3.56368544553479,1.397755206445713,0.33912836780898314,0.0,False
2023091008,572,47804,Darnell Savage,FS,1.9613132792695454,1.1264109640998987,0.8349023151696466,1.0748758238087577,True
2023091008,572,46087,Jaire Alexander,CB,3.036189103078303,1.1264109640998987,0.8349023151696466,0.0,False
2023091008,572,48241,Keisean Nixon,CB,3.2069497838940966,1.1264109640998987,0.8349023151696466,0.0,False
2023091008,572,54487,Quay Walker,OLB,4.156696538281873,1.1264109640998987,0.8349023151696466,0.0,False
2023091008,572,44911,Rasul Douglas,CB,3.3613708151632444,1.1264109640998987,0.8349023151696466,0.0,False
2023091008,572,45021,Rudy Ford,FS,3.5343608650559237,1.1264109640998987,0.8349023151696466,0.0,False
2023091008,619,47804,Darnell Savage,FS,5.68557119187928,0.9967718539101049,1.084504723660986,0.0,False
2023091008,619,43404,De'Vondre Campbell,ILB,4.013187347579894,0.9967718539101049,1.084504723660986,0.0,False
2023091008,619,46087,Jaire Alexander,CB,5.197371057868396,0.9967718539101049,1.084504723660986,0.0,False
2023091008,619,48241,Keisean Nixon,CB,2.892373594437328,0.9967718539101049,1.084504723660986,0.0,False
2023091008,619,54487,Quay Walker,OLB,2.081276577571091,0.9967718539101049,1.084504723660986,0.811097016866237,True
2023091008,619,44911,Rasul Douglas,CB,7.40748881425183,0.9967718539101049,1.084504723660986,0.0,False
2023091008,619,45021,Rudy Ford,FS,4.502224989252885,0.9967718539101049,1.084504723660986,0.0,False
2023091008,735,47804,Darnell Savage,FS,8.775506264882717,0.9561859948019262,0.9274512338728931,0.0,False
2023091008,735,43404,De'Vondre Campbell,ILB,1.8836372286748193,0.9561859948019262,0.9274512338728931,1.3453222883573384,True
2023091008,735,46087,Jaire Alexander,CB,3.2289595170321577,0.9561859948019262,0.9274512338728931,0.0,False
2023091008,735,54644,Kingsley Enagbare,DE,5.369421891045137,0.9561859948019262,0.9274512338728931,0.0,False
2023091008,735,54487,Quay Walker,OLB,4.731778761579081,0.9561859948019262,0.9274512338728931,0.0,False
2023091008,735,44911,Rasul Douglas,CB,10.839252629670897,0.9561859948019262,0.9274512338728931,0.0,False
2023091008,735,45021,Rudy Ford,FS,4.354312462102394,0.9561859948019262,0.9274512338728931,0.0,False
2023091008,840,44925,Eddie Jackson,FS,3.8923223782860865,1.2160189068160143,-0.32145231050155143,0.0,False
2023091008,840,54513,Jaquan Brisker,SS,3.605450467006614,1.2160189068160143,-0.32145231050155143,0.0,False
2023091008,840,52458,Jaylon Johnson,CB,5.144459936683803,1.2160189068160143,-0.32145231050155143,0.0,False
2023091008,840,48516,T.J. Edwards,OLB,2.6832493605642904,1.2160189068160143,-0.32145231050155143,0.0,False
2023091008,840,46085,Tremaine Edmunds,MLB,3.5149723992127138,1.2160189068160143,-0.32145231050155143,0.0,False
2023091008,840,55921,Tyrique Stevenson,CB,0.8945665963144629,1.2160189068160143,-0.32145231050155143,1.7886827642498275,True
2023091008,888,44925,Eddie Jackson,FS,2.8246259735251322,0.5232459753631501,1.3523757286138407,0.0,False
2023091008,888,54513,Jaquan Brisker,SS,3.6842113409533144,0.5232459753631501,1.3523757286138407,0.0,False
2023091008,888,52458,Jaylon Johnson,CB,4.169057792070059,0.5232459753631501,1.3523757286138407,0.0,False
2023091008,888,54504,Kyler Gordon,CB,1.9431737407974576,0.5232459753631501,1.3523757286138407,0.0,False
2023091008,888,48516,T.J. Edwards,OLB,3.2534345072968867,0.5232459753631501,1.3523757286138407,0.0,False
2023091008,888,46085,Tremaine Edmunds,MLB,1.8756217039769907,0.5232459753631501,1.3523757286138407,0.06755203682046673,True
2023091008,888,55921,Tyrique Stevenson,CB,4.26498242307513,0.5232459753631501,1.3523757286138407,0.0,False
2023091008,1105,47804,Darnell Savage,FS,5.4188178507559055,1.1213375194524435,0.8290335129445838,0.0,False
2023091008,1105,43404,De'Vondre Campbell,ILB,3.945825376178056,1.1213375194524435,0.8290335129445838,0.0,False
2023091008,1105,46087,Jaire Alexander,CB,7.394303668264127,1.1213375194524435,0.8290335129445838,0.0,False
2023091008,1105,48241,Keisean Nixon,CB,8.558483674988079,1.1213375194524435,0.8290335129445838,0.0,False
2023091008,1105,54487,Quay Walker,OLB,6.15050941780286,1.1213375194524435,0.8290335129445838,0.0,False
2023091008,1105,44911,Rasul Douglas,CB,2.657156849973501,1.1213375194524435,0.8290335129445838,0.0,False
2023091008,1105,45021,Rudy Ford,FS,1.9503710323970274,1.1213375194524435,0.8290335129445838,0.7067858175764736,True
2023091008,1130,47804,Darnell Savage,FS,2.643006511984045,1.0763832202124255,0.5029040994802587,0.0,False
2023091008,1130,46087,Jaire Alexander,CB,1.5792873196926842,1.0763832202124255,0.5029040994802587,0.048005224433945504,True
2023091008,1130,48241,Keisean Nixon,CB,3.46183117722744,1.0763832202124255,0.5029040994802587,0.0,False
2023091008,1130,54487,Quay Walker,OLB,1.6272925441266297,1.0763832202124255,0.5029040994802587,0.0,False
2023091008,1130,44911,Rasul Douglas,CB,5.476347155383525,1.0763832202124255,0.5029040994802587,0.0,False
2023091008,1130,45021,Rudy Ford,FS,1.7982230395789536,1.0763832202124255,0.5029040994802587,0.0,False
2023091008,1155,47804,Darnell Savage,FS,4.165196209247769,0.9010639421725624,0.8745825084834242,0.0,False
2023091008,1155,43404,De'Vondre Campbell,ILB,6.583910459178757,0.9010639421725624,0.8745825084834242,0.0,False
2023091008,1155,46087,Jaire Alexander,CB,1.7756464506559866,0.9010639421725624,0.8745825084834242,1.013538217674281,True
2023091008,1155,54487,Quay Walker,OLB,2.7891846683302677,0.9010639421725624,0.8745825084834242,0.0,False
2023091008,1155,44911,Rasul Douglas,CB,5.607521710875947,0.9010639421725624,0.8745825084834242,0.0,False
2023091008,1155,45021,Rudy Ford,FS,3.2480480334103636,0.9010639421725624,0.8745825084834242,0.0,False
2023091008,1200,47804,Darnell Savage,FS,3.048003381509561,0.5071880255679361,0.08524163838476595,0.0,False
2023091008,1200,43404,De'Vondre Campbell,ILB,3.6202586234943204,0.5071880255679361,0.08524163838476595,0.0,False
2023091008,1200,46087,Jaire Alexander,CB,6.832919452355578,0.5071880255679361,0.08524163838476595,0.0,False
2023091008,1200,48241,Keisean Nixon,CB,5.7356587313749925,0.5071880255679361,0.08524163838476595,0.0,False
2023091008,1200,54487,Quay Walker,OLB,3.65204593656707,0.5071880255679361,0.08524163838476595,0.0,False
2023091008,1200,44911,Rasul Douglas,CB,0.592429663952702,0.5071880255679361,0.08524163838476595,2.1502841938654162,True
2023091008,1200,45021,Rudy Ford,FS,2.742713857818118,0.5071880255679361,0.08524163838476595,0.0,False
2023091008,1292,44925,Eddie Jackson,FS,4.511071665762097,0.6939427876902251,0.9702728382053962,0.0,False
2023091008,1292,54513,Jaquan Brisker,SS,1.8112298616161275,0.6939427876902251,0.9702728382053962,0.0,False
2023091008,1292,52458,Jaylon Johnson,CB,5.3026839061584266,0.6939427876902251,0.9702728382053962,0.0,False
2023091008,1292,54504,Kyler Gordon,CB,4.719778794727133,0.6939427876902251,0.9702728382053962,0.0,False
2023091008,1292,48516,T.J. Edwards,OLB,1.6642156258956213,0.6939427876902251,0.9702728382053962,0.1470142357205062,True
2023091008,1292,46085,Tremaine Edmunds,MLB,3.1550545048571235,0.6939427876902251,0.9702728382053962,0.0,False
2023091008,1292,55921,Tyrique Stevenson,CB,1.8660707996191088,0.6939427876902251,0.9702728382053962,0.0,False
2023091008,1356,44925,Eddie Jackson,FS,3.7757248023492815,1.3922565348849012,0.26628261745676185,0.0,False
2023091008,1356,54513,Jaquan Brisker,SS,4.50861718888284,1.3922565348849012,0.26628261745676185,0.0,False
2023091008,1356,52458,Jaylon Johnson,CB,1.994049019088779,1.3922565348849012,0.26628261745676185,0.0,False
2023091008,1356,54504,Kyler Gordon,CB,1.658539152341663,1.3922565348849012,0.26628261745676185,0.3355098667471159,True
2023091008,1356,48516,T.J. Edwards,OLB,7.653053684357781,1.3922565348849012,0.26628261745676185,0.0,False
2023091008,1356,46085,Tremaine Edmunds,MLB,3.3449169077811582,1.3922565348849012,0.26628261745676185,0.0,False
2023091008,1356,55921,Tyrique Stevenson,CB,7.3708175147992,1.3922565348849012,0.26628261745676185,0.0,False
2023091008,1473,47804,Darnell Savage,FS,2.0841771872446877,1.2850159870305633,0.7991612002141244,1.3848899545805293,True
2023091008,1473,43404,De'Vondre Campbell,ILB,3.760959534024393,1.2850159870305633,0.7991612002141244,0.0,False
2023091008,1473,46087,Jaire Alexander,CB,3.469067141825217,1.2850159870305633,0.7991612002141244,0.0,False
2023091008,1473,47939,Justin Hollins,OLB,4.844759850155131,1.2850159870305633,0.7991612002141244,0.0,False
2023091008,1473,54487,Quay Walker,OLB,5.268957234055128,1.2850159870305633,0.7991612002141244,0.0,False
2023091008,1473,44911,Rasul Douglas,CB,4.183027989411132,1.2850159870305633,0.7991612002141244,0.0,False
2023091008,1473,45021,Rudy Ford,FS,6.546407564307498,1.2850159870305633,0.7991612002141244,0.0,False
2023091008,1551,44925,Eddie Jackson,FS,5.053229327160576,1.1734602073134643,0.2756343349869359,0.0,False
2023091008,1551,54781,Jack Sanborn,MLB,2.529570190420234,1.1734602073134643,0.2756343349869359,0.0,False
2023091008,1551,54513,Jaquan Brisker,SS,6.0829758493792765,1.1734602073134643,0.2756343349869359,0.0,False
2023091008,1551,52458,Jaylon Johnson,CB,1.4490945423004002,1.1734602073134643,0.2756343349869359,1.0804756481198337,True
2023091008,1551,48516,T.J. Edwards,OLB,5.938807480832369,1.1734602073134643,0.2756343349869359,0.0,False
2023091008,1551,46085,Tremaine Edmunds,MLB,5.454504857583734,1.1734602073134643,0.2756343349869359,0.0,False
2023091008,1551,55921,Tyrique Stevenson,CB,8.879660336821393,1.1734602073134643,0.2756343349869359,0.0,False
2023091008,1576,44925,Eddie Jackson,FS,4.172487535341021,0.4330158035917486,0.6483811903613856,0.0,False
2023091008,1576,54781,Jack Sanborn,MLB,2.097701004122181,0.4330158035917486,0.6483811903613856,0.0,False
2023091008,1576,54513,Jaquan Brisker,SS,3.8232212728949824,0.4330158035917486,0.6483811903613856,0.0,False
2023091008,1576,52458,Jaylon Johnson,CB,4.324066548721794,0.4330158035917486,0.6483811903613856,0.0,False
2023091008,1576,48516,T.J. Edwards,OLB,1.6471127741071028,0.4330158035917486,0.6483811903613856,0.0,False
2023091008,1576,46085,Tremaine Edmunds,MLB,1.0813969939531343,0.4330158035917486,0.6483811903613856,0.5657157801539685,True
2023091008,1576,55921,Tyrique Stevenson,CB,3.5148306264545557,0.4330158035917486,0.6483811903613856,0.0,False
2023091008,1601,44925,Eddie Jackson,FS,3.5571681296824864,1.2062744944123545,-0.4469138309212688,0.0,False
2023091008,1601,54513,Jaquan Brisker,SS,2.171438684302965,1.2062744944123545,-0.4469138309212688,0.0,False
2023091008,1601,52458,Jaylon Johnson,CB,4.534266421042751,1.2062744944123545,-0.4469138309212688,0.0,False
2023091008,1601,54504,Kyler Gordon,CB,0.7593606634910857,1.2062744944123545,-0.4469138309212688,1.4120780208118795,True
2023091008,1601,48516,T.J. Edwards,OLB,2.3950372794180845,1.2062744944123545,-0.4469138309212688,0.0,False
2023091008,1601,46085,Tremaine Edmunds,MLB,5.201501230638407,1.2062744944123545,-0.4469138309212688,0.0,False
2023091008,1601,55921,Tyrique Stevenson,CB,2.831019524384746,1.2062744944123545,-0.4469138309212688,0.0,False
2023091008,1626,44925,Eddie Jackson,FS,3.903025137782898,3.7096060076100246,0.19341913017287338,0.3730952552093201,True
2023091008,1626,54513,Jaquan Brisker,SS,4.276120392992218,3.7096060076100246,0.19341913017287338,0.0,False
2023091008,1626,52458,Jaylon Johnson,CB,6.94068147370344,3.7096060076100246,0.19341913017287338,0.0,False
2023091008,1626,48516,T.J. Edwards,OLB,6.460175349514919,3.7096060076100246,0.19341913017287338,0.0,False
2023091008,1626,46085,Tremaine Edmunds,MLB,6.969253039764872,3.7096060076100246,0.19341913017287338,0.0,False
2023091008,1626,55921,Tyrique Stevenson,CB,6.225472264894923,3.7096060076100246,0.19341913017287338,0.0,False
2023091008,1818,47804,Darnell Savage,FS,1.688607212676834,1.2622212676733586,0.42638594500347526,1.6962027545247862,True
2023091008,1818,43404,De'Vondre Campbell,ILB,3.3848099672016203,1.2622212676733586,0.42638594500347526,0.0,False
2023091008,1818,46087,Jaire Alexander,CB,4.3022437286178015,1.2622212676733586,0.42638594500347526,0.0,False
2023091008,1818,48241,Keisean Nixon,CB,4.659182081014398,1.2622212676733586,0.42638594500347526,0.0,False
2023091008,1818,54487,Quay Walker,OLB,7.340976871993159,1.2622212676733586,0.42638594500347526,0.0,False
2023091008,1818,44911,Rasul Douglas,CB,4.422030645680045,1.2622212676733586,0.42638594500347526,0.0,False
2023091008,1818,45021,Rudy Ford,FS,7.142720150757358,1.2622212676733586,0.42638594500347526,0.0,False
2023091008,1929,44925,Eddie Jackson,FS,6.622832312696601,0.7527878215611319,1.5033439452554307,0.0,False
2023091008,1929,54513,Jaquan Brisker,SS,2.2561317668165626,0.7527878215611319,1.5033439452554307,1.7713750599461064,True
2023091008,1929,52458,Jaylon Johnson,CB,7.326150638202816,0.7527878215611319,1.5033439452554307,0.0,False
2023091008,1929,54504,Kyler Gordon,CB,7.277073262524614,0.7527878215611319,1.5033439452554307,0.0,False
2023091008,1929,48516,T.J. Edwards,OLB,4.410541765825223,0.7527878215611319,1.5033439452554307,0.0,False
2023091008,1929,46085,Tremaine Edmunds,MLB,4.942793640270482,0.7527878215611319,1.5033439452554307,0.0,False
2023091008,1929,55921,Tyrique Stevenson,CB,4.027506826762669,0.7527878215611319,1.5033439452554307,0.0,False
2023091008,1952,44925,Eddie Jackson,FS,5.1642409174418935,3.077041667679354,0.8926640670428538,0.0,False
2023091008,1952,54513,Jaquan Brisker,SS,3.969705734722208,3.077041667679354,0.8926640670428538,0.5902811874946199,True
2023091008,1952,52458,Jaylon Johnson,CB,6.990129922762767,3.077041667679354,0.8926640670428538,0.0,False
2023091008,1952,54504,Kyler Gordon,CB,10.033401544598274,3.077041667679354,0.8926640670428538,0.0,False
2023091008,1952,48516,T.J. Edwards,OLB,4.559986922216828,3.077041667679354,0.8926640670428538,0.0,False
2023091008,1952,46085,Tremaine Edmunds,MLB,5.900988819916184,3.077041667679354,0.8926640670428538,0.0,False
2023091008,1952,55921,Tyrique Stevenson,CB,6.205588618668728,3.077041667679354,0.8926640670428538,0.0,False
2023091008,1981,44925,Eddie Jackson,FS,2.3610038466849392,1.191272932863443,0.48321776961783147,0.0,False
2023091008,1981,54513,Jaquan Brisker,SS,3.582065364860642,1.191272932863443,0.48321776961783147,0.0,False
2023091008,1981,52458,Jaylon Johnson,CB,3.7515614321020143,1.191272932863443,0.48321776961783147,0.0,False
2023091008,1981,54504,Kyler Gordon,CB,5.155247805691484,1.191272932863443,0.48321776961783147,0.0,False
2023091008,1981,48516,T.J. Edwards,OLB,2.5689893928973757,1.191272932863443,0.48321776961783147,0.0,False
2023091008,1981,46085,Tremaine Edmunds,MLB,1.6744907024812745,1.191272932863443,0.48321776961783147,0.6865131442036647,True
2023091008,1981,55921,Tyrique Stevenson,CB,3.2583688761996483,1.191272932863443,0.48321776961783147,0.0,False
2023091008,2007,44925,Eddie Jackson,FS,2.104719820020197,1.3862082839074796,0.07698197773255955,0.0,False
2023091008,2007,54513,Jaquan Brisker,SS,5.321087573843616,1.3862082839074796,0.07698197773255955,0.0,False
2023091008,2007,52458,Jaylon Johnson,CB,1.4631902616400392,1.3862082839074796,0.07698197773255955,0.6415295583801577,True
2023091008,2007,54504,Kyler Gordon,CB,2.161629525764271,1.3862082839074796,0.07698197773255955,0.0,False
2023091008,2007,48516,T.J. Edwards,OLB,5.723308894720579,1.3862082839074796,0.07698197773255955,0.0,False
2023091008,2007,46085,Tremaine Edmunds,MLB,2.774333415408888,1.3862082839074796,0.07698197773255955,0.0,False
2023091008,2007,55921,Tyrique Stevenson,CB,6.378305663039734,1.3862082839074796,0.07698197773255955,0.0,False
2023091008,2390,56097,Carrington Valentine,CB,5.450977501250466,0.686073446542904,2.105632317455224,0.0,False
2023091008,2390,47804,Darnell Savage,FS,8.406195407725704,0.686073446542904,2.105632317455224,0.0,False
2023091008,2390,46087,Jaire Alexander,CB,9.390309174079466,0.686073446542904,2.105632317455224,0.0,False
2023091008,2390,48241,Keisean Nixon,CB,8.307187927464863,0.686073446542904,2.105632317455224,0.0,False
2023091008,2390,54487,Quay Walker,OLB,5.980407342417038,0.686073446542904,2.105632317455224,0.0,False
2023091008,2390,44911,Rasul Douglas,CB,2.7917057639981278,0.686073446542904,2.105632317455224,2.659271737252338,True
2023091008,2390,45021,Rudy Ford,FS,5.488832879514665,0.686073446542904,2.105632317455224,0.0,False
2023091008,2475,44925,Eddie Jackson,FS,2.680299511325786,1.135186203736885,0.04070223161620801,0.0,False
2023091008,2475,54513,Jaquan Brisker,SS,1.175888435353093,1.135186203736885,0.04070223161620801,0.37559369679302623,True
2023091008,2475,52458,Jaylon Johnson,CB,4.109576904699918,1.135186203736885,0.04070223161620801,0.0,False
2023091008,2475,54504,Kyler Gordon,CB,4.299481705173526,1.135186203736885,0.04070223161620801,0.0,False
2023091008,2475,48516,T.J. Edwards,OLB,1.5514821321461192,1.135186203736885,0.04070223161620801,0.0,False
2023091008,2475,46085,Tremaine Edmunds,MLB,1.8824252412441216,1.135186203736885,0.04070223161620801,0.0,False
2023091008,2475,55921,Tyrique Stevenson,CB,2.251477181270445,1.135186203736885,0.04070223161620801,0.0,False
2023091008,2520,44925,Eddie Jackson,FS,2.004809354729176,0.9987240066267833,0.2838195221454263,0.0,False
2023091008,2520,54513,Jaquan Brisker,SS,3.5074028450875887,0.9987240066267833,0.2838195221454263,0.0,False
2023091008,2520,52458,Jaylon Johnson,CB,3.5389129656232363,0.9987240066267833,0.2838195221454263,0.0,False
2023091008,2520,54504,Kyler Gordon,CB,4.849965816399929,0.9987240066267833,0.2838195221454263,0.0,False
2023091008,2520,48516,T.J. Edwards,OLB,1.2825435287722096,0.9987240066267833,0.2838195221454263,0.6697651405346106,True
2023091008,2520,46085,Tremaine Edmunds,MLB,1.9523086693068201,0.9987240066267833,0.2838195221454263,0.0,False
2023091008,2520,55921,Tyrique Stevenson,CB,3.269549108116862,0.9987240066267833,0.2838195221454263,0.0,False
2023091008,2697,44925,Eddie Jackson,FS,6.06933796893303,0.6368323953137893,0.9757597981721677,0.0,False
2023091008,2697,52458,Jaylon Johnson,CB,5.083204532537716,0.6368323953137893,0.9757597981721677,0.0,False
2023091008,2697,54504,Kyler Gordon,CB,3.34670029082093,0.6368323953137893,0.9757597981721677,0.0,False
2023091008,2697,48516,T.J. Edwards,OLB,1.612592193485957,0.6368323953137893,0.9757597981721677,1.6435519061471318,True
2023091008,2697,46085,Tremaine Edmunds,MLB,4.427441862005692,0.6368323953137893,0.9757597981721677,0.0,False
2023091008,2697,55921,Tyrique Stevenson,CB,3.256144099633089,0.6368323953137893,0.9757597981721677,0.0,False
2023091008,2749,54639,Dominique Robinson,DE,3.5632308495828906,0.9244904093689621,0.3010150688658737,0.0,False
2023091008,2749,44925,Eddie Jackson,FS,2.0796849154962773,0.9244904093689621,0.3010150688658737,0.0,False
2023091008,2749,54513,Jaquan Brisker,SS,4.068730745009763,0.9244904093689621,0.3010150688658737,0.0,False
2023091008,2749,52458,Jaylon Johnson,CB,1.2255054782348358,0.9244904093689621,0.3010150688658737,0.8541794372614415,True
2023091008,2749,48516,T.J. Edwards,OLB,5.560730345616258,0.9244904093689621,0.3010150688658737,0.0,False
2023091008,2749,55921,Tyrique Stevenson,CB,5.305097105846791,0.9244904093689621,0.3010150688658737,0.0,False
2023091008,2865,47804,Darnell Savage,FS,6.564430406866016,0.826881753688125,2.010310449433376,0.0,False
2023091008,2865,46087,Jaire Alexander,CB,5.970357428042444,0.826881753688125,2.010310449433376,0.0,False
2023091008,2865,48241,Keisean Nixon,CB,2.837192203121501,0.826881753688125,2.010310449433376,0.8612192310657387,True
2023091008,2865,54487,Quay Walker,OLB,3.6984114341872396,0.826881753688125,2.010310449433376,0.0,False
2023091008,2865,44911,Rasul Douglas,CB,4.914773101831295,0.826881753688125,2.010310449433376,0.0,False
2023091008,2865,45021,Rudy Ford,FS,4.902810163123211,0.826881753688125,2.010310449433376,0.0,False
2023091008,2921,47804,Darnell Savage,FS,5.525525156276471,1.1190581443259724,0.5611608341280094,0.0,False
2023091008,2921,46087,Jaire Alexander,CB,7.404803624929311,1.1190581443259724,0.5611608341280094,0.0,False
2023091008,2921,48241,Keisean Nixon,CB,1.6802189784539818,1.1190581443259724,0.5611608341280094,0.25313848370222547,True
2023091008,2921,54487,Quay Walker,OLB,4.788634353312943,1.1190581443259724,0.5611608341280094,0.0,False
2023091008,2921,44911,Rasul Douglas,CB,1.9333574621562073,1.1190581443259724,0.5611608341280094,0.0,False
2023091008,2921,45021,Rudy Ford,FS,7.6489886778952005,1.1190581443259724,0.5611608341280094,0.0,False
2023091008,3010,47804,Darnell Savage,FS,4.00315106315385,2.1673395549591983,0.6049084208110242,0.0,False
2023091008,3010,43404,De'Vondre Campbell,ILB,8.35697857461393,2.1673395549591983,0.6049084208110242,0.0,False
2023091008,3010,46087,Jaire Alexander,CB,9.671851065738425,2.1673395549591983,0.6049084208110242,0.0,False
2023091008,3010,48241,Keisean Nixon,CB,2.8867649411457923,2.1673395549591983,0.6049084208110242,0.0,False
2023091008,3010,54487,Quay Walker,OLB,4.2272160450023675,2.1673395549591983,0.6049084208110242,0.0,False
2023091008,3010,44911,Rasul Douglas,CB,2.7722479757702225,2.1673395549591983,0.6049084208110242,0.11451696537556977,True
2023091008,3178,44925,Eddie Jackson,FS,2.1883082615188827,1.6682628901970222,-0.022083549292792437,0.0,False
2023091008,3178,54513,Jaquan Brisker,SS,4.543535905005776,1.6682628901970222,-0.022083549292792437,0.0,False
2023091008,3178,52458,Jaylon Johnson,CB,1.6461793409042298,1.6682628901970222,-0.022083549292792437,0.32600843593311546,True
2023091008,3178,54807,Josh Blackwell,CB,1.9721877768373453,1.6682628901970222,-0.022083549292792437,0.0,False
2023091008,3178,48516,T.J. Edwards,OLB,7.485405580954444,1.6682628901970222,-0.022083549292792437,0.0,False
2023091008,3178,46085,Tremaine Edmunds,MLB,4.2194532315791955,1.6682628901970222,-0.022083549292792437,0.0,False
2023091008,3178,55921,Tyrique Stevenson,CB,4.170183833996039,1.6682628901970222,-0.022083549292792437,0.0,False
2023091008,3208,44925,Eddie Jackson,FS,6.450165765182603,2.3388159225453884,4.078073619829166,0.0,False
2023091008,3208,52458,Jaylon Johnson,CB,8.973799312724022,2.3388159225453884,4.078073619829166,0.0,False
2023091008,3208,54807,Josh Blackwell,CB,8.416033097945684,2.3388159225453884,4.078073619829166,0.0,False
2023091008,3208,48516,T.J. Edwards,OLB,6.788083185582049,2.3388159225453884,4.078073619829166,0.0,False
2023091008,3208,55921,Tyrique Stevenson,CB,6.416889542374554,2.3388159225453884,4.078073619829166,0.03327622280804832,True
2023091008,3254,44925,Eddie Jackson,FS,4.991221366212636,1.3809815506334548,0.09496384552602177,0.0,False
2023091008,3254,54513,Jaquan Brisker,SS,2.892002676803105,1.3809815506334548,0.09496384552602177,0.0,False
2023091008,3254,52458,Jaylon Johnson,CB,5.41003452269562,1.3809815506334548,0.09496384552602177,0.0,False
2023091008,3254,54807,Josh Blackwell,CB,6.117644096452382,1.3809815506334548,0.09496384552602177,0.0,False
2023091008,3254,48516,T.J. Edwards,OLB,3.474076006959591,1.3809815506334548,0.09496384552602177,0.0,False
2023091008,3254,46085,Tremaine Edmunds,MLB,3.214046188047626,1.3809815506334548,0.09496384552602177,0.0,False
2023091008,3254,55921,Tyrique Stevenson,CB,1.4759453961594766,1.3809815506334548,0.09496384552602177,1.4160572806436282,True
2023091008,3354,47804,Darnell Savage,FS,2.9168057231215276,0.9535221350413308,0.7401631254589254,0.0,False
2023091008,3354,43404,De'Vondre Campbell,ILB,2.9794232456713243,0.9535221350413308,0.7401631254589254,0.0,False
2023091008,3354,46087,Jaire Alexander,CB,1.9651868042001261,0.9535221350413308,0.7401631254589254,0.0,False
2023091008,3354,48241,Keisean Nixon,CB,5.217695549715487,0.9535221350413308,0.7401631254589254,0.0,False
2023091008,3354,54487,Quay Walker,OLB,1.6936852605002561,0.9535221350413308,0.7401631254589254,0.27150154369987,True
2023091008,3354,44911,Rasul Douglas,CB,4.0229775783908845,0.9535221350413308,0.7401631254589254,0.0,False
2023091008,3354,45021,Rudy Ford,FS,4.641770817991439,0.9535221350413308,0.7401631254589254,0.0,False
2023091008,3377,47804,Darnell Savage,FS,3.7292371587816557,1.4581644739179178,-0.49365280330928685,0.0,False
2023091008,3377,43404,De'Vondre Campbell,ILB,1.4525567077294912,1.4581644739179178,-0.49365280330928685,0.0,False
2023091008,3377,46087,Jaire Alexander,CB,3.815233223787368,1.4581644739179178,-0.49365280330928685,0.0,False
2023091008,3377,48241,Keisean Nixon,CB,3.702048770750191,1.4581644739179178,-0.49365280330928685,0.0,False
2023091008,3377,54487,Quay Walker,OLB,0.964511670608631,1.4581644739179178,-0.49365280330928685,0.4880450371208602,True
2023091008,3377,44911,Rasul Douglas,CB,4.9088956780640824,1.4581644739179178,-0.49365280330928685,0.0,False
2023091008,3377,45021,Rudy Ford,FS,3.7282686498978572,1.4581644739179178,-0.49365280330928685,0.0,False
2023091008,3495,47804,Darnell Savage,FS,4.817170771525336,0.8250333121456819,1.3057546745262585,0.0,False
2023091008,3495,43404,De'Vondre Campbell,ILB,2.4251383811393543,0.8250333121456819,1.3057546745262585,0.0,False
2023091008,3495,53649,Isaiah McDuffie,MLB,2.1307879866719404,0.8250333121456819,1.3057546745262585,0.29435039446741396,True
2023091008,3495,46087,Jaire Alexander,CB,5.221087036303681,0.8250333121456819,1.3057546745262585,0.0,False
2023091008,3495,48241,Keisean Nixon,CB,2.482617721404971,0.8250333121456819,1.3057546745262585,0.0,False
2023091008,3495,44911,Rasul Douglas,CB,5.509226733590437,0.8250333121456819,1.3057546745262585,0.0,False
2023091008,3495,45021,Rudy Ford,FS,3.965248638130064,0.8250333121456819,1.3057546745262585,0.0,False
2023091008,3745,44925,Eddie Jackson,FS,3.2408626093322126,2.7609453682450305,0.47991724108718214,0.1032411801268478,True
2023091008,3745,54513,Jaquan Brisker,SS,3.3441037894590604,2.7609453682450305,0.47991724108718214,0.0,False
2023091008,3745,52458,Jaylon Johnson,CB,9.140468228487432,2.7609453682450305,0.47991724108718214,0.0,False
2023091008,3745,54807,Josh Blackwell,CB,7.962513486924641,2.7609453682450305,0.47991724108718214,0.0,False
2023091008,3745,48516,T.J. Edwards,OLB,8.867867621577377,2.7609453682450305,0.47991724108718214,0.0,False
2023091008,3745,46085,Tremaine Edmunds,MLB,7.162550549032618,2.7609453682450305,0.47991724108718214,0.0,False
2023091008,3745,55921,Tyrique Stevenson,CB,5.096997602097942,2.7609453682450305,0.47991724108718214,0.0,False
2023091008,3826,47804,Darnell Savage,FS,6.6701597387071425,1.2921270304913264,0.6041922490761724,0.0,False
2023091008,3826,43404,De'Vondre Campbell,ILB,4.7162328697106535,1.2921270304913264,0.6041922490761724,0.0,False
2023091008,3826,46087,Jaire Alexander,CB,7.111679699328721,1.2921270304913264,0.6041922490761724,0.0,False
2023091008,3826,48241,Keisean Nixon,CB,6.304494201144724,1.2921270304913264,0.6041922490761724,0.0,False
2023091008,3826,44911,Rasul Douglas,CB,2.843099907130539,1.2921270304913264,0.6041922490761724,0.0,False
2023091008,3826,45021,Rudy Ford,FS,1.8963192795674988,1.2921270304913264,0.6041922490761724,0.9467806275630404,True
2023091008,3851,47804,Darnell Savage,FS,5.40466330321542,1.9176237727562573,0.2439617427933196,0.0,False
2023091008,3851,43404,De'Vondre Campbell,ILB,2.161585515549577,1.9176237727562573,0.2439617427933196,1.4849738422834768,True
2023091008,3851,53649,Isaiah McDuffie,MLB,4.948372312655123,1.9176237727562573,0.2439617427933196,0.0,False
2023091008,3851,46087,Jaire Alexander,CB,5.4030950963661395,1.9176237727562573,0.2439617427933196,0.0,False
2023091008,3851,48241,Keisean Nixon,CB,6.753140953611379,1.9176237727562573,0.2439617427933196,0.0,False
2023091008,3851,44911,Rasul Douglas,CB,3.6465593578330537,1.9176237727562573,0.2439617427933196,0.0,False
2023091008,3851,45021,Rudy Ford,FS,6.585761705802879,1.9176237727562573,0.2439617427933196,0.0,False
2023091008,3923,56097,Carrington Valentine,CB,7.235712656397573,0.44948499795084845,1.8212981446578256,0.0,False
2023091008,3923,47804,Darnell Savage,FS,5.806954342170837,0.44948499795084845,1.8212981446578256,0.0,False
2023091008,3923,43404,De'Vondre Campbell,ILB,3.1328977947634535,0.44948499795084845,1.8212981446578256,0.0,False
2023091008,3923,53649,Isaiah McDuffie,MLB,2.270783142608674,0.44948499795084845,1.8212981446578256,0.5555719936245451,True
2023091008,3923,48241,Keisean Nixon,CB,2.8263551362332193,0.44948499795084845,1.8212981446578256,0.0,False
2023091008,3923,44911,Rasul Douglas,CB,5.336555080277818,0.44948499795084845,1.8212981446578256,0.0,False
2023091008,3923,45021,Rudy Ford,FS,4.504125080407812,0.44948499795084845,1.8212981446578256,0.0,False
2023091008,3975,56097,Carrington Valentine,CB,7.764090171029129,1.1201153584826902,0.42213719269725747,0.0,False
2023091008,3975,43404,De'Vondre Campbell,ILB,4.326596581062237,1.1201153584826902,0.42213719269725747,0.0,False
2023091008,3975,53649,Isaiah McDuffie,MLB,3.081883931527987,1.1201153584826902,0.42213719269725747,0.0,False
2023091008,3975,46669,Jonathan Owens,SS,6.210045898868719,1.1201153584826902,0.42213719269725747,0.0,False
2023091008,3975,48241,Keisean Nixon,CB,6.551003669267167,1.1201153584826902,0.42213719269725747,0.0,False
2023091008,3975,44911,Rasul Douglas,CB,1.5422525511799476,1.1201153584826902,0.42213719269725747,1.5396313803480395,True
2023091008,3975,45021,Rudy Ford,FS,4.664590510479141,1.1201153584826902,0.42213719269725747,0.0,False
2023091008,3998,56097,Carrington Valentine,CB,8.689434839066664,0.603151887648874,1.4326592959814226,0.0,False
2023091008,3998,43404,De'Vondre Campbell,ILB,4.705269836930055,0.603151887648874,1.4326592959814226,0.0,False
2023091008,3998,46669,Jonathan Owens,SS,5.3538444740227025,0.603151887648874,1.4326592959814226,0.0,False
2023091008,3998,48241,Keisean Nixon,CB,7.269575180593214,0.603151887648874,1.4326592959814226,0.0,False
2023091008,3998,44911,Rasul Douglas,CB,2.279555974518667,0.603151887648874,1.4326592959814226,0.0,False
2023091008,3998,45021,Rudy Ford,FS,2.0358111836302966,0.603151887648874,1.4326592959814226,0.2437447908883703,True
2023091008,4021,56097,Carrington Valentine,CB,3.418874370506571,0.8672137212401061,0.7818940558820091,0.0,False
2023091008,4021,43404,De'Vondre Campbell,ILB,2.52377825576142,0.8672137212401061,0.7818940558820091,0.0,False
2023091008,4021,46669,Jonathan Owens,SS,4.256979042183744,0.8672137212401061,0.7818940558820091,0.0,False
2023091008,4021,48241,Keisean Nixon,CB,1.6491077771221152,0.8672137212401061,0.7818940558820091,0.8746704786393049,True
2023091008,4021,44911,Rasul Douglas,CB,6.374027623327887,0.8672137212401061,0.7818940558820091,0.0,False
2023091008,4021,45021,Rudy Ford,FS,4.5883833805021785,0.8672137212401061,0.7818940558820091,0.0,False
2023091008,4051,56097,Carrington Valentine,CB,7.335433659673333,0.6900965840083809,1.8372075841673352,0.0,False
2023091008,4051,43404,De'Vondre Campbell,ILB,4.4124784395453895,0.6900965840083809,1.8372075841673352,0.0,False
2023091008,4051,45215,Eric Wilson,ILB,3.113438305638013,0.6900965840083809,1.8372075841673352,0.0,False
2023091008,4051,46669,Jonathan Owens,SS,4.791507583987407,0.6900965840083809,1.8372075841673352,0.0,False
2023091008,4051,48241,Keisean Nixon,CB,2.527304168175716,0.6900965840083809,1.8372075841673352,0.586134137462297,True
2023091008,4051,44911,Rasul Douglas,CB,4.293957622949587,0.6900965840083809,1.8372075841673352,0.0,False
2023091008,4051,45021,Rudy Ford,FS,6.921104146503447,0.6900965840083809,1.8372075841673352,0.0,False
2023091008,4083,56097,Carrington Valentine,CB,5.696773056037195,0.9267040294788493,1.1305165654356404,0.0,False
2023091008,4083,43404,De'Vondre Campbell,ILB,2.329259745386911,0.9267040294788493,1.1305165654356404,0.0,False
2023091008,4083,45215,Eric Wilson,ILB,3.1824666961521935,0.9267040294788493,1.1305165654356404,0.0,False
2023091008,4083,46669,Jonathan Owens,SS,2.0572205949144897,0.9267040294788493,1.1305165654356404,0.2720391504724211,True
2023091008,4083,48241,Keisean Nixon,CB,4.255725309602911,0.9267040294788493,1.1305165654356404,0.0,False
2023091008,4083,44911,Rasul Douglas,CB,2.5255807555819567,0.9267040294788493,1.1305165654356404,0.0,False
2023091008,4083,45021,Rudy Ford,FS,4.876192398290613,0.9267040294788493,1.1305165654356404,0.0,False
2023091008,4452,56097,Carrington Valentine,CB,3.8901928925262537,1.0510893383152828,1.3511839092334952,0.0,False
2023091008,4452,46908,Dallin Leavitt,SS,6.141650630422438,1.0510893383152828,1.3511839092334952,0.0,False
2023091008,4452,45215,Eric Wilson,ILB,3.9157220558197965,1.0510893383152828,1.3511839092334952,0.0,False
2023091008,4452,53187,Innis Gaines,SS,3.3496280121994966,1.0510893383152828,1.3511839092334952,0.0,False
2023091008,4452,53649,Isaiah McDuffie,MLB,6.159568472551724,1.0510893383152828,1.3511839092334952,0.0,False
2023091008,4452,46669,Jonathan Owens,SS,2.402273247548778,1.0510893383152828,1.3511839092334952,0.9473547646507188,True
2023091008,4452,44911,Rasul Douglas,CB,7.0016197450970985,1.0510893383152828,1.3511839092334952,0.0,False
2023091008,4491,56097,Carrington Valentine,CB,8.995998206244078,0.6583863208039251,2.219666841980806,0.0,False
2023091008,4491,46908,Dallin Leavitt,SS,6.593208903718796,0.6583863208039251,2.219666841980806,0.0,False
2023091008,4491,45215,Eric Wilson,ILB,5.105852414487239,0.6583863208039251,2.219666841980806,0.0,False
2023091008,4491,53187,Innis Gaines,SS,2.878053162784731,0.6583863208039251,2.219666841980806,2.227799251702508,True
2023091008,4491,53649,Isaiah McDuffie,MLB,8.069973512576517,0.6583863208039251,2.219666841980806,0.0,False
2023091008,4491,46669,Jonathan Owens,SS,7.817353712788292,0.6583863208039251,2.219666841980806,0.0,False
2023091008,4491,44911,Rasul Douglas,CB,6.145471446393733,0.6583863208039251,2.219666841980806,0.0,False
2023091008,4514,56097,Carrington Valentine,CB,5.779419553359339,0.4929185973020565,2.2500189945699716,0.0,False
2023091008,4514,46908,Dallin Leavitt,SS,3.905614176271807,0.4929185973020565,2.2500189945699716,0.0,False
2023091008,4514,45215,Eric Wilson,ILB,2.7429375918720282,0.4929185973020565,2.2500189945699716,0.10784511702809496,True
2023091008,4514,53187,Innis Gaines,SS,2.850782708900123,0.4929185973020565,2.2500189945699716,0.0,False
2023091008,4514,53649,Isaiah McDuffie,MLB,5.514960770465379,0.4929185973020565,2.2500189945699716,0.0,False
2023091008,4514,46669,Jonathan Owens,SS,5.766764789324416,0.4929185973020565,2.2500189945699716,0.0,False
2023091008,4514,44911,Rasul Douglas,CB,4.546675679962333,0.4929185973020565,2.2500189945699716,0.0,False
2023091008,4539,56097,Carrington Valentine,CB,5.570849382286575,0.9966488532550122,1.1854949450442962,0.0,False
2023091008,4539,46908,Dallin Leavitt,SS,2.8236756436849086,0.9966488532550122,1.1854949450442962,0.0,False
2023091008,4539,45215,Eric Wilson,ILB,3.7580074331230344,0.9966488532550122,1.1854949450442962,0.0,False
2023091008,4539,53187,Innis Gaines,SS,3.442246209050846,0.9966488532550122,1.1854949450442962,0.0,False
2023091008,4539,53649,Isaiah McDuffie,MLB,2.1821437982993084,0.9966488532550122,1.1854949450442962,0.6415318453856003,True
2023091008,4539,46669,Jonathan Owens,SS,5.980568863611625,0.9966488532550122,1.1854949450442962,0.0,False
2023091008,4539,44911,Rasul Douglas,CB,4.097328101596277,0.9966488532550122,1.1854949450442962,0.0,False
2023091009,103,42929,Alex Singleton,ILB,2.371304220930078,0.9487363581547914,0.196560289943996,0.0,False
2023091009,103,54580,Damarri Mathis,CB,4.083366570768489,0.9487363581547914,0.196560289943996,0.0,False
2023091009,103,46175,Josey Jewell,ILB,1.5136121128566116,0.9487363581547914,0.196560289943996,0.0,False
2023091009,103,43387,Justin Simmons,FS,2.792148319964311,0.9487363581547914,0.196560289943996,0.0,False
2023091009,103,35459,Kareem Jackson,SS,3.327189953281771,0.9487363581547914,0.196560289943996,0.0,False
2023091009,103,53438,Pat Surtain II,CB,1.1452966480987874,0.9487363581547914,0.196560289943996,0.3683154647578242,True
2023091009,306,42929,Alex Singleton,ILB,2.2373474961976734,1.212769482340121,0.18796257121611992,0.0,False
2023091009,306,54580,Damarri Mathis,CB,1.4007320535562409,1.212769482340121,0.18796257121611992,0.8366154426414325,True
2023091009,306,52764,Essang Bassey,CB,7.682724559879597,1.212769482340121,0.18796257121611992,0.0,False
2023091009,306,46175,Josey Jewell,ILB,3.104205239819285,1.212769482340121,0.18796257121611992,0.0,False
2023091009,306,43387,Justin Simmons,FS,6.827769722139333,1.212769482340121,0.18796257121611992,0.0,False
2023091009,306,35459,Kareem Jackson,SS,2.865788706107025,1.212769482340121,0.18796257121611992,0.0,False
2023091009,306,53438,Pat Surtain II,CB,6.660690573789051,1.212769482340121,0.18796257121611992,0.0,False
2023091009,417,53509,Divine Deablo,ILB,6.890883345626659,1.26762847610469,0.5672788417733194,0.0,False
2023091009,417,55969,Jakorian Bennett,CB,7.006017587179354,1.26762847610469,0.5672788417733194,0.0,False
2023091009,417,47974,Marcus Epps,SS,3.8128828732275624,1.26762847610469,0.5672788417733194,0.0,False
2023091009,417,42361,Marcus Peters,CB,2.614097496639962,1.26762847610469,0.5672788417733194,0.0,False
2023091009,417,53596,Nate Hobbs,CB,1.8349073178780095,1.26762847610469,0.5672788417733194,0.7791901787619526,True
2023091009,417,46902,Robert Spillane,ILB,4.0992242625280655,1.26762847610469,0.5672788417733194,0.0,False
2023091009,417,53472,Tre'von Moehrig,SS,5.125360445692166,1.26762847610469,0.5672788417733194,0.0,False
2023091009,442,55969,Jakorian Bennett,CB,2.3990884138746065,1.4297519027208507,0.5147213137507376,0.0,False
2023091009,442,47974,Marcus Epps,SS,1.9444732164715883,1.4297519027208507,0.5147213137507376,0.45461519740301815,True
2023091009,442,42361,Marcus Peters,CB,2.864765397630519,1.4297519027208507,0.5147213137507376,0.0,False
2023091009,442,53596,Nate Hobbs,CB,3.431084700131214,1.4297519027208507,0.5147213137507376,0.0,False
2023091009,442,46902,Robert Spillane,ILB,3.420349707359055,1.4297519027208507,0.5147213137507376,0.0,False
2023091009,442,53472,Tre'von Moehrig,SS,7.7016068973667045,1.4297519027208507,0.5147213137507376,0.0,False
2023091009,511,53509,Divine Deablo,ILB,2.9898806449359476,0.7821418781208743,1.8808166368196186,0.0,False
2023091009,511,55969,Jakorian Bennett,CB,5.282126270935243,0.7821418781208743,1.8808166368196186,0.0,False
2023091009,511,47974,Marcus Epps,SS,6.950131616352078,0.7821418781208743,1.8808166368196186,0.0,False
2023091009,511,42361,Marcus Peters,CB,6.504598064506518,0.7821418781208743,1.8808166368196186,0.0,False
2023091009,511,53596,Nate Hobbs,CB,4.137232121820776,0.7821418781208743,1.8808166368196186,0.0,False
2023091009,511,46902,Robert Spillane,ILB,2.662958514940493,0.7821418781208743,1.8808166368196186,0.31986760486888555,True
2023091009,511,53472,Tre'von Moehrig,SS,2.9828261198093786,0.7821418781208743,1.8808166368196186,0.0,False
2023091009,570,53509,Divine Deablo,ILB,7.331184669176331,1.1575706236599725,0.6793232739100821,0.0,False
2023091009,570,55969,Jakorian Bennett,CB,5.06256800291566,1.1575706236599725,0.6793232739100821,0.0,False
2023091009,570,47974,Marcus Epps,SS,3.8963119433444087,1.1575706236599725,0.6793232739100821,0.0,False
2023091009,570,42361,Marcus Peters,CB,1.8368938975700546,1.1575706236599725,0.6793232739100821,0.9678038227186718,True
2023091009,570,53596,Nate Hobbs,CB,2.8046977202887264,1.1575706236599725,0.6793232739100821,0.0,False
2023091009,570,46902,Robert Spillane,ILB,3.5349173183909715,1.1575706236599725,0.6793232739100821,0.0,False
2023091009,570,53472,Tre'von Moehrig,SS,4.237031602323984,1.1575706236599725,0.6793232739100821,0.0,False
2023091009,681,53509,Divine Deablo,ILB,3.010415093786667,1.3210513792867644,0.9155387828335497,0.0,False
2023091009,681,55969,Jakorian Bennett,CB,2.236590162120314,1.3210513792867644,0.9155387828335497,0.7738249316663528,True
2023091009,681,47974,Marcus Epps,SS,3.8564833470848967,1.3210513792867644,0.9155387828335497,0.0,False
2023091009,681,42361,Marcus Peters,CB,7.861964303704292,1.3210513792867644,0.9155387828335497,0.0,False
2023091009,681,53596,Nate Hobbs,CB,3.1435537254725845,1.3210513792867644,0.9155387828335497,0.0,False
2023091009,681,46902,Robert Spillane,ILB,3.361795790817906,1.3210513792867644,0.9155387828335497,0.0,False
2023091009,681,53472,Tre'von Moehrig,SS,3.3925745701647227,1.3210513792867644,0.9155387828335497,0.0,False
2023091009,750,53509,Divine Deablo,ILB,3.651304461529547,1.0607421992777313,0.35801608904605975,0.0,False
2023091009,750,55969,Jakorian Bennett,CB,3.938918527698914,1.0607421992777313,0.35801608904605975,0.0,False
2023091009,750,47974,Marcus Epps,SS,2.5896893344467107,1.0607421992777313,0.35801608904605975,0.0,False
2023091009,750,42361,Marcus Peters,CB,2.822575687043628,1.0607421992777313,0.35801608904605975,0.0,False
2023091009,750,53596,Nate Hobbs,CB,1.418758288323791,1.0607421992777313,0.35801608904605975,0.6954766993996149,True
2023091009,750,46902,Robert Spillane,ILB,2.218972052994541,1.0607421992777313,0.35801608904605975,0.0,False
2023091009,750,53472,Tre'von Moehrig,SS,2.114234987723406,1.0607421992777313,0.35801608904605975,0.0,False
2023091009,797,53509,Divine Deablo,ILB,2.3026214517423154,1.3155004778398975,0.10476560126182255,0.0,False
2023091009,797,55969,Jakorian Bennett,CB,8.166851510016533,1.3155004778398975,0.10476560126182255,0.0,False
2023091009,797,47974,Marcus Epps,SS,1.42026607910172,1.3155004778398975,0.10476560126182255,0.04745614425698785,True
2023091009,797,42361,Marcus Peters,CB,1.5053067020087745,1.3155004778398975,0.10476560126182255,0.0,False
2023091009,797,53596,Nate Hobbs,CB,4.324897310481357,1.3155004778398975,0.10476560126182255,0.0,False
2023091009,797,46902,Robert Spillane,ILB,2.4965862221085535,1.3155004778398975,0.10476560126182255,0.0,False
2023091009,797,53472,Tre'von Moehrig,SS,1.467722223358708,1.3155004778398975,0.10476560126182255,0.0,False
2023091009,861,42929,Alex Singleton,ILB,2.4275267877462743,0.803708401155864,1.6238183865904103,0.5532724131476425,True
2023091009,861,54580,Damarri Mathis,CB,3.135305016177601,0.803708401155864,1.6238183865904103,0.0,False
2023091009,861,53668,Jonathon Cooper,OLB,4.808705268088619,0.803708401155864,1.6238183865904103,0.0,False
2023091009,861,46175,Josey Jewell,ILB,3.578112651837886,0.803708401155864,1.6238183865904103,0.0,False
2023091009,861,43387,Justin Simmons,FS,6.081055020467964,0.803708401155864,1.6238183865904103,0.0,False
2023091009,861,35459,Kareem Jackson,SS,2.980799200893917,0.803708401155864,1.6238183865904103,0.0,False
2023091009,861,53438,Pat Surtain II,CB,5.765761535407027,0.803708401155864,1.6238183865904103,0.0,False
2023091009,953,42929,Alex Singleton,ILB,3.913967523447832,1.4465260598750018,0.7285690928389914,0.0,False
2023091009,953,54580,Damarri Mathis,CB,2.1750951527139932,1.4465260598750018,0.7285690928389914,0.7488462966492615,True
2023091009,953,46175,Josey Jewell,ILB,2.9239414493632547,1.4465260598750018,0.7285690928389914,0.0,False
2023091009,953,43387,Justin Simmons,FS,4.502409664397955,1.4465260598750018,0.7285690928389914,0.0,False
2023091009,953,35459,Kareem Jackson,SS,7.3816314510767596,1.4465260598750018,0.7285690928389914,0.0,False
2023091009,953,53438,Pat Surtain II,CB,4.415221719292639,1.4465260598750018,0.7285690928389914,0.0,False
2023091009,987,54580,Damarri Mathis,CB,1.607829789392559,1.4403424611955953,0.16748732819696377,1.3714079096564133,True
2023091009,987,53668,Jonathon Cooper,OLB,3.2159703077242185,1.4403424611955953,0.16748732819696377,0.0,False
2023091009,987,46175,Josey Jewell,ILB,5.080481135392373,1.4403424611955953,0.16748732819696377,0.0,False
2023091009,987,43387,Justin Simmons,FS,2.9792376990489724,1.4403424611955953,0.16748732819696377,0.0,False
2023091009,987,35459,Kareem Jackson,SS,8.343118746858789,1.4403424611955953,0.16748732819696377,0.0,False
2023091009,987,53438,Pat Surtain II,CB,5.698051754010951,1.4403424611955953,0.16748732819696377,0.0,False
2023091009,1017,42929,Alex Singleton,ILB,3.143767404699107,0.9279560897616026,0.39464049348409325,0.0,False
2023091009,1017,54580,Damarri Mathis,CB,7.255592940642042,0.9279560897616026,0.39464049348409325,0.0,False
2023091009,1017,53668,Jonathon Cooper,OLB,5.230091607694211,0.9279560897616026,0.39464049348409325,0.0,False
2023091009,1017,46175,Josey Jewell,ILB,4.098422130021472,0.9279560897616026,0.39464049348409325,0.0,False
2023091009,1017,43387,Justin Simmons,FS,1.3225965832456958,0.9279560897616026,0.39464049348409325,1.8211708214534112,True
2023091009,1017,35459,Kareem Jackson,SS,5.970195120363889,0.9279560897616026,0.39464049348409325,0.0,False
2023091009,1017,53438,Pat Surtain II,CB,3.3697650773426915,0.9279560897616026,0.39464049348409325,0.0,False
2023091009,1097,42929,Alex Singleton,ILB,2.853839371035812,1.095554621669889,0.020472215300002317,0.0,False
2023091009,1097,54580,Damarri Mathis,CB,1.2206593456295534,1.095554621669889,0.020472215300002317,0.0,False
2023091009,1097,52764,Essang Bassey,CB,1.1160268369698914,1.095554621669889,0.020472215300002317,0.104632508659662,True
2023091009,1097,44893,Fabian Moreau,CB,5.221365138537392,1.095554621669889,0.020472215300002317,0.0,False
2023091009,1097,43387,Justin Simmons,FS,2.6124613016701246,1.095554621669889,0.020472215300002317,0.0,False
2023091009,1097,35459,Kareem Jackson,SS,3.5694759573781867,1.095554621669889,0.020472215300002317,0.0,False
2023091009,1097,53438,Pat Surtain II,CB,3.08623876908552,1.095554621669889,0.020472215300002317,0.0,False
2023091009,1212,55969,Jakorian Bennett,CB,6.228688790248769,1.1450109134149777,0.31649675874764505,0.0,False
2023091009,1212,47974,Marcus Epps,SS,4.903422837413182,1.1450109134149777,0.31649675874764505,0.0,False
2023091009,1212,42361,Marcus Peters,CB,1.4615076721626228,1.1450109134149777,0.31649675874764505,1.6949648429473712,True
2023091009,1212,53596,Nate Hobbs,CB,5.004552263094052,1.1450109134149777,0.31649675874764505,0.0,False
2023091009,1212,46902,Robert Spillane,ILB,3.5649547131494344,1.1450109134149777,0.31649675874764505,0.0,False
2023091009,1212,53472,Tre'von Moehrig,SS,3.156472515109994,1.1450109134149777,0.31649675874764505,0.0,False
2023091009,1507,42929,Alex Singleton,ILB,2.769063430092791,0.5641547152292636,0.7876407133362071,0.0,False
2023091009,1507,54580,Damarri Mathis,CB,6.547499969257078,0.5641547152292636,0.7876407133362071,0.0,False
2023091009,1507,46175,Josey Jewell,ILB,4.823735403802079,0.5641547152292636,0.7876407133362071,0.0,False
2023091009,1507,43387,Justin Simmons,FS,2.359277405828234,0.5641547152292636,0.7876407133362071,0.0,False
2023091009,1507,35459,Kareem Jackson,SS,4.393448155903041,0.5641547152292636,0.7876407133362071,0.0,False
2023091009,1507,54529,Nik Bonitto,OLB,6.265435379506321,0.5641547152292636,0.7876407133362071,0.0,False
2023091009,1507,53438,Pat Surtain II,CB,1.3517954285654707,0.5641547152292636,0.7876407133362071,1.0074819772627635,True
2023091009,1561,54580,Damarri Mathis,CB,4.544421742723093,1.115547748443837,0.12605300357186944,0.0,False
2023091009,1561,42406,Frank Clark,OLB,3.971127147028904,1.115547748443837,0.12605300357186944,0.0,False
2023091009,1561,46175,Josey Jewell,ILB,1.9073318561128627,1.115547748443837,0.12605300357186944,0.0,False
2023091009,1561,43387,Justin Simmons,FS,2.9113702788862446,1.115547748443837,0.12605300357186944,0.0,False
2023091009,1561,35459,Kareem Jackson,SS,4.035256009726376,1.115547748443837,0.12605300357186944,0.0,False
2023091009,1561,53438,Pat Surtain II,CB,1.2416007520157064,1.115547748443837,0.12605300357186944,0.6657311040971563,True
2023091009,1621,42929,Alex Singleton,ILB,1.5357511168578222,0.9935114084972307,0.5422397083605914,0.15474234526370134,True
2023091009,1621,54580,Damarri Mathis,CB,1.6904934621215235,0.9935114084972307,0.5422397083605914,0.0,False
2023091009,1621,52764,Essang Bassey,CB,4.290310358412754,0.9935114084972307,0.5422397083605914,0.0,False
2023091009,1621,46175,Josey Jewell,ILB,2.7719323381860215,0.9935114084972307,0.5422397083605914,0.0,False
2023091009,1621,43387,Justin Simmons,FS,2.07548271117449,0.9935114084972307,0.5422397083605914,0.0,False
2023091009,1621,35459,Kareem Jackson,SS,5.7765334791569165,0.9935114084972307,0.5422397083605914,0.0,False
2023091009,1621,53438,Pat Surtain II,CB,7.332243061880957,0.9935114084972307,0.5422397083605914,0.0,False
2023091009,1680,53509,Divine Deablo,ILB,2.8322718805071085,1.4259394143406583,0.21967215015492791,0.0,False
2023091009,1680,55969,Jakorian Bennett,CB,1.6456115644955862,1.4259394143406583,0.21967215015492791,1.1866603160115223,True
2023091009,1680,47974,Marcus Epps,SS,7.1707204372190345,1.4259394143406583,0.21967215015492791,0.0,False
2023091009,1680,42361,Marcus Peters,CB,5.133960832723777,1.4259394143406583,0.21967215015492791,0.0,False
2023091009,1680,53596,Nate Hobbs,CB,3.5755826935894186,1.4259394143406583,0.21967215015492791,0.0,False
2023091009,1680,46902,Robert Spillane,ILB,4.314488605760296,1.4259394143406583,0.21967215015492791,0.0,False
2023091009,1680,53472,Tre'von Moehrig,SS,4.515288323138021,1.4259394143406583,0.21967215015492791,0.0,False
2023091009,1710,53509,Divine Deablo,ILB,2.488753585876551,0.7253994080574324,0.3419847006823993,0.0,False
2023091009,1710,55969,Jakorian Bennett,CB,4.456162876821593,0.7253994080574324,0.3419847006823993,0.0,False
2023091009,1710,47974,Marcus Epps,SS,3.814214868858657,0.7253994080574324,0.3419847006823993,0.0,False
2023091009,1710,42361,Marcus Peters,CB,4.304248250250677,0.7253994080574324,0.3419847006823993,0.0,False
2023091009,1710,53596,Nate Hobbs,CB,2.466189990021819,0.7253994080574324,0.3419847006823993,0.0,False
2023091009,1710,46902,Robert Spillane,ILB,1.0673841087398317,0.7253994080574324,0.3419847006823993,1.3988058812819875,True
2023091009,1710,53472,Tre'von Moehrig,SS,4.060426535936436,0.7253994080574324,0.3419847006823993,0.0,False
2023091009,1735,53509,Divine Deablo,ILB,1.052134188273693,0.5599291279914189,0.49220506028227407,0.5025852094497705,True
2023091009,1735,55969,Jakorian Bennett,CB,5.386115597983875,0.5599291279914189,0.49220506028227407,0.0,False
2023091009,1735,47974,Marcus Epps,SS,4.4106150047115396,0.5599291279914189,0.49220506028227407,0.0,False
2023091009,1735,42361,Marcus Peters,CB,4.882806388847991,0.5599291279914189,0.49220506028227407,0.0,False
2023091009,1735,53596,Nate Hobbs,CB,3.1152714733941314,0.5599291279914189,0.49220506028227407,0.0,False
2023091009,1735,46902,Robert Spillane,ILB,1.5547193977234635,0.5599291279914189,0.49220506028227407,0.0,False
2023091009,1735,53472,Tre'von Moehrig,SS,5.7556007531100795,0.5599291279914189,0.49220506028227407,0.0,False
2023091009,1772,53509,Divine Deablo,ILB,5.290088341713684,0.8894156043108354,0.9110902950530881,0.0,False
2023091009,1772,55969,Jakorian Bennett,CB,3.654515988898028,0.8894156043108354,0.9110902950530881,0.0,False
2023091009,1772,47974,Marcus Epps,SS,6.529938747799692,0.8894156043108354,0.9110902950530881,0.0,False
2023091009,1772,42361,Marcus Peters,CB,7.74228804569746,0.8894156043108354,0.9110902950530881,0.0,False
2023091009,1772,53596,Nate Hobbs,CB,1.8005058993639236,0.8894156043108354,0.9110902950530881,1.436344397659225,True
2023091009,1772,46902,Robert Spillane,ILB,3.2368502970231487,0.8894156043108354,0.9110902950530881,0.0,False
2023091009,1772,53472,Tre'von Moehrig,SS,5.79999737851545,0.8894156043108354,0.9110902950530881,0.0,False
2023091009,1802,53509,Divine Deablo,ILB,1.3088054251282328,0.9236306135353307,0.3851748115929021,2.4213447602806655,True
2023091009,1802,55969,Jakorian Bennett,CB,3.7301501854088985,0.9236306135353307,0.3851748115929021,0.0,False
2023091009,1802,47974,Marcus Epps,SS,7.125596262936887,0.9236306135353307,0.3851748115929021,0.0,False
2023091009,1802,42361,Marcus Peters,CB,6.656678452443002,0.9236306135353307,0.3851748115929021,0.0,False
2023091009,1802,53596,Nate Hobbs,CB,6.024590557930805,0.9236306135353307,0.3851748115929021,0.0,False
2023091009,1802,46902,Robert Spillane,ILB,4.7898078568787374,0.9236306135353307,0.3851748115929021,0.0,False
2023091009,1802,53472,Tre'von Moehrig,SS,5.03815499838798,0.9236306135353307,0.3851748115929021,0.0,False
2023091009,1827,53509,Divine Deablo,ILB,1.445877287230825,0.9598002545738011,0.2512348691776696,0.0,False
2023091009,1827,55969,Jakorian Bennett,CB,1.671779055743955,0.9598002545738011,0.2512348691776696,0.0,False
2023091009,1827,47974,Marcus Epps,SS,5.719574034557456,0.9598002545738011,0.2512348691776696,0.0,False
2023091009,1827,42361,Marcus Peters,CB,8.624393723521104,0.9598002545738011,0.2512348691776696,0.0,False
2023091009,1827,53596,Nate Hobbs,CB,6.999582813619308,0.9598002545738011,0.2512348691776696,0.0,False
2023091009,1827,46902,Robert Spillane,ILB,5.167148631639384,0.9598002545738011,0.2512348691776696,0.0,False
2023091009,1827,53472,Tre'von Moehrig,SS,1.2110351237514707,0.9598002545738011,0.2512348691776696,0.23484216347935427,True
2023091009,1886,53509,Divine Deablo,ILB,1.692858591438464,1.1081114225335185,0.38174269073303835,0.0,False
2023091009,1886,55969,Jakorian Bennett,CB,1.6920500510123784,1.1081114225335185,0.38174269073303835,0.0,False
2023091009,1886,47974,Marcus Epps,SS,3.2220406553383656,1.1081114225335185,0.38174269073303835,0.0,False
2023091009,1886,42361,Marcus Peters,CB,3.652954639386185,1.1081114225335185,0.38174269073303835,0.0,False
2023091009,1886,53596,Nate Hobbs,CB,5.046394250301813,1.1081114225335185,0.38174269073303835,0.0,False
2023091009,1886,46902,Robert Spillane,ILB,3.0228299130617318,1.1081114225335185,0.38174269073303835,0.0,False
2023091009,1886,53472,Tre'von Moehrig,SS,1.4898541132665568,1.1081114225335185,0.38174269073303835,0.20219593774582156,True
2023091009,1946,53509,Divine Deablo,ILB,2.519021347102905,1.1150503401473149,0.40918540673380943,0.0,False
2023091009,1946,55969,Jakorian Bennett,CB,7.972594164671342,1.1150503401473149,0.40918540673380943,0.0,False
2023091009,1946,47974,Marcus Epps,SS,1.5242357468811243,1.1150503401473149,0.40918540673380943,0.948686269767993,True
2023091009,1946,42361,Marcus Peters,CB,2.4729220166491173,1.1150503401473149,0.40918540673380943,0.0,False
2023091009,1946,53596,Nate Hobbs,CB,7.250221186554128,1.1150503401473149,0.40918540673380943,0.0,False
2023091009,1946,46902,Robert Spillane,ILB,2.8167221999602736,1.1150503401473149,0.40918540673380943,0.0,False
2023091009,1946,53472,Tre'von Moehrig,SS,4.395401226765923,1.1150503401473149,0.40918540673380943,0.0,False
2023091009,2102,53509,Divine Deablo,ILB,5.51559368299121,1.5069341361110122,0.9026711258204394,0.0,False
2023091009,2102,55969,Jakorian Bennett,CB,2.594825049486694,1.5069341361110122,0.9026711258204394,0.0,False
2023091009,2102,47974,Marcus Epps,SS,2.4096052619314516,1.5069341361110122,0.9026711258204394,0.18521978755524238,True
2023091009,2102,42361,Marcus Peters,CB,3.930317449433274,1.5069341361110122,0.9026711258204394,0.0,False
2023091009,2102,53596,Nate Hobbs,CB,7.419123481574103,1.5069341361110122,0.9026711258204394,0.0,False
2023091009,2102,46902,Robert Spillane,ILB,4.1801769605383985,1.5069341361110122,0.9026711258204394,0.0,False
2023091009,2102,48581,Roderic Teamer,SS,3.6382667762264203,1.5069341361110122,0.9026711258204394,0.0,False
2023091009,2430,54580,Damarri Mathis,CB,3.535281227157991,2.1753340442936593,-0.04263547741277485,0.0,False
2023091009,2430,52764,Essang Bassey,CB,5.108761896303213,2.1753340442936593,-0.04263547741277485,0.0,False
2023091009,2430,43387,Justin Simmons,FS,9.317790084211335,2.1753340442936593,-0.04263547741277485,0.0,False
2023091009,2430,35459,Kareem Jackson,SS,2.8973157651865233,2.1753340442936593,-0.04263547741277485,0.0,False
2023091009,2430,53438,Pat Surtain II,CB,2.1326985668808844,2.1753340442936593,-0.04263547741277485,0.7646171983056389,True
2023091009,2499,42929,Alex Singleton,ILB,1.9908546926845716,1.1314863722587947,0.17340741592657483,0.0,False
2023091009,2499,54580,Damarri Mathis,CB,4.1689631219309575,1.1314863722587947,0.17340741592657483,0.0,False
2023091009,2499,52764,Essang Bassey,CB,1.6596223048620096,1.1314863722587947,0.17340741592657483,0.0,False
2023091009,2499,46175,Josey Jewell,ILB,2.1333080258104538,1.1314863722587947,0.17340741592657483,0.0,False
2023091009,2499,43387,Justin Simmons,FS,1.3048937881853695,1.1314863722587947,0.17340741592657483,0.35472851667664007,True
2023091009,2499,35459,Kareem Jackson,SS,4.12580921309248,1.1314863722587947,0.17340741592657483,0.0,False
2023091009,2499,53438,Pat Surtain II,CB,3.0404332348918572,1.1314863722587947,0.17340741592657483,0.0,False
2023091009,2546,54580,Damarri Mathis,CB,1.9514188266632146,0.8093598268431197,1.142058999820095,0.2532373505581935,True
2023091009,2546,52764,Essang Bassey,CB,6.222456063883757,0.8093598268431197,1.142058999820095,0.0,False
2023091009,2546,46175,Josey Jewell,ILB,2.818525255684043,0.8093598268431197,1.142058999820095,0.0,False
2023091009,2546,43387,Justin Simmons,FS,4.067102144584938,0.8093598268431197,1.142058999820095,0.0,False
2023091009,2546,35459,Kareem Jackson,SS,2.204656177221408,0.8093598268431197,1.142058999820095,0.0,False
2023091009,2546,54529,Nik Bonitto,OLB,4.475191038777228,0.8093598268431197,1.142058999820095,0.0,False
2023091009,2546,53438,Pat Surtain II,CB,5.475929320372619,0.8093598268431197,1.142058999820095,0.0,False
2023091009,2609,42929,Alex Singleton,ILB,1.5642070508260275,1.2831894862945166,0.24884813715325516,0.0,False
2023091009,2609,54580,Damarri Mathis,CB,2.175546011313108,1.2831894862945166,0.24884813715325516,0.0,False
2023091009,2609,46175,Josey Jewell,ILB,2.821859530621728,1.2831894862945166,0.24884813715325516,0.0,False
2023091009,2609,43387,Justin Simmons,FS,1.5320376234477717,1.2831894862945166,0.24884813715325516,0.03216942737825579,True
2023091009,2609,35459,Kareem Jackson,SS,6.40657660472042,1.2831894862945166,0.24884813715325516,0.0,False
2023091009,2609,53438,Pat Surtain II,CB,3.4143353860394723,1.2831894862945166,0.24884813715325516,0.0,False
2023091009,2634,42929,Alex Singleton,ILB,4.306145444947226,0.7908378580044642,1.1423321404737092,0.0,False
2023091009,2634,54580,Damarri Mathis,CB,2.7969450787533874,0.7908378580044642,1.1423321404737092,0.0,False
2023091009,2634,42406,Frank Clark,OLB,1.9331699984781734,0.7908378580044642,1.1423321404737092,0.863775080275214,True
2023091009,2634,46175,Josey Jewell,ILB,3.755266634415544,0.7908378580044642,1.1423321404737092,0.0,False
2023091009,2634,43387,Justin Simmons,FS,5.207727019913368,0.7908378580044642,1.1423321404737092,0.0,False
2023091009,2634,35459,Kareem Jackson,SS,6.872844365909106,0.7908378580044642,1.1423321404737092,0.0,False
2023091009,2634,53438,Pat Surtain II,CB,9.12217321053731,0.7908378580044642,1.1423321404737092,0.0,False
2023091009,2826,42929,Alex Singleton,ILB,5.9379815173363095,0.9191210329876103,0.17821811811275623,0.0,False
2023091009,2826,54580,Damarri Mathis,CB,5.628791616918535,0.9191210329876103,0.17821811811275623,0.0,False
2023091009,2826,52764,Essang Bassey,CB,1.7651976535451317,0.9191210329876103,0.17821811811275623,0.0,False
2023091009,2826,46175,Josey Jewell,ILB,2.9123350285822656,0.9191210329876103,0.17821811811275623,0.0,False
2023091009,2826,43387,Justin Simmons,FS,1.9031880194631166,0.9191210329876103,0.17821811811275623,0.0,False
2023091009,2826,35459,Kareem Jackson,SS,4.2616058853073975,0.9191210329876103,0.17821811811275623,0.0,False
2023091009,2826,53438,Pat Surtain II,CB,1.0973391511003665,0.9191210329876103,0.17821811811275623,0.6678585024447652,True
2023091009,2849,42929,Alex Singleton,ILB,0.6578057591337831,0.6557295983644817,0.002076160769301394,1.1260491797183974,True
2023091009,2849,54580,Damarri Mathis,CB,1.7838549388521805,0.6557295983644817,0.002076160769301394,0.0,False
2023091009,2849,52764,Essang Bassey,CB,4.687292166824321,0.6557295983644817,0.002076160769301394,0.0,False
2023091009,2849,46175,Josey Jewell,ILB,2.254011368813478,0.6557295983644817,0.002076160769301394,0.0,False
2023091009,2849,43387,Justin Simmons,FS,2.746643782715965,0.6557295983644817,0.002076160769301394,0.0,False
2023091009,2849,35459,Kareem Jackson,SS,1.8890595943525652,0.6557295983644817,0.002076160769301394,0.0,False
2023091009,2849,53438,Pat Surtain II,CB,6.113187227671755,0.6557295983644817,0.002076160769301394,0.0,False
2023091009,2907,53509,Divine Deablo,ILB,4.590086288556917,1.0032382954772971,0.3962091888757606,0.0,False
2023091009,2907,55969,Jakorian Bennett,CB,1.9410840790133697,1.0032382954772971,0.3962091888757606,0.0,False
2023091009,2907,47974,Marcus Epps,SS,5.380232580079629,1.0032382954772971,0.3962091888757606,0.0,False
2023091009,2907,42361,Marcus Peters,CB,5.262661765102023,1.0032382954772971,0.3962091888757606,0.0,False
2023091009,2907,53596,Nate Hobbs,CB,1.3994474843530578,1.0032382954772971,0.3962091888757606,0.5416365946603119,True
2023091009,2907,46902,Robert Spillane,ILB,3.486009424269086,1.0032382954772971,0.3962091888757606,0.0,False
2023091009,2907,53472,Tre'von Moehrig,SS,3.7930856216650475,1.0032382954772971,0.3962091888757606,0.0,False
2023091009,2932,52547,Amik Robertson,CB,1.838586295136029,0.8644475131583571,0.9741387819776719,0.6741744459278791,True
2023091009,2932,53509,Divine Deablo,ILB,2.512760741063908,0.8644475131583571,0.9741387819776719,0.0,False
2023091009,2932,55969,Jakorian Bennett,CB,3.1150464288368664,0.8644475131583571,0.9741387819776719,0.0,False
2023091009,2932,47974,Marcus Epps,SS,5.0188873877963704,0.8644475131583571,0.9741387819776719,0.0,False
2023091009,2932,42361,Marcus Peters,CB,3.96147620404757,0.8644475131583571,0.9741387819776719,0.0,False
2023091009,2932,46902,Robert Spillane,ILB,3.465401189456405,0.8644475131583571,0.9741387819776719,0.0,False
2023091009,2932,53472,Tre'von Moehrig,SS,3.1431261643073336,0.8644475131583571,0.9741387819776719,0.0,False
2023091009,3009,55969,Jakorian Bennett,CB,8.624147031818218,0.7662145278851074,1.8075275470047023,0.0,False
2023091009,3009,47974,Marcus Epps,SS,2.5737420748898097,0.7662145278851074,1.8075275470047023,0.17335779436512677,True
2023091009,3009,42361,Marcus Peters,CB,4.40382635715452,0.7662145278851074,1.8075275470047023,0.0,False
2023091009,3009,53596,Nate Hobbs,CB,7.477386077659564,0.7662145278851074,1.8075275470047023,0.0,False
2023091009,3009,46902,Robert Spillane,ILB,2.7470998692549364,0.7662145278851074,1.8075275470047023,0.0,False
2023091009,3009,53472,Tre'von Moehrig,SS,7.1168454154532474,0.7662145278851074,1.8075275470047023,0.0,False
2023091009,3108,53509,Divine Deablo,ILB,3.9789112650684677,0.6204474541513361,1.3153337007018162,0.0,False
2023091009,3108,55969,Jakorian Bennett,CB,5.815707804278652,0.6204474541513361,1.3153337007018162,0.0,False
2023091009,3108,47974,Marcus Epps,SS,3.2729485325345693,0.6204474541513361,1.3153337007018162,0.0,False
2023091009,3108,42361,Marcus Peters,CB,1.9357811548531523,0.6204474541513361,1.3153337007018162,0.8500413834990723,True
2023091009,3108,46902,Robert Spillane,ILB,2.7858225383522246,0.6204474541513361,1.3153337007018162,0.0,False
2023091009,3108,53472,Tre'von Moehrig,SS,4.894842721893098,0.6204474541513361,1.3153337007018162,0.0,False
2023091009,3140,55969,Jakorian Bennett,CB,11.19344567800781,0.9815213003796253,0.9712868878162257,0.0,False
2023091009,3140,47974,Marcus Epps,SS,3.6966437493501325,0.9815213003796253,0.9712868878162257,0.0,False
2023091009,3140,42361,Marcus Peters,CB,5.181732479757563,0.9815213003796253,0.9712868878162257,0.0,False
2023091009,3140,53596,Nate Hobbs,CB,4.283487622788451,0.9815213003796253,0.9712868878162257,0.0,False
2023091009,3140,46902,Robert Spillane,ILB,1.952808188195851,0.9815213003796253,0.9712868878162257,1.7438355611542813,True
2023091009,3140,53472,Tre'von Moehrig,SS,7.0038133973109895,0.9815213003796253,0.9712868878162257,0.0,False
2023091009,3170,53509,Divine Deablo,ILB,4.994613749335506,0.8723873253620258,1.1493673799473727,0.0,False
2023091009,3170,55969,Jakorian Bennett,CB,2.0217547053093985,0.8723873253620258,1.1493673799473727,0.15951738359916057,True
2023091009,3170,47974,Marcus Epps,SS,5.619465743890083,0.8723873253620258,1.1493673799473727,0.0,False
2023091009,3170,42361,Marcus Peters,CB,6.297853661427361,0.8723873253620258,1.1493673799473727,0.0,False
2023091009,3170,53596,Nate Hobbs,CB,2.181272088908559,0.8723873253620258,1.1493673799473727,0.0,False
2023091009,3170,46902,Robert Spillane,ILB,3.564001908545704,0.8723873253620258,1.1493673799473727,0.0,False
2023091009,3170,53472,Tre'von Moehrig,SS,3.9561444035150357,0.8723873253620258,1.1493673799473727,0.0,False
2023091009,3195,53509,Divine Deablo,ILB,4.490383772324702,0.5090779965817562,0.631464131713505,0.0,False
2023091009,3195,55969,Jakorian Bennett,CB,5.806420323828802,0.5090779965817562,0.631464131713505,0.0,False
2023091009,3195,47974,Marcus Epps,SS,4.192048580428861,0.5090779965817562,0.631464131713505,0.0,False
2023091009,3195,42361,Marcus Peters,CB,2.528966389158417,0.5090779965817562,0.631464131713505,0.0,False
2023091009,3195,53596,Nate Hobbs,CB,2.365853940968664,0.5090779965817562,0.631464131713505,0.0,False
2023091009,3195,46902,Robert Spillane,ILB,1.1405421282952612,0.5090779965817562,0.631464131713505,1.2253118126734026,True
2023091009,3195,53472,Tre'von Moehrig,SS,8.414243359160931,0.5090779965817562,0.631464131713505,0.0,False
2023091009,3242,53509,Divine Deablo,ILB,3.4072151477674875,0.7392069107206467,0.41677388018815287,0.0,False
2023091009,3242,55969,Jakorian Bennett,CB,1.3450529185286868,0.7392069107206467,0.41677388018815287,0.0,False
2023091009,3242,47974,Marcus Epps,SS,6.952083779416706,0.7392069107206467,0.41677388018815287,0.0,False
2023091009,3242,42361,Marcus Peters,CB,4.550950622541103,0.7392069107206467,0.41677388018815287,0.0,False
2023091009,3242,46902,Robert Spillane,ILB,1.8869898268266123,0.7392069107206467,0.41677388018815287,0.0,False
2023091009,3242,53472,Tre'von Moehrig,SS,2.3770890929082396,0.7392069107206467,0.41677388018815287,0.0,False
2023091009,3242,55871,Tyree Wilson,DE,1.1559807909087996,0.7392069107206467,0.41677388018815287,0.18907212761988723,True
2023091009,3361,42929,Alex Singleton,ILB,1.7845020444244766,0.8472689160897393,0.9372331283347373,0.20927690271844357,True
2023091009,3361,54580,Damarri Mathis,CB,4.099886453073549,0.8472689160897393,0.9372331283347373,0.0,False
2023091009,3361,46175,Josey Jewell,ILB,1.9937789471429201,0.8472689160897393,0.9372331283347373,0.0,False
2023091009,3361,43387,Justin Simmons,FS,5.41164664367035,0.8472689160897393,0.9372331283347373,0.0,False
2023091009,3361,35459,Kareem Jackson,SS,6.282841970578519,0.8472689160897393,0.9372331283347373,0.0,False
2023091009,3361,54529,Nik Bonitto,OLB,4.648250269378813,0.8472689160897393,0.9372331283347373,0.0,False
2023091009,3361,53438,Pat Surtain II,CB,5.2508365338092515,0.8472689160897393,0.9372331283347373,0.0,False
2023091009,3386,42929,Alex Singleton,ILB,3.5544905083687377,2.0648972552930096,0.2892596482931422,0.0,False
2023091009,3386,54580,Damarri Mathis,CB,2.691483582329263,2.0648972552930096,0.2892596482931422,0.0,False
2023091009,3386,42406,Frank Clark,OLB,3.2130076115077912,2.0648972552930096,0.2892596482931422,0.0,False
2023091009,3386,43387,Justin Simmons,FS,5.05074941277029,2.0648972552930096,0.2892596482931422,0.0,False
2023091009,3386,35459,Kareem Jackson,SS,2.354156903586152,2.0648972552930096,0.2892596482931422,0.33732667874311106,True
2023091009,3386,54529,Nik Bonitto,OLB,6.268919716371089,2.0648972552930096,0.2892596482931422,0.0,False
2023091009,3386,53438,Pat Surtain II,CB,8.356280235619426,2.0648972552930096,0.2892596482931422,0.0,False
2023091009,3418,54580,Damarri Mathis,CB,1.7935406915400491,1.4591337623109235,-0.02215834082787227,0.0,False
2023091009,3418,46175,Josey Jewell,ILB,1.4369754214830512,1.4591337623109235,-0.02215834082787227,0.3565652700569979,True
2023091009,3418,43387,Justin Simmons,FS,3.2809686544659646,1.4591337623109235,-0.02215834082787227,0.0,False
2023091009,3418,35459,Kareem Jackson,SS,3.185328314533386,1.4591337623109235,-0.02215834082787227,0.0,False
2023091009,3418,54529,Nik Bonitto,OLB,4.094377150904962,1.4591337623109235,-0.02215834082787227,0.0,False
2023091009,3418,53438,Pat Surtain II,CB,5.4664738011612934,1.4591337623109235,-0.02215834082787227,0.0,False
2023091009,3454,42929,Alex Singleton,ILB,2.5101141796950053,1.297337195493194,0.6486431211690695,0.0,False
2023091009,3454,54580,Damarri Mathis,CB,2.3484083474920068,1.297337195493194,0.6486431211690695,0.0,False
2023091009,3454,46175,Josey Jewell,ILB,2.028500828472542,1.297337195493194,0.6486431211690695,0.0,False
2023091009,3454,43387,Justin Simmons,FS,1.9459803166622636,1.297337195493194,0.6486431211690695,0.08252051181027831,True
2023091009,3454,35459,Kareem Jackson,SS,5.718054215372252,1.297337195493194,0.6486431211690695,0.0,False
2023091009,3454,53438,Pat Surtain II,CB,6.617304591045758,1.297337195493194,0.6486431211690695,0.0,False
2023091009,3501,42929,Alex Singleton,ILB,1.2477618626457325,1.140451459639509,0.10731040300622352,0.2584470023845016,True
2023091009,3501,54580,Damarri Mathis,CB,1.506208865030234,1.140451459639509,0.10731040300622352,0.0,False
2023091009,3501,52764,Essang Bassey,CB,4.786206222818243,1.140451459639509,0.10731040300622352,0.0,False
2023091009,3501,46175,Josey Jewell,ILB,2.6588422119418156,1.140451459639509,0.10731040300622352,0.0,False
2023091009,3501,43387,Justin Simmons,FS,1.7427167865479833,1.140451459639509,0.10731040300622352,0.0,False
2023091009,3501,35459,Kareem Jackson,SS,2.955274219190721,1.140451459639509,0.10731040300622352,0.0,False
2023091009,3501,53438,Pat Surtain II,CB,6.266255794258431,1.140451459639509,0.10731040300622352,0.0,False
2023091009,3587,55969,Jakorian Bennett,CB,5.367117359394379,1.0659891818960046,0.49588281369237075,0.0,False
2023091009,3587,47974,Marcus Epps,SS,4.018803774457376,1.0659891818960046,0.49588281369237075,0.0,False
2023091009,3587,42361,Marcus Peters,CB,1.7560254586818538,1.0659891818960046,0.49588281369237075,0.0,False
2023091009,3587,53596,Nate Hobbs,CB,4.039584539059883,1.0659891818960046,0.49588281369237075,0.0,False
2023091009,3587,46902,Robert Spillane,ILB,2.021904798266339,1.0659891818960046,0.49588281369237075,0.0,False
2023091009,3587,53472,Tre'von Moehrig,SS,1.5618719955883753,1.0659891818960046,0.49588281369237075,0.19415346309347847,True
2023091009,3610,55969,Jakorian Bennett,CB,3.9023684896765523,0.875710199909463,1.1864243382953443,0.0,False
2023091009,3610,47974,Marcus Epps,SS,5.036075154016566,0.875710199909463,1.1864243382953443,0.0,False
2023091009,3610,42361,Marcus Peters,CB,5.498400738457958,0.875710199909463,1.1864243382953443,0.0,False
2023091009,3610,53596,Nate Hobbs,CB,3.2832266838637967,0.875710199909463,1.1864243382953443,0.0,False
2023091009,3610,53472,Tre'von Moehrig,SS,2.0621345382048073,0.875710199909463,1.1864243382953443,1.2210921456589894,True
2023091009,3754,42929,Alex Singleton,ILB,3.2049340898822316,1.092896119611788,0.36853547804879816,0.0,False
2023091009,3754,54580,Damarri Mathis,CB,4.918193171027125,1.092896119611788,0.36853547804879816,0.0,False
2023091009,3754,52764,Essang Bassey,CB,1.584896707727917,1.092896119611788,0.36853547804879816,0.0,False
2023091009,3754,44893,Fabian Moreau,CB,1.461431597660586,1.092896119611788,0.36853547804879816,0.12346511006733096,True
2023091009,3754,43387,Justin Simmons,FS,4.2018994397092095,1.092896119611788,0.36853547804879816,0.0,False
2023091009,3754,35459,Kareem Jackson,SS,2.711337868961661,1.092896119611788,0.36853547804879816,0.0,False
2023091009,3754,53438,Pat Surtain II,CB,3.558759875791095,1.092896119611788,0.36853547804879816,0.0,False
2023091010,121,52594,Alohi Gilman,FS,3.309346394794406,0.9976639403305096,0.2954019400307013,0.0,False
2023091010,121,46086,Derwin James,SS,2.009536545383841,0.9976639403305096,0.2954019400307013,0.0,False
2023091010,121,42388,Eric Kendricks,ILB,5.116160212740875,0.9976639403305096,0.2954019400307013,0.0,False
2023091010,121,46775,J.C. Jackson,CB,1.293065880361211,0.9976639403305096,0.2954019400307013,0.71647066502263,True
2023091010,121,54544,JT Woods,CB,3.2920923438083873,0.9976639403305096,0.2954019400307013,0.0,False
2023091010,121,52431,"Kenneth Murray, Jr.",MLB,3.6022591839047307,0.9976639403305096,0.2954019400307013,0.0,False
2023091010,121,45571,Michael Davis,CB,3.256378061547018,0.9976639403305096,0.2954019400307013,0.0,False
2023091010,261,47934,Andrew Van Ginkel,OLB,9.411623733161502,1.7528017938510723,0.24226701728056832,0.0,False
2023091010,261,46259,DeShon Elliott,SS,1.9950688111316406,1.7528017938510723,0.24226701728056832,1.6885381447592545,True
2023091010,261,43299,Eli Apple,CB,11.370143596828049,1.7528017938510723,0.24226701728056832,0.0,False
2023091010,261,46142,Jerome Baker,OLB,5.03503252534223,1.7528017938510723,0.24226701728056832,0.0,False
2023091010,261,53465,Jevon Holland,FS,4.7651404568761215,1.7528017938510723,0.24226701728056832,0.0,False
2023091010,261,54936,Kader Kohou,CB,3.683606955890895,1.7528017938510723,0.24226701728056832,0.0,False
2023091010,261,43327,Xavien Howard,CB,4.9611081358991544,1.7528017938510723,0.24226701728056832,0.0,False
2023091010,328,47971,David Long Jr.,ILB,2.6752737990152324,2.3563885724261975,0.31888522658903495,0.29365148136459984,True
2023091010,328,46259,DeShon Elliott,SS,3.0693366759263876,2.3563885724261975,0.31888522658903495,0.0,False
2023091010,328,53447,Jaelan Phillips,OLB,8.401637580758527,2.3563885724261975,0.31888522658903495,0.0,False
2023091010,328,46142,Jerome Baker,OLB,7.438157324455762,2.3563885724261975,0.31888522658903495,0.0,False
2023091010,328,53465,Jevon Holland,FS,7.989060134183707,2.3563885724261975,0.31888522658903495,0.0,False
2023091010,328,54936,Kader Kohou,CB,10.20783666571187,2.3563885724261975,0.31888522658903495,0.0,False
2023091010,328,43327,Xavien Howard,CB,2.9689252803798323,2.3563885724261975,0.31888522658903495,0.0,False
2023091010,607,52594,Alohi Gilman,FS,8.595801412756083,2.599715643736381,0.06838173834905881,0.0,False
2023091010,607,46086,Derwin James,SS,4.502751159302775,2.599715643736381,0.06838173834905881,0.0,False
2023091010,607,42388,Eric Kendricks,ILB,4.915406861615591,2.599715643736381,0.06838173834905881,0.0,False
2023091010,607,46775,J.C. Jackson,CB,3.1571043854812517,2.599715643736381,0.06838173834905881,0.0,False
2023091010,607,54544,JT Woods,CB,2.6680973820854397,2.599715643736381,0.06838173834905881,0.48900700339581205,True
2023091010,607,52431,"Kenneth Murray, Jr.",MLB,8.712576675526659,2.599715643736381,0.06838173834905881,0.0,False
2023091010,607,45571,Michael Davis,CB,6.854682846054927,2.599715643736381,0.06838173834905881,0.0,False
2023091010,630,52594,Alohi Gilman,FS,2.68832749260676,1.4108221890592285,-0.4396965766411316,0.0,False
2023091010,630,46086,Derwin James,SS,3.2647531884867105,1.4108221890592285,-0.4396965766411316,0.0,False
2023091010,630,42388,Eric Kendricks,ILB,1.9960326416690515,1.4108221890592285,-0.4396965766411316,0.0,False
2023091010,630,46775,J.C. Jackson,CB,3.2062698947255592,1.4108221890592285,-0.4396965766411316,0.0,False
2023091010,630,54544,JT Woods,CB,3.38826322211193,1.4108221890592285,-0.4396965766411316,0.0,False
2023091010,630,52431,"Kenneth Murray, Jr.",MLB,0.9711256124180969,1.4108221890592285,-0.4396965766411316,1.0249070292509546,True
2023091010,630,45571,Michael Davis,CB,3.0956157259100743,1.4108221890592285,-0.4396965766411316,0.0,False
2023091010,706,52594,Alohi Gilman,FS,2.0741661439340024,1.2258611485847797,-0.045978832047526064,0.0,False
2023091010,706,42388,Eric Kendricks,ILB,5.416100440541377,1.2258611485847797,-0.045978832047526064,0.0,False
2023091010,706,46775,J.C. Jackson,CB,2.428067944181549,1.2258611485847797,-0.045978832047526064,0.0,False
2023091010,706,54544,JT Woods,CB,1.1798823165372536,1.2258611485847797,-0.045978832047526064,0.8942838273967488,True
2023091010,706,52431,"Kenneth Murray, Jr.",MLB,9.392565608078078,1.2258611485847797,-0.045978832047526064,0.0,False
2023091010,706,45571,Michael Davis,CB,2.6139992769455613,1.2258611485847797,-0.045978832047526064,0.0,False
2023091010,767,52594,Alohi Gilman,FS,2.763155335716692,1.1793997184158294,0.044195144820655896,0.0,False
2023091010,767,53476,Asante Samuel,CB,1.2235948632364853,1.1793997184158294,0.044195144820655896,0.17474086129694588,True
2023091010,767,46086,Derwin James,SS,4.371529354710326,1.1793997184158294,0.044195144820655896,0.0,False
2023091010,767,42388,Eric Kendricks,ILB,2.813688061393461,1.1793997184158294,0.044195144820655896,0.0,False
2023091010,767,46775,J.C. Jackson,CB,2.71657102641045,1.1793997184158294,0.044195144820655896,0.0,False
2023091010,767,54544,JT Woods,CB,4.005917121996039,1.1793997184158294,0.044195144820655896,0.0,False
2023091010,767,45571,Michael Davis,CB,1.3983357245334311,1.1793997184158294,0.044195144820655896,0.0,False
2023091010,997,46259,DeShon Elliott,SS,7.295423459623943,1.1163910045934544,0.2285893538955679,0.0,False
2023091010,997,43299,Eli Apple,CB,10.26002996734774,1.1163910045934544,0.2285893538955679,0.0,False
2023091010,997,46142,Jerome Baker,OLB,1.3449803584890223,1.1163910045934544,0.2285893538955679,3.400011253356243,True
2023091010,997,53465,Jevon Holland,FS,9.079677936383538,1.1163910045934544,0.2285893538955679,0.0,False
2023091010,997,38707,Justin Bethel,CB,8.738173106787146,1.1163910045934544,0.2285893538955679,0.0,False
2023091010,997,54936,Kader Kohou,CB,9.334356867562885,1.1163910045934544,0.2285893538955679,0.0,False
2023091010,997,43327,Xavien Howard,CB,4.744991611845266,1.1163910045934544,0.2285893538955679,0.0,False
2023091010,1040,52594,Alohi Gilman,FS,1.8511438725173015,1.9624266509191295,-0.250193787523588,0.0,False
2023091010,1040,46086,Derwin James,SS,4.045663159801165,1.9624266509191295,-0.250193787523588,0.0,False
2023091010,1040,42388,Eric Kendricks,ILB,3.710421889821592,1.9624266509191295,-0.250193787523588,0.0,False
2023091010,1040,46775,J.C. Jackson,CB,2.523720933209061,1.9624266509191295,-0.250193787523588,0.0,False
2023091010,1040,52431,"Kenneth Murray, Jr.",MLB,3.189344537444186,1.9624266509191295,-0.250193787523588,0.0,False
2023091010,1040,45571,Michael Davis,CB,1.7122328633955415,1.9624266509191295,-0.250193787523588,0.13891100912176002,True
2023091010,1072,52594,Alohi Gilman,FS,3.3388511840663306,1.7818408235876522,-1.010183607799805,0.0,False
2023091010,1072,46086,Derwin James,SS,2.3904858051128004,1.7818408235876522,-1.010183607799805,0.0,False
2023091010,1072,42388,Eric Kendricks,ILB,3.6439992202307967,1.7818408235876522,-1.010183607799805,0.0,False
2023091010,1072,46775,J.C. Jackson,CB,0.7716572157878472,1.7818408235876522,-1.010183607799805,1.527919400469944,True
2023091010,1072,52431,"Kenneth Murray, Jr.",MLB,3.6992131484612076,1.7818408235876522,-1.010183607799805,0.0,False
2023091010,1072,45571,Michael Davis,CB,2.299576616257791,1.7818408235876522,-1.010183607799805,0.0,False
2023091010,1119,52594,Alohi Gilman,FS,3.9630154674941243,1.5125848209380202,1.3726390274105684,0.0,False
2023091010,1119,46086,Derwin James,SS,5.339459464831673,1.5125848209380202,1.3726390274105684,0.0,False
2023091010,1119,42388,Eric Kendricks,ILB,5.173350947048121,1.5125848209380202,1.3726390274105684,0.0,False
2023091010,1119,46775,J.C. Jackson,CB,2.909544469767878,1.5125848209380202,1.3726390274105684,0.0,False
2023091010,1119,54544,JT Woods,CB,2.8852238483485886,1.5125848209380202,1.3726390274105684,0.024320621419289257,True
2023091010,1119,52431,"Kenneth Murray, Jr.",MLB,3.4155703093227565,1.5125848209380202,1.3726390274105684,0.0,False
2023091010,1119,45571,Michael Davis,CB,5.144852503359197,1.5125848209380202,1.3726390274105684,0.0,False
2023091010,1249,52594,Alohi Gilman,FS,3.0376429950139068,0.852125882798455,0.14680285345685484,0.0,False
2023091010,1249,53476,Asante Samuel,CB,5.104693127074715,0.852125882798455,0.14680285345685484,0.0,False
2023091010,1249,46086,Derwin James,SS,0.9989287362553099,0.852125882798455,0.14680285345685484,0.045051285591393375,True
2023091010,1249,42388,Eric Kendricks,ILB,3.541211984902586,0.852125882798455,0.14680285345685484,0.0,False
2023091010,1249,46775,J.C. Jackson,CB,1.0439800218467032,0.852125882798455,0.14680285345685484,0.0,False
2023091010,1249,52431,"Kenneth Murray, Jr.",MLB,1.7527124933581744,0.852125882798455,0.14680285345685484,0.0,False
2023091010,1249,45571,Michael Davis,CB,5.3836386748744784,0.852125882798455,0.14680285345685484,0.0,False
2023091010,1337,46074,Bradley Chubb,OLB,2.761678544089534,0.6312941816991553,0.6383542101249404,0.0,False
2023091010,1337,47971,David Long Jr.,ILB,3.0749374278370607,0.6312941816991553,0.6383542101249404,0.0,False
2023091010,1337,46259,DeShon Elliott,SS,6.02014011190706,0.6312941816991553,0.6383542101249404,0.0,False
2023091010,1337,46142,Jerome Baker,OLB,1.2696483918240957,0.6312941816991553,0.6383542101249404,1.4920301522654384,True
2023091010,1337,53465,Jevon Holland,FS,6.418710756664722,0.6312941816991553,0.6383542101249404,0.0,False
2023091010,1337,54936,Kader Kohou,CB,4.7344116835219365,0.6312941816991553,0.6383542101249404,0.0,False
2023091010,1337,43327,Xavien Howard,CB,3.1822583074362525,0.6312941816991553,0.6383542101249404,0.0,False
2023091010,1438,46259,DeShon Elliott,SS,1.0822248101275294,0.908899326928315,0.17332548319921437,0.2234308400508067,True
2023091010,1438,46142,Jerome Baker,OLB,1.305655650178336,0.908899326928315,0.17332548319921437,0.0,False
2023091010,1438,53465,Jevon Holland,FS,2.2542988878923023,0.908899326928315,0.17332548319921437,0.0,False
2023091010,1438,54936,Kader Kohou,CB,2.1292628837067817,0.908899326928315,0.17332548319921437,0.0,False
2023091010,1438,43327,Xavien Howard,CB,3.490793009103826,0.908899326928315,0.17332548319921437,0.0,False
2023091010,1513,52594,Alohi Gilman,FS,2.955656877188054,2.6415048691823957,0.15833220711144858,0.0,False
2023091010,1513,53476,Asante Samuel,CB,6.899172059811753,2.6415048691823957,0.15833220711144858,0.0,False
2023091010,1513,46086,Derwin James,SS,3.1263752839186347,2.6415048691823957,0.15833220711144858,0.0,False
2023091010,1513,42388,Eric Kendricks,ILB,3.6308322910806115,2.6415048691823957,0.15833220711144858,0.0,False
2023091010,1513,46775,J.C. Jackson,CB,3.4757940670972545,2.6415048691823957,0.15833220711144858,0.0,False
2023091010,1513,52431,"Kenneth Murray, Jr.",MLB,4.8924950340417555,2.6415048691823957,0.15833220711144858,0.0,False
2023091010,1513,45571,Michael Davis,CB,2.7998370762938443,2.6415048691823957,0.15833220711144858,0.15581980089420977,True
2023091010,1558,52594,Alohi Gilman,FS,0.6855469228123473,1.2033893585898925,-0.5178424357775452,0.8428175935734689,True
2023091010,1558,53476,Asante Samuel,CB,3.8560281248970987,1.2033893585898925,-0.5178424357775452,0.0,False
2023091010,1558,46086,Derwin James,SS,3.775687848560114,1.2033893585898925,-0.5178424357775452,0.0,False
2023091010,1558,42388,Eric Kendricks,ILB,1.5550313439195476,1.2033893585898925,-0.5178424357775452,0.0,False
2023091010,1558,46775,J.C. Jackson,CB,1.951268358006196,1.2033893585898925,-0.5178424357775452,0.0,False
2023091010,1558,52431,"Kenneth Murray, Jr.",MLB,1.5283645163858162,1.2033893585898925,-0.5178424357775452,0.0,False
2023091010,1558,45571,Michael Davis,CB,5.50319195977299,1.2033893585898925,-0.5178424357775452,0.0,False
2023091010,1607,47934,Andrew Van Ginkel,OLB,1.5881125311112192,1.0210182710546403,0.2010821848118587,0.0,False
2023091010,1607,46259,DeShon Elliott,SS,3.5491604309436746,1.0210182710546403,0.2010821848118587,0.0,False
2023091010,1607,43299,Eli Apple,CB,4.2816055506254,1.0210182710546403,0.2010821848118587,0.0,False
2023091010,1607,46142,Jerome Baker,OLB,4.092002625471793,1.0210182710546403,0.2010821848118587,0.0,False
2023091010,1607,53465,Jevon Holland,FS,4.017380055913177,1.0210182710546403,0.2010821848118587,0.0,False
2023091010,1607,54936,Kader Kohou,CB,3.0285780412473247,1.0210182710546403,0.2010821848118587,0.0,False
2023091010,1607,43327,Xavien Howard,CB,1.222100455866499,1.0210182710546403,0.2010821848118587,0.36601207524472024,True
2023091010,1714,52594,Alohi Gilman,FS,4.306070535541753,0.9641694901747426,0.7014863852474162,0.0,False
2023091010,1714,53476,Asante Samuel,CB,3.824365549750698,0.9641694901747426,0.7014863852474162,0.0,False
2023091010,1714,42388,Eric Kendricks,ILB,1.6897063316906884,0.9641694901747426,0.7014863852474162,0.0,False
2023091010,1714,46775,J.C. Jackson,CB,1.6656558754221589,0.9641694901747426,0.7014863852474162,0.02405045626852953,True
2023091010,1714,52431,"Kenneth Murray, Jr.",MLB,2.1085034313348134,0.9641694901747426,0.7014863852474162,0.0,False
2023091010,1714,41231,Khalil Mack,OLB,4.733503218567598,0.9641694901747426,0.7014863852474162,0.0,False
2023091010,1714,45571,Michael Davis,CB,5.507199571485807,0.9641694901747426,0.7014863852474162,0.0,False
2023091010,1761,52594,Alohi Gilman,FS,1.6853239594505525,0.8799728121527499,0.8053511472978025,0.1893665503985471,True
2023091010,1761,53476,Asante Samuel,CB,3.069914205839142,0.8799728121527499,0.8053511472978025,0.0,False
2023091010,1761,46086,Derwin James,SS,2.808183782143054,0.8799728121527499,0.8053511472978025,0.0,False
2023091010,1761,42388,Eric Kendricks,ILB,2.291492831364213,0.8799728121527499,0.8053511472978025,0.0,False
2023091010,1761,46775,J.C. Jackson,CB,7.905381288032772,0.8799728121527499,0.8053511472978025,0.0,False
2023091010,1761,52431,"Kenneth Murray, Jr.",MLB,2.6333861336783415,0.8799728121527499,0.8053511472978025,0.0,False
2023091010,1761,45571,Michael Davis,CB,1.8746905098490996,0.8799728121527499,0.8053511472978025,0.0,False
2023091010,1810,52594,Alohi Gilman,FS,4.552435468444521,1.6167734124450126,-0.4002450052317492,0.0,False
2023091010,1810,53476,Asante Samuel,CB,1.2165284072132634,1.6167734124450126,-0.4002450052317492,0.9027571841838538,True
2023091010,1810,46086,Derwin James,SS,5.392782930345858,1.6167734124450126,-0.4002450052317492,0.0,False
2023091010,1810,46775,J.C. Jackson,CB,5.4478658170138585,1.6167734124450126,-0.4002450052317492,0.0,False
2023091010,1810,52431,"Kenneth Murray, Jr.",MLB,3.601664228933935,1.6167734124450126,-0.4002450052317492,0.0,False
2023091010,1810,45571,Michael Davis,CB,2.119285591397117,1.6167734124450126,-0.4002450052317492,0.0,False
2023091010,1835,52594,Alohi Gilman,FS,5.624396520847249,0.9380608305066105,-0.3780605175056122,0.0,False
2023091010,1835,53476,Asante Samuel,CB,2.253829215058722,0.9380608305066105,-0.3780605175056122,0.0,False
2023091010,1835,46086,Derwin James,SS,4.858558492463356,0.9380608305066105,-0.3780605175056122,0.0,False
2023091010,1835,42388,Eric Kendricks,ILB,3.789425735648904,0.9380608305066105,-0.3780605175056122,0.0,False
2023091010,1835,46775,J.C. Jackson,CB,7.06202217995413,0.9380608305066105,-0.3780605175056122,0.0,False
2023091010,1835,52431,"Kenneth Murray, Jr.",MLB,5.635883610550928,0.9380608305066105,-0.3780605175056122,0.0,False
2023091010,1835,45571,Michael Davis,CB,0.5600003130009983,0.9380608305066105,-0.3780605175056122,1.6938289020577237,True
2023091010,1858,52594,Alohi Gilman,FS,2.1756004808619243,1.3907291461239666,0.04827250826345786,0.0,False
2023091010,1858,53476,Asante Samuel,CB,1.4832280209609632,1.3907291461239666,0.04827250826345786,0.0,False
2023091010,1858,46086,Derwin James,SS,3.7347744116868253,1.3907291461239666,0.04827250826345786,0.0,False
2023091010,1858,42388,Eric Kendricks,ILB,4.720389110821715,1.3907291461239666,0.04827250826345786,0.0,False
2023091010,1858,46775,J.C. Jackson,CB,1.4390016543874244,1.3907291461239666,0.04827250826345786,0.04422636657353873,True
2023091010,1858,52431,"Kenneth Murray, Jr.",MLB,2.1583963271275954,1.3907291461239666,0.04827250826345786,0.0,False
2023091010,1858,45571,Michael Davis,CB,4.115613806870536,1.3907291461239666,0.04827250826345786,0.0,False
2023091010,1888,52594,Alohi Gilman,FS,4.446192724708291,1.2241780318807693,0.9712643158211836,0.0,False
2023091010,1888,53476,Asante Samuel,CB,2.335522866354479,1.2241780318807693,0.9712643158211836,0.0,False
2023091010,1888,46086,Derwin James,SS,5.32795422529975,1.2241780318807693,0.9712643158211836,0.0,False
2023091010,1888,42388,Eric Kendricks,ILB,5.8806729499634605,1.2241780318807693,0.9712643158211836,0.0,False
2023091010,1888,46775,J.C. Jackson,CB,2.195442347701953,1.2241780318807693,0.9712643158211836,0.020544701067007676,True
2023091010,1888,52431,"Kenneth Murray, Jr.",MLB,2.2159870487689606,1.2241780318807693,0.9712643158211836,0.0,False
2023091010,1888,45571,Michael Davis,CB,6.145688051472592,1.2241780318807693,0.9712643158211836,0.0,False
2023091010,1940,52594,Alohi Gilman,FS,2.596170802888686,1.588142943277768,-0.11869153435616564,0.0,False
2023091010,1940,53476,Asante Samuel,CB,3.3008636205884896,1.588142943277768,-0.11869153435616564,0.0,False
2023091010,1940,46086,Derwin James,SS,2.5626272789811044,1.588142943277768,-0.11869153435616564,0.0,False
2023091010,1940,42388,Eric Kendricks,ILB,1.4694514089216024,1.588142943277768,-0.11869153435616564,0.7092198220248556,True
2023091010,1940,54679,Ja'Sir Taylor,CB,2.178671230946458,1.588142943277768,-0.11869153435616564,0.0,False
2023091010,1940,52431,"Kenneth Murray, Jr.",MLB,2.3331390269119603,1.588142943277768,-0.11869153435616564,0.0,False
2023091010,1940,45571,Michael Davis,CB,3.898673770656013,1.588142943277768,-0.11869153435616564,0.0,False
2023091010,2002,52594,Alohi Gilman,FS,1.587823329568768,1.0784622407300737,-0.08226819875777136,0.0,False
2023091010,2002,53476,Asante Samuel,CB,3.2727734808972864,1.0784622407300737,-0.08226819875777136,0.0,False
2023091010,2002,46086,Derwin James,SS,1.798695427321128,1.0784622407300737,-0.08226819875777136,0.0,False
2023091010,2002,42388,Eric Kendricks,ILB,1.3633666203447923,1.0784622407300737,-0.08226819875777136,0.0,False
2023091010,2002,54679,Ja'Sir Taylor,CB,3.882709121917796,1.0784622407300737,-0.08226819875777136,0.0,False
2023091010,2002,52431,"Kenneth Murray, Jr.",MLB,0.9961940419723023,1.0784622407300737,-0.08226819875777136,0.2846231950433633,True
2023091010,2002,45571,Michael Davis,CB,1.2808172370156656,1.0784622407300737,-0.08226819875777136,0.0,False
2023091010,2027,52594,Alohi Gilman,FS,2.457731046405236,1.3178885688149886,0.49250982196300197,0.0,False
2023091010,2027,53476,Asante Samuel,CB,2.5244845905676385,1.3178885688149886,0.49250982196300197,0.0,False
2023091010,2027,46086,Derwin James,SS,5.619769973732234,1.3178885688149886,0.49250982196300197,0.0,False
2023091010,2027,42388,Eric Kendricks,ILB,3.4176124139062205,1.3178885688149886,0.49250982196300197,0.0,False
2023091010,2027,45571,Michael Davis,CB,1.8103983907779906,1.3178885688149886,0.49250982196300197,0.6473326556272454,True
2023091010,2103,47934,Andrew Van Ginkel,OLB,4.9514922320815336,0.4926297915364692,0.8737127420595387,0.0,False
2023091010,2103,46259,DeShon Elliott,SS,4.495504856503734,0.4926297915364692,0.8737127420595387,0.0,False
2023091010,2103,43299,Eli Apple,CB,7.929331809001737,0.4926297915364692,0.8737127420595387,0.0,False
2023091010,2103,46142,Jerome Baker,OLB,3.9981952699928276,0.4926297915364692,0.8737127420595387,0.0,False
2023091010,2103,53465,Jevon Holland,FS,5.678190200376176,0.4926297915364692,0.8737127420595387,0.0,False
2023091010,2103,54936,Kader Kohou,CB,1.366342533596008,0.4926297915364692,0.8737127420595387,0.6895292260272854,True
2023091010,2103,43327,Xavien Howard,CB,2.0558717596232934,0.4926297915364692,0.8737127420595387,0.0,False
2023091010,2151,46259,DeShon Elliott,SS,6.913746805949801,0.7285892810043704,0.7360099916118208,0.0,False
2023091010,2151,43299,Eli Apple,CB,2.5477861915422975,0.7285892810043704,0.7360099916118208,0.0,False
2023091010,2151,46142,Jerome Baker,OLB,2.431237026594557,0.7285892810043704,0.7360099916118208,0.0,False
2023091010,2151,53465,Jevon Holland,FS,3.0560033501367445,0.7285892810043704,0.7360099916118208,0.0,False
2023091010,2151,38707,Justin Bethel,CB,1.5592665110724357,0.7285892810043704,0.7360099916118208,0.0,False
2023091010,2151,54936,Kader Kohou,CB,1.4645992726161912,0.7285892810043704,0.7360099916118208,0.09466723845624458,True
2023091010,2151,43327,Xavien Howard,CB,6.324464425914093,0.7285892810043704,0.7360099916118208,0.0,False
2023091010,2176,46259,DeShon Elliott,SS,5.340904119670789,0.8625756897094312,0.5917185922185717,0.0,False
2023091010,2176,43299,Eli Apple,CB,1.454294281928003,0.8625756897094312,0.5917185922185717,0.16333371378140948,True
2023091010,2176,46142,Jerome Baker,OLB,6.415659247019568,0.8625756897094312,0.5917185922185717,0.0,False
2023091010,2176,53465,Jevon Holland,FS,4.246096930329421,0.8625756897094312,0.5917185922185717,0.0,False
2023091010,2176,38707,Justin Bethel,CB,3.6829240507617844,0.8625756897094312,0.5917185922185717,0.0,False
2023091010,2176,54936,Kader Kohou,CB,1.6176279957094124,0.8625756897094312,0.5917185922185717,0.0,False
2023091010,2176,43327,Xavien Howard,CB,3.85713637283319,0.8625756897094312,0.5917185922185717,0.0,False
2023091010,2206,46259,DeShon Elliott,SS,8.273890768553393,0.6551897277209735,1.6213542564741956,0.0,False
2023091010,2206,43299,Eli Apple,CB,5.237792525957572,0.6551897277209735,1.6213542564741956,0.0,False
2023091010,2206,46142,Jerome Baker,OLB,4.579147071453535,0.6551897277209735,1.6213542564741956,0.0,False
2023091010,2206,53465,Jevon Holland,FS,7.78195672570537,0.6551897277209735,1.6213542564741956,0.0,False
2023091010,2206,38707,Justin Bethel,CB,2.276543984195169,0.6551897277209735,1.6213542564741956,1.3439383803550238,True
2023091010,2206,54936,Kader Kohou,CB,3.6204823645501927,0.6551897277209735,1.6213542564741956,0.0,False
2023091010,2206,43327,Xavien Howard,CB,5.048518035446819,0.6551897277209735,1.6213542564741956,0.0,False
2023091010,2236,47934,Andrew Van Ginkel,OLB,1.9269944256491147,1.0158032662565943,0.6390640619100805,0.0,False
2023091010,2236,46259,DeShon Elliott,SS,5.6963359524032535,1.0158032662565943,0.6390640619100805,0.0,False
2023091010,2236,43299,Eli Apple,CB,4.637545696522608,1.0158032662565943,0.6390640619100805,0.0,False
2023091010,2236,46142,Jerome Baker,OLB,2.1510807744482485,1.0158032662565943,0.6390640619100805,0.0,False
2023091010,2236,53465,Jevon Holland,FS,2.6155902780056164,1.0158032662565943,0.6390640619100805,0.0,False
2023091010,2236,54936,Kader Kohou,CB,2.8464465850600527,1.0158032662565943,0.6390640619100805,0.0,False
2023091010,2236,43327,Xavien Howard,CB,1.6548673281666748,1.0158032662565943,0.6390640619100805,0.2721270974824399,True
2023091010,2261,47934,Andrew Van Ginkel,OLB,5.4753678754141974,2.7979536397240623,0.24898681825915858,0.0,False
2023091010,2261,46259,DeShon Elliott,SS,3.5437141039070736,2.7979536397240623,0.24898681825915858,0.0,False
2023091010,2261,43299,Eli Apple,CB,3.046940457983221,2.7979536397240623,0.24898681825915858,0.49677364592385276,True
2023091010,2261,53447,Jaelan Phillips,OLB,7.334305547275231,2.7979536397240623,0.24898681825915858,0.0,False
2023091010,2261,53465,Jevon Holland,FS,7.216469032130698,2.7979536397240623,0.24898681825915858,0.0,False
2023091010,2261,54936,Kader Kohou,CB,5.691816215212801,2.7979536397240623,0.24898681825915858,0.0,False
2023091010,2261,43327,Xavien Howard,CB,11.94320976217556,2.7979536397240623,0.24898681825915858,0.0,False
2023091010,2284,47934,Andrew Van Ginkel,OLB,4.365064738609121,1.2964233065133839,0.42756400123277305,0.0,False
2023091010,2284,46259,DeShon Elliott,SS,8.00813363470288,1.2964233065133839,0.42756400123277305,0.0,False
2023091010,2284,43299,Eli Apple,CB,7.90428238243745,1.2964233065133839,0.42756400123277305,0.0,False
2023091010,2284,46142,Jerome Baker,OLB,3.5165751920660835,1.2964233065133839,0.42756400123277305,0.0,False
2023091010,2284,53465,Jevon Holland,FS,4.492489207632253,1.2964233065133839,0.42756400123277305,0.0,False
2023091010,2284,54936,Kader Kohou,CB,6.55966901872044,1.2964233065133839,0.42756400123277305,0.0,False
2023091010,2284,43327,Xavien Howard,CB,1.723987307746157,1.2964233065133839,0.42756400123277305,1.7925878843199265,True
2023091010,2372,52594,Alohi Gilman,FS,5.984384487227946,2.4218961965483805,0.32765012097648194,0.0,False
2023091010,2372,53476,Asante Samuel,CB,6.479978344637908,2.4218961965483805,0.32765012097648194,0.0,False
2023091010,2372,46086,Derwin James,SS,3.516319422609538,2.4218961965483805,0.32765012097648194,0.0,False
2023091010,2372,42388,Eric Kendricks,ILB,5.711198944011614,2.4218961965483805,0.32765012097648194,0.0,False
2023091010,2372,46775,J.C. Jackson,CB,2.7495463175248624,2.4218961965483805,0.32765012097648194,0.2605535936809864,True
2023091010,2372,52431,"Kenneth Murray, Jr.",MLB,4.609172973945072,2.4218961965483805,0.32765012097648194,0.0,False
2023091010,2372,45571,Michael Davis,CB,3.010099911205849,2.4218961965483805,0.32765012097648194,0.0,False
2023091010,2930,52594,Alohi Gilman,FS,2.8388722261920667,1.486238718113535,0.12273701698716866,0.0,False
2023091010,2930,53476,Asante Samuel,CB,1.8776702037496582,1.486238718113535,0.12273701698716866,0.0,False
2023091010,2930,46086,Derwin James,SS,2.684767542495361,1.486238718113535,0.12273701698716866,0.0,False
2023091010,2930,42388,Eric Kendricks,ILB,1.6089757351007037,1.486238718113535,0.12273701698716866,0.2686944686489545,True
2023091010,2930,46775,J.C. Jackson,CB,4.6167114840507155,1.486238718113535,0.12273701698716866,0.0,False
2023091010,2930,52431,"Kenneth Murray, Jr.",MLB,4.9878701044413285,1.486238718113535,0.12273701698716866,0.0,False
2023091010,2930,45571,Michael Davis,CB,2.787685871934284,1.486238718113535,0.12273701698716866,0.0,False
2023091010,2982,52594,Alohi Gilman,FS,2.6119982280017098,1.0802044581330383,0.5727462109282639,0.0,False
2023091010,2982,53476,Asante Samuel,CB,1.6529506690613023,1.0802044581330383,0.5727462109282639,0.2593617198122511,True
2023091010,2982,46086,Derwin James,SS,3.696705252199789,1.0802044581330383,0.5727462109282639,0.0,False
2023091010,2982,42388,Eric Kendricks,ILB,1.9123123888735534,1.0802044581330383,0.5727462109282639,0.0,False
2023091010,2982,46775,J.C. Jackson,CB,5.102683619898855,1.0802044581330383,0.5727462109282639,0.0,False
2023091010,2982,52431,"Kenneth Murray, Jr.",MLB,3.5756401441703587,1.0802044581330383,0.5727462109282639,0.0,False
2023091010,2982,45571,Michael Davis,CB,3.869808030998293,1.0802044581330383,0.5727462109282639,0.0,False
2023091010,3029,52594,Alohi Gilman,FS,3.374432897778525,1.0501860207478158,0.13306347390242235,0.0,False
2023091010,3029,53476,Asante Samuel,CB,4.6177920744811916,1.0501860207478158,0.13306347390242235,0.0,False
2023091010,3029,46086,Derwin James,SS,1.1971669655008292,1.0501860207478158,0.13306347390242235,0.0,False
2023091010,3029,42388,Eric Kendricks,ILB,2.737213715223507,1.0501860207478158,0.13306347390242235,0.0,False
2023091010,3029,46775,J.C. Jackson,CB,1.183249494650238,1.0501860207478158,0.13306347390242235,0.01391747085059114,True
2023091010,3029,45571,Michael Davis,CB,3.7629980264845364,1.0501860207478158,0.13306347390242235,0.0,False
2023091010,3064,52594,Alohi Gilman,FS,3.18715285846036,2.204303047137509,0.04386381700123909,0.0,False
2023091010,3064,53476,Asante Samuel,CB,3.292405260774817,2.204303047137509,0.04386381700123909,0.0,False
2023091010,3064,46086,Derwin James,SS,7.52596645862222,2.204303047137509,0.04386381700123909,0.0,False
2023091010,3064,42388,Eric Kendricks,ILB,4.607379071774953,2.204303047137509,0.04386381700123909,0.0,False
2023091010,3064,46775,J.C. Jackson,CB,2.248166864138748,2.204303047137509,0.04386381700123909,0.9389859943216119,True
2023091010,3064,54544,JT Woods,CB,3.925797788104366,2.204303047137509,0.04386381700123909,0.0,False
2023091010,3064,52431,"Kenneth Murray, Jr.",MLB,6.110611822741467,2.204303047137509,0.04386381700123909,0.0,False
2023091010,3064,45571,Michael Davis,CB,6.572934702713826,2.204303047137509,0.04386381700123909,0.0,False
2023091010,3128,47934,Andrew Van Ginkel,OLB,8.839923973661623,0.7744347595891232,1.8093797918472359,0.0,False
2023091010,3128,46259,DeShon Elliott,SS,7.864120219606023,0.7744347595891232,1.8093797918472359,0.0,False
2023091010,3128,43299,Eli Apple,CB,4.236677226962432,0.7744347595891232,1.8093797918472359,0.0,False
2023091010,3128,46142,Jerome Baker,OLB,10.133687632442514,0.7744347595891232,1.8093797918472359,0.0,False
2023091010,3128,53465,Jevon Holland,FS,4.291371173449932,0.7744347595891232,1.8093797918472359,0.0,False
2023091010,3128,54936,Kader Kohou,CB,2.583814551436359,0.7744347595891232,1.8093797918472359,1.652862675526073,True
2023091010,3128,43327,Xavien Howard,CB,9.315943366648007,0.7744347595891232,1.8093797918472359,0.0,False
2023091010,3198,52594,Alohi Gilman,FS,7.620333418997306,2.816794455847968,0.27111219316993473,0.0,False
2023091010,3198,53476,Asante Samuel,CB,7.126981099656544,2.816794455847968,0.27111219316993473,0.0,False
2023091010,3198,46086,Derwin James,SS,3.69314957278096,2.816794455847968,0.27111219316993473,0.0,False
2023091010,3198,42388,Eric Kendricks,ILB,5.953448424867055,2.816794455847968,0.27111219316993473,0.0,False
2023091010,3198,46775,J.C. Jackson,CB,3.087906649017903,2.816794455847968,0.27111219316993473,0.6052429237630572,True
2023091010,3198,52431,"Kenneth Murray, Jr.",MLB,7.591828673614655,2.816794455847968,0.27111219316993473,0.0,False
2023091010,3198,45571,Michael Davis,CB,6.43630809260874,2.816794455847968,0.27111219316993473,0.0,False
2023091010,3274,47934,Andrew Van Ginkel,OLB,2.2046518421683663,1.141130391962778,0.41529152276458525,0.0,False
2023091010,3274,46259,DeShon Elliott,SS,7.2135063735253215,1.141130391962778,0.41529152276458525,0.0,False
2023091010,3274,43299,Eli Apple,CB,7.59812218824397,1.141130391962778,0.41529152276458525,0.0,False
2023091010,3274,46142,Jerome Baker,OLB,4.33851159098306,1.141130391962778,0.41529152276458525,0.0,False
2023091010,3274,53465,Jevon Holland,FS,2.6002708215474652,1.141130391962778,0.41529152276458525,0.0,False
2023091010,3274,54936,Kader Kohou,CB,3.474464242926592,1.141130391962778,0.41529152276458525,0.0,False
2023091010,3274,43327,Xavien Howard,CB,1.5564219147273632,1.141130391962778,0.41529152276458525,0.648229927441003,True
2023091010,3309,47934,Andrew Van Ginkel,OLB,3.790618695107258,0.8764964714136241,1.3700121971913828,0.0,False
2023091010,3309,46259,DeShon Elliott,SS,8.065795307207255,0.8764964714136241,1.3700121971913828,0.0,False
2023091010,3309,43299,Eli Apple,CB,5.347364750396177,0.8764964714136241,1.3700121971913828,0.0,False
2023091010,3309,46142,Jerome Baker,OLB,2.246508668605007,0.8764964714136241,1.3700121971913828,1.544110026502251,True
2023091010,3309,53465,Jevon Holland,FS,4.451159063348633,0.8764964714136241,1.3700121971913828,0.0,False
2023091010,3309,54936,Kader Kohou,CB,6.628958168543552,0.8764964714136241,1.3700121971913828,0.0,False
2023091010,3309,43327,Xavien Howard,CB,3.8060960608552907,0.8764964714136241,1.3700121971913828,0.0,False
2023091010,3494,47934,Andrew Van Ginkel,OLB,2.723551813701034,0.9681626857555592,1.0166462062504562,0.0,False
2023091010,3494,46259,DeShon Elliott,SS,2.6624807125537693,0.9681626857555592,1.0166462062504562,0.0,False
2023091010,3494,43299,Eli Apple,CB,3.1263215220167955,0.9681626857555592,1.0166462062504562,0.0,False
2023091010,3494,46142,Jerome Baker,OLB,6.0199640132256445,0.9681626857555592,1.0166462062504562,0.0,False
2023091010,3494,53465,Jevon Holland,FS,3.9588541546089653,0.9681626857555592,1.0166462062504562,0.0,False
2023091010,3494,54936,Kader Kohou,CB,4.477799797215256,0.9681626857555592,1.0166462062504562,0.0,False
2023091010,3494,43327,Xavien Howard,CB,1.9848088920060154,0.9681626857555592,1.0166462062504562,0.6776718205477539,True
2023091010,3640,52594,Alohi Gilman,FS,5.439561176308112,2.0959227767671296,0.1524436604463162,0.0,False
2023091010,3640,53476,Asante Samuel,CB,4.366919340398657,2.0959227767671296,0.1524436604463162,0.0,False
2023091010,3640,46086,Derwin James,SS,9.5307900414638,2.0959227767671296,0.1524436604463162,0.0,False
2023091010,3640,54544,JT Woods,CB,8.644227263822044,2.0959227767671296,0.1524436604463162,0.0,False
2023091010,3640,54679,Ja'Sir Taylor,CB,9.21905055934917,2.0959227767671296,0.1524436604463162,0.0,False
2023091010,3640,45571,Michael Davis,CB,2.2483664372134458,2.0959227767671296,0.1524436604463162,2.1185529031852113,True
2023091010,3676,52594,Alohi Gilman,FS,5.638999234512382,0.9989390121545276,0.48686077823796303,0.0,False
2023091010,3676,53476,Asante Samuel,CB,5.6047979194249695,0.9989390121545276,0.48686077823796303,0.0,False
2023091010,3676,42388,Eric Kendricks,ILB,1.599546590003565,0.9989390121545276,0.48686077823796303,0.0,False
2023091010,3676,52431,"Kenneth Murray, Jr.",MLB,2.913911861098815,0.9989390121545276,0.48686077823796303,0.0,False
2023091010,3676,45571,Michael Davis,CB,1.664191912550983,0.9989390121545276,0.48686077823796303,0.0,False
2023091010,3676,55919,Tuli Tuipulotu,OLB,1.4857997903924907,0.9989390121545276,0.48686077823796303,0.11374679961107437,True
2023091010,3701,52594,Alohi Gilman,FS,4.333777574280258,0.7851825315384566,0.1948212547809418,0.0,False
2023091010,3701,53476,Asante Samuel,CB,3.3820158434415455,0.7851825315384566,0.1948212547809418,0.0,False
2023091010,3701,46086,Derwin James,SS,4.563561436048909,0.7851825315384566,0.1948212547809418,0.0,False
2023091010,3701,42388,Eric Kendricks,ILB,0.9800037863193984,0.7851825315384566,0.1948212547809418,0.1490010563473636,True
2023091010,3701,54679,Ja'Sir Taylor,CB,1.129004842666762,0.7851825315384566,0.1948212547809418,0.0,False
2023091010,3701,52431,"Kenneth Murray, Jr.",MLB,5.041485888950802,0.7851825315384566,0.1948212547809418,0.0,False
2023091010,3701,45571,Michael Davis,CB,3.114242646460609,0.7851825315384566,0.1948212547809418,0.0,False
2023091010,3803,52594,Alohi Gilman,FS,3.9294383964499566,0.99626273799714,0.2769985356046074,0.0,False
2023091010,3803,53476,Asante Samuel,CB,1.4733502028759615,0.99626273799714,0.2769985356046074,0.0,False
2023091010,3803,46086,Derwin James,SS,5.80213619948964,0.99626273799714,0.2769985356046074,0.0,False
2023091010,3803,42388,Eric Kendricks,ILB,4.562373326614962,0.99626273799714,0.2769985356046074,0.0,False
2023091010,3803,54679,Ja'Sir Taylor,CB,1.2732612736017475,0.99626273799714,0.2769985356046074,0.20008892927421407,True
2023091010,3803,52431,"Kenneth Murray, Jr.",MLB,6.109683163096073,0.99626273799714,0.2769985356046074,0.0,False
2023091010,3803,45571,Michael Davis,CB,6.844195313290522,0.99626273799714,0.2769985356046074,0.0,False
2023091010,3826,52594,Alohi Gilman,FS,0.8602124535232063,0.8198406424543296,0.04037181106887666,0.0668386773633578,True
2023091010,3826,53476,Asante Samuel,CB,4.026707641518007,0.8198406424543296,0.04037181106887666,0.0,False
2023091010,3826,46086,Derwin James,SS,0.9270511308865641,0.8198406424543296,0.04037181106887666,0.0,False
2023091010,3826,54544,JT Woods,CB,4.139467508282987,0.8198406424543296,0.04037181106887666,0.0,False
2023091010,3826,54679,Ja'Sir Taylor,CB,2.5776521479873695,0.8198406424543296,0.04037181106887666,0.0,False
2023091010,3826,45571,Michael Davis,CB,1.9861121356343698,0.8198406424543296,0.04037181106887666,0.0,False
2023091010,3890,47971,David Long Jr.,ILB,5.879123278198576,0.9282744526115845,0.26162990253041163,0.0,False
2023091010,3890,46259,DeShon Elliott,SS,6.890567313572055,0.9282744526115845,0.26162990253041163,0.0,False
2023091010,3890,46142,Jerome Baker,OLB,6.040171993248784,0.9282744526115845,0.26162990253041163,0.0,False
2023091010,3890,53465,Jevon Holland,FS,1.189904355141996,0.9282744526115845,0.26162990253041163,1.0728712538777727,True
2023091010,3890,54936,Kader Kohou,CB,9.504761985083588,0.9282744526115845,0.26162990253041163,0.0,False
2023091010,3890,43327,Xavien Howard,CB,2.262775609019769,0.9282744526115845,0.26162990253041163,0.0,False
2023091010,4076,47934,Andrew Van Ginkel,OLB,6.032501634658348,2.598691819710623,0.12661486958409407,0.0,False
2023091010,4076,46259,DeShon Elliott,SS,7.920805295007066,2.598691819710623,0.12661486958409407,0.0,False
2023091010,4076,43299,Eli Apple,CB,11.64045703535824,2.598691819710623,0.12661486958409407,0.0,False
2023091010,4076,46142,Jerome Baker,OLB,6.751129889578243,2.598691819710623,0.12661486958409407,0.0,False
2023091010,4076,53465,Jevon Holland,FS,2.725306689294717,2.598691819710623,0.12661486958409407,1.9208378804719697,True
2023091010,4076,54936,Kader Kohou,CB,7.367825941995968,2.598691819710623,0.12661486958409407,0.0,False
2023091010,4076,43327,Xavien Howard,CB,4.646144569766687,2.598691819710623,0.12661486958409407,0.0,False
2023091010,4099,47934,Andrew Van Ginkel,OLB,3.1549793299082554,0.637868398715409,1.1345520289711044,0.0,False
2023091010,4099,46259,DeShon Elliott,SS,2.5122676026335773,0.637868398715409,1.1345520289711044,0.0,False
2023091010,4099,43299,Eli Apple,CB,4.861485226169863,0.637868398715409,1.1345520289711044,0.0,False
2023091010,4099,46142,Jerome Baker,OLB,1.7724204276865134,0.637868398715409,1.1345520289711044,0.34756830014535045,True
2023091010,4099,53465,Jevon Holland,FS,3.3013009136849973,0.637868398715409,1.1345520289711044,0.0,False
2023091010,4099,54936,Kader Kohou,CB,5.573696719123363,0.637868398715409,1.1345520289711044,0.0,False
2023091010,4099,43327,Xavien Howard,CB,2.119988727831864,0.637868398715409,1.1345520289711044,0.0,False
2023091010,4207,46259,DeShon Elliott,SS,2.7617580539737956,0.8675606110266185,0.6704648863301521,0.0,False
2023091010,4207,43299,Eli Apple,CB,5.784276556304117,0.8675606110266185,0.6704648863301521,0.0,False
2023091010,4207,53465,Jevon Holland,FS,5.486490950126133,0.8675606110266185,0.6704648863301521,0.0,False
2023091010,4207,54936,Kader Kohou,CB,6.859203592414684,0.8675606110266185,0.6704648863301521,0.0,False
2023091010,4207,43327,Xavien Howard,CB,1.5380254973567706,0.8675606110266185,0.6704648863301521,1.223732556617025,True
2023091010,4321,52594,Alohi Gilman,FS,4.915075482685328,1.1897624573276768,0.24358954752035422,0.0,False
2023091010,4321,53476,Asante Samuel,CB,2.531327839997709,1.1897624573276768,0.24358954752035422,0.0,False
2023091010,4321,46086,Derwin James,SS,6.724324778503774,1.1897624573276768,0.24358954752035422,0.0,False
2023091010,4321,54679,Ja'Sir Taylor,CB,1.433352004848031,1.1897624573276768,0.24358954752035422,1.0979758351496778,True
2023091010,4321,52431,"Kenneth Murray, Jr.",MLB,2.6507809081073903,1.1897624573276768,0.24358954752035422,0.0,False
2023091010,4321,45571,Michael Davis,CB,3.729981409551569,1.1897624573276768,0.24358954752035422,0.0,False
2023091010,4426,52594,Alohi Gilman,FS,8.844898778825538,3.111225569325909,0.13217741223631174,0.0,False
2023091010,4426,53476,Asante Samuel,CB,6.362265982132493,3.111225569325909,0.13217741223631174,0.0,False
2023091010,4426,46086,Derwin James,SS,3.5920290318549455,3.111225569325909,0.13217741223631174,0.0,False
2023091010,4426,42388,Eric Kendricks,ILB,7.586173204217749,3.111225569325909,0.13217741223631174,0.0,False
2023091010,4426,54544,JT Woods,CB,7.897638156892679,3.111225569325909,0.13217741223631174,0.0,False
2023091010,4426,54679,Ja'Sir Taylor,CB,3.243402981562221,3.111225569325909,0.13217741223631174,0.34862605029272453,True
2023091010,4426,52431,"Kenneth Murray, Jr.",MLB,7.658572958577682,3.111225569325909,0.13217741223631174,0.0,False
2023091010,4426,45571,Michael Davis,CB,12.418043763223418,3.111225569325909,0.13217741223631174,0.0,False
2023091010,4473,52594,Alohi Gilman,FS,2.499944078215111,1.1479076178127028,-0.10468359570677177,0.0,False
2023091010,4473,53476,Asante Samuel,CB,5.941958076257309,1.1479076178127028,-0.10468359570677177,0.0,False
2023091010,4473,46086,Derwin James,SS,1.043224022105931,1.1479076178127028,-0.10468359570677177,1.45672005610918,True
2023091010,4473,42388,Eric Kendricks,ILB,2.6316474505249863,1.1479076178127028,-0.10468359570677177,0.0,False
2023091010,4473,54679,Ja'Sir Taylor,CB,3.4673759847016417,1.1479076178127028,-0.10468359570677177,0.0,False
2023091010,4473,45571,Michael Davis,CB,3.6950425172845747,1.1479076178127028,-0.10468359570677177,0.0,False
2023091010,4498,52594,Alohi Gilman,FS,1.3865276415721552,1.1380301219168119,0.1390325522813869,0.0,False
2023091010,4498,53476,Asante Samuel,CB,1.4099019016861583,1.1380301219168119,0.1390325522813869,0.0,False
2023091010,4498,46086,Derwin James,SS,3.1237111700611346,1.1380301219168119,0.1390325522813869,0.0,False
2023091010,4498,42388,Eric Kendricks,ILB,1.2770626741981987,1.1380301219168119,0.1390325522813869,0.1094649673739565,True
2023091010,4498,54679,Ja'Sir Taylor,CB,6.031457593493525,1.1380301219168119,0.1390325522813869,0.0,False
2023091010,4498,52431,"Kenneth Murray, Jr.",MLB,1.8105248885638487,1.1380301219168119,0.1390325522813869,0.0,False
2023091010,4498,45571,Michael Davis,CB,4.33656909129707,1.1380301219168119,0.1390325522813869,0.0,False
2023091010,4528,52594,Alohi Gilman,FS,2.49872552692479,1.007042506031666,1.491683020893124,0.8417630110502567,True
2023091010,4528,53476,Asante Samuel,CB,3.639390445556765,1.007042506031666,1.491683020893124,0.0,False
2023091010,4528,46086,Derwin James,SS,4.377675390391904,1.007042506031666,1.491683020893124,0.0,False
2023091010,4528,54679,Ja'Sir Taylor,CB,3.3404885379750464,1.007042506031666,1.491683020893124,0.0,False
2023091010,4528,45571,Michael Davis,CB,4.543041911884439,1.007042506031666,1.491683020893124,0.0,False
2023091010,4558,52594,Alohi Gilman,FS,5.032333503954952,1.714984308249936,0.19817129496968255,0.0,False
2023091010,4558,53476,Asante Samuel,CB,4.379226359555361,1.714984308249936,0.19817129496968255,0.0,False
2023091010,4558,46086,Derwin James,SS,2.7485977654308,1.714984308249936,0.19817129496968255,0.0,False
2023091010,4558,42388,Eric Kendricks,ILB,5.487111385258489,1.714984308249936,0.19817129496968255,0.0,False
2023091010,4558,54679,Ja'Sir Taylor,CB,6.237245950649174,1.714984308249936,0.19817129496968255,0.0,False
2023091010,4558,52431,"Kenneth Murray, Jr.",MLB,3.61394188914013,1.714984308249936,0.19817129496968255,0.0,False
2023091010,4558,45571,Michael Davis,CB,1.9131556032196186,1.714984308249936,0.19817129496968255,0.8354421622111812,True
2023091010,4615,46259,DeShon Elliott,SS,5.498067092545241,1.323284945876961,0.552947472438996,0.0,False
2023091010,4615,43299,Eli Apple,CB,1.876232418315957,1.323284945876961,0.552947472438996,1.0140378755554569,True
2023091010,4615,46142,Jerome Baker,OLB,6.6872476865249455,1.323284945876961,0.552947472438996,0.0,False
2023091010,4615,53465,Jevon Holland,FS,4.961524793113506,1.323284945876961,0.552947472438996,0.0,False
2023091010,4615,38707,Justin Bethel,CB,4.01117267976352,1.323284945876961,0.552947472438996,0.0,False
2023091010,4615,54936,Kader Kohou,CB,2.890270293871414,1.323284945876961,0.552947472438996,0.0,False
2023091010,4615,43327,Xavien Howard,CB,6.495004177889718,1.323284945876961,0.552947472438996,0.0,False
2023091010,4699,47934,Andrew Van Ginkel,OLB,3.5907463219137985,1.32837426948112,0.6768369679296604,0.0,False
2023091010,4699,46259,DeShon Elliott,SS,5.369707871770629,1.32837426948112,0.6768369679296604,0.0,False
2023091010,4699,43299,Eli Apple,CB,5.441526320647108,1.32837426948112,0.6768369679296604,0.0,False
2023091010,4699,46142,Jerome Baker,OLB,2.0052112374107804,1.32837426948112,0.6768369679296604,0.12805940656666515,True
2023091010,4699,53465,Jevon Holland,FS,2.1332706439774456,1.32837426948112,0.6768369679296604,0.0,False
2023091010,4699,38707,Justin Bethel,CB,6.258475283285324,1.32837426948112,0.6768369679296604,0.0,False
2023091010,4699,54936,Kader Kohou,CB,2.3428615197336686,1.32837426948112,0.6768369679296604,0.0,False
2023091010,4699,43327,Xavien Howard,CB,3.655709007723585,1.32837426948112,0.6768369679296604,0.0,False
2023091011,55,55881,Christian Gonzalez,CB,3.9367414140839885,0.7828212825567118,1.7235054282311102,0.0,False
2023091011,55,46212,Ja'Whaun Bentley,ILB,3.0771308598789946,0.7828212825567118,1.7235054282311102,0.0,False
2023091011,55,44837,Jabrill Peppers,SS,2.506326710787822,0.7828212825567118,1.7235054282311102,0.15398767558991988,True
2023091011,55,47826,Jahlani Tavai,ILB,2.660314386377742,0.7828212825567118,1.7235054282311102,0.0,False
2023091011,55,43700,Jonathan Jones,CB,6.486169634459187,0.7828212825567118,1.7235054282311102,0.0,False
2023091011,55,52445,Kyle Dugger,SS,6.459032641796319,0.7828212825567118,1.7235054282311102,0.0,False
2023091011,55,52991,Myles Bryant,S,5.532125560167993,0.7828212825567118,1.7235054282311102,0.0,False
2023091011,140,55881,Christian Gonzalez,CB,3.341319556333347,0.5839067608815499,1.635734228883552,0.0,False
2023091011,140,46212,Ja'Whaun Bentley,ILB,2.386434439999885,0.5839067608815499,1.635734228883552,0.0,False
2023091011,140,44837,Jabrill Peppers,SS,4.043921961221543,0.5839067608815499,1.635734228883552,0.0,False
2023091011,140,47826,Jahlani Tavai,ILB,2.5205591693062397,0.5839067608815499,1.635734228883552,0.0,False
2023091011,140,43700,Jonathan Jones,CB,4.1855374260957285,0.5839067608815499,1.635734228883552,0.0,False
2023091011,140,52445,Kyle Dugger,SS,5.359534655660896,0.5839067608815499,1.635734228883552,0.0,False
2023091011,140,55941,Marte Mapu,ILB,2.219640989765102,0.5839067608815499,1.635734228883552,0.16679345023478298,True
2023091011,209,55881,Christian Gonzalez,CB,6.518298707794357,1.170483618319139,0.9867436797523998,0.0,False
2023091011,209,44837,Jabrill Peppers,SS,4.590350791818558,1.170483618319139,0.9867436797523998,0.0,False
2023091011,209,47826,Jahlani Tavai,ILB,3.3328992044824077,1.170483618319139,0.9867436797523998,0.0,False
2023091011,209,43700,Jonathan Jones,CB,2.157227298071539,1.170483618319139,0.9867436797523998,0.056785502263643206,True
2023091011,209,52445,Kyle Dugger,SS,4.637596444409949,1.170483618319139,0.9867436797523998,0.0,False
2023091011,209,52991,Myles Bryant,S,2.214012800335182,1.170483618319139,0.9867436797523998,0.0,False
2023091011,515,46194,Avonte Maddox,CB,1.2567443416594628,0.9625855775006653,-0.18158095814688413,0.0,False
2023091011,515,39984,Darius Slay,CB,5.058150676602709,0.9625855775006653,-0.18158095814688413,0.0,False
2023091011,515,43351,James Bradberry,CB,4.659699971933315,0.9625855775006653,-0.18158095814688413,0.0,False
2023091011,515,44862,Justin Evans,FS,1.107027358209085,0.9625855775006653,-0.18158095814688413,0.0,False
2023091011,515,54548,Nakobe Dean,ILB,2.511088645288497,0.9625855775006653,-0.18158095814688413,0.0,False
2023091011,515,54808,Reed Blankenship,FS,3.462810026671125,0.9625855775006653,-0.18158095814688413,0.0,False
2023091011,515,44869,Zach Cunningham,MLB,0.7810046193537812,0.9625855775006653,-0.18158095814688413,0.32602273885530386,True
2023091011,614,46194,Avonte Maddox,CB,4.505817351165626,1.0118832703330112,0.10998016180990078,0.0,False
2023091011,614,39984,Darius Slay,CB,5.972285328802002,1.0118832703330112,0.10998016180990078,0.0,False
2023091011,614,43351,James Bradberry,CB,3.624506775220134,1.0118832703330112,0.10998016180990078,0.0,False
2023091011,614,44862,Justin Evans,FS,3.2506443054722793,1.0118832703330112,0.10998016180990078,0.0,False
2023091011,614,54548,Nakobe Dean,ILB,2.1645769564885176,1.0118832703330112,0.10998016180990078,0.0,False
2023091011,614,54808,Reed Blankenship,FS,2.513040997759354,1.0118832703330112,0.10998016180990078,0.0,False
2023091011,614,44869,Zach Cunningham,MLB,1.121863432142912,1.0118832703330112,0.10998016180990078,1.0427135243456056,True
2023091011,637,46194,Avonte Maddox,CB,4.484455643267608,0.671064334238786,0.17809043339783936,0.0,False
2023091011,637,39984,Darius Slay,CB,2.6425824800059114,0.671064334238786,0.17809043339783936,0.0,False
2023091011,637,43351,James Bradberry,CB,6.567288005125831,0.671064334238786,0.17809043339783936,0.0,False
2023091011,637,44862,Justin Evans,FS,1.19765090893681,0.671064334238786,0.17809043339783936,0.0,False
2023091011,637,54548,Nakobe Dean,ILB,3.1289213772300917,0.671064334238786,0.17809043339783936,0.0,False
2023091011,637,54808,Reed Blankenship,FS,3.507424790260013,0.671064334238786,0.17809043339783936,0.0,False
2023091011,637,44869,Zach Cunningham,MLB,0.8491547676366253,0.671064334238786,0.17809043339783936,0.3484961413001846,True
2023091011,766,55881,Christian Gonzalez,CB,2.017467214349746,1.5275883917321387,0.4898788226176072,1.711166677525301,True
2023091011,766,46212,Ja'Whaun Bentley,ILB,6.231220894214384,1.5275883917321387,0.4898788226176072,0.0,False
2023091011,766,43700,Jonathan Jones,CB,8.442140178867833,1.5275883917321387,0.4898788226176072,0.0,False
2023091011,766,52445,Kyle Dugger,SS,4.70509770657839,1.5275883917321387,0.4898788226176072,0.0,False
2023091011,766,54550,Marcus Jones,CB,3.7286338918750466,1.5275883917321387,0.4898788226176072,0.0,False
2023091011,849,55881,Christian Gonzalez,CB,3.4001152118830715,1.1208950421799486,0.24505079038972255,0.0,False
2023091011,849,46212,Ja'Whaun Bentley,ILB,2.4868280189389655,1.1208950421799486,0.24505079038972255,0.0,False
2023091011,849,44837,Jabrill Peppers,SS,5.08409065043362,1.1208950421799486,0.24505079038972255,0.0,False
2023091011,849,47826,Jahlani Tavai,ILB,3.019336538313608,1.1208950421799486,0.24505079038972255,0.0,False
2023091011,849,43700,Jonathan Jones,CB,2.033179602302144,1.1208950421799486,0.24505079038972255,0.0,False
2023091011,849,52445,Kyle Dugger,SS,2.783343046976357,1.1208950421799486,0.24505079038972255,0.0,False
2023091011,849,54550,Marcus Jones,CB,1.3659458325696712,1.1208950421799486,0.24505079038972255,0.6672337697324726,True
2023091011,952,39984,Darius Slay,CB,7.700186020003255,0.7700626482231661,0.13115303206161943,0.0,False
2023091011,952,43351,James Bradberry,CB,0.9012156802847855,0.7700626482231661,0.13115303206161943,0.8107230690661114,True
2023091011,952,44862,Justin Evans,FS,5.6113396217351665,0.7700626482231661,0.13115303206161943,0.0,False
2023091011,952,54548,Nakobe Dean,ILB,2.4543737296793915,0.7700626482231661,0.13115303206161943,0.0,False
2023091011,952,55894,Nolan Smith,OLB,6.347346019983295,0.7700626482231661,0.13115303206161943,0.0,False
2023091011,952,54808,Reed Blankenship,FS,5.244372218060032,0.7700626482231661,0.13115303206161943,0.0,False
2023091011,952,44869,Zach Cunningham,MLB,1.7119387493508968,0.7700626482231661,0.13115303206161943,0.0,False
2023091011,980,46194,Avonte Maddox,CB,9.090091297924593,0.8072799397965449,0.20999232061048168,0.0,False
2023091011,980,39984,Darius Slay,CB,4.289728494622109,0.8072799397965449,0.20999232061048168,0.0,False
2023091011,980,43351,James Bradberry,CB,1.887393027964071,0.8072799397965449,0.20999232061048168,0.0,False
2023091011,980,44862,Justin Evans,FS,8.032723215291625,0.8072799397965449,0.20999232061048168,0.0,False
2023091011,980,54548,Nakobe Dean,ILB,1.8573571618259008,0.8072799397965449,0.20999232061048168,0.0,False
2023091011,980,54808,Reed Blankenship,FS,1.0172722604070266,0.8072799397965449,0.20999232061048168,0.8400849014188743,True
2023091011,980,44869,Zach Cunningham,MLB,8.424090666440582,0.8072799397965449,0.20999232061048168,0.0,False
2023091011,1034,55881,Christian Gonzalez,CB,3.3285572364252216,0.7524523709151543,1.1965041745887524,0.0,False
2023091011,1034,46212,Ja'Whaun Bentley,ILB,3.910871695827674,0.7524523709151543,1.1965041745887524,0.0,False
2023091011,1034,44837,Jabrill Peppers,SS,1.9489565455039066,0.7524523709151543,1.1965041745887524,0.8405481077374057,True
2023091011,1034,52445,Kyle Dugger,SS,6.283500470730567,0.7524523709151543,1.1965041745887524,0.0,False
2023091011,1034,47938,Mack Wilson,ILB,2.789504653241312,0.7524523709151543,1.1965041745887524,0.0,False
2023091011,1034,54550,Marcus Jones,CB,7.4979283994297745,0.7524523709151543,1.1965041745887524,0.0,False
2023091011,1034,52991,Myles Bryant,S,6.261137107303398,0.7524523709151543,1.1965041745887524,0.0,False
2023091011,1101,55881,Christian Gonzalez,CB,2.427000933898687,1.0577297179946745,0.7692211157254134,0.0,False
2023091011,1101,43522,Jalen Mills,CB,2.7769955827880404,1.0577297179946745,0.7692211157254134,0.0,False
2023091011,1101,54550,Marcus Jones,CB,5.740734112904739,1.0577297179946745,0.7692211157254134,0.0,False
2023091011,1101,52991,Myles Bryant,S,1.826950833720088,1.0577297179946745,0.7692211157254134,0.6000501001785989,True
2023091011,1224,46194,Avonte Maddox,CB,0.8087805691701291,0.7106214206220376,0.09815914854809149,0.8611989988331141,True
2023091011,1224,39984,Darius Slay,CB,6.908945257349413,0.7106214206220376,0.09815914854809149,0.0,False
2023091011,1224,43351,James Bradberry,CB,1.6699795680032432,0.7106214206220376,0.09815914854809149,0.0,False
2023091011,1224,54548,Nakobe Dean,ILB,1.9539139680360564,0.7106214206220376,0.09815914854809149,0.0,False
2023091011,1224,54808,Reed Blankenship,FS,3.497697490538156,0.7106214206220376,0.09815914854809149,0.0,False
2023091011,1224,46097,Terrell Edmunds,FS,3.164843740647098,0.7106214206220376,0.09815914854809149,0.0,False
2023091011,1224,44869,Zach Cunningham,MLB,2.8607572533825207,0.7106214206220376,0.09815914854809149,0.0,False
2023091011,1418,46194,Avonte Maddox,CB,4.477786827276018,0.6888307005953196,0.28997294991604683,0.0,False
2023091011,1418,54026,Christian Elliss,ILB,1.6330094883726483,0.6888307005953196,0.28997294991604683,0.0,False
2023091011,1418,39984,Darius Slay,CB,3.4269918783010604,0.6888307005953196,0.28997294991604683,0.0,False
2023091011,1418,43351,James Bradberry,CB,1.2180637849259397,0.6888307005953196,0.28997294991604683,0.0,False
2023091011,1418,44862,Justin Evans,FS,4.192453413631729,0.6888307005953196,0.28997294991604683,0.0,False
2023091011,1418,54548,Nakobe Dean,ILB,2.793500281502079,0.6888307005953196,0.28997294991604683,0.0,False
2023091011,1418,54808,Reed Blankenship,FS,0.9788036505113664,0.6888307005953196,0.28997294991604683,0.23926013441457328,True
2023091011,1443,46194,Avonte Maddox,CB,1.892606278300764,1.357905480551073,0.3801074779719449,0.0,False
2023091011,1443,54026,Christian Elliss,ILB,6.470685467053754,1.357905480551073,0.3801074779719449,0.0,False
2023091011,1443,39984,Darius Slay,CB,1.738012958523018,1.357905480551073,0.3801074779719449,0.15459331977774604,True
2023091011,1443,43351,James Bradberry,CB,3.5300102137103324,1.357905480551073,0.3801074779719449,0.0,False
2023091011,1443,44862,Justin Evans,FS,4.051828422737967,1.357905480551073,0.3801074779719449,0.0,False
2023091011,1443,54548,Nakobe Dean,ILB,3.3050937784743475,1.357905480551073,0.3801074779719449,0.0,False
2023091011,1443,54808,Reed Blankenship,FS,6.182222472330453,1.357905480551073,0.3801074779719449,0.0,False
2023091011,1661,46194,Avonte Maddox,CB,1.9487179868500746,0.6050213026805671,0.7135760336287289,0.0,False
2023091011,1661,39984,Darius Slay,CB,8.027915032519678,0.6050213026805671,0.7135760336287289,0.0,False
2023091011,1661,43351,James Bradberry,CB,2.5390128089050443,0.6050213026805671,0.7135760336287289,0.0,False
2023091011,1661,44862,Justin Evans,FS,7.769206303889248,0.6050213026805671,0.7135760336287289,0.0,False
2023091011,1661,54548,Nakobe Dean,ILB,1.318597336309296,0.6050213026805671,0.7135760336287289,0.6301206505407786,True
2023091011,1661,54808,Reed Blankenship,FS,3.347807908455697,0.6050213026805671,0.7135760336287289,0.0,False
2023091011,1661,44869,Zach Cunningham,MLB,2.7384729364992575,0.6050213026805671,0.7135760336287289,0.0,False
2023091011,1686,46194,Avonte Maddox,CB,7.889845805309937,3.191113394432952,0.4989956146843486,0.0,False
2023091011,1686,39984,Darius Slay,CB,3.6901090091173008,3.191113394432952,0.4989956146843486,2.928377702066942,True
2023091011,1686,43351,James Bradberry,CB,9.019748613799692,3.191113394432952,0.4989956146843486,0.0,False
2023091011,1686,44862,Justin Evans,FS,6.618486711184243,3.191113394432952,0.4989956146843486,0.0,False
2023091011,1686,54548,Nakobe Dean,ILB,8.14094710885298,3.191113394432952,0.4989956146843486,0.0,False
2023091011,1686,44869,Zach Cunningham,MLB,10.983126032334892,3.191113394432952,0.4989956146843486,0.0,False
2023091011,1734,46194,Avonte Maddox,CB,2.8354689645724767,1.145594313458118,0.8341246827564459,0.0,False
2023091011,1734,39984,Darius Slay,CB,2.3138981040479845,1.145594313458118,0.8341246827564459,0.0,False
2023091011,1734,43351,James Bradberry,CB,2.009270425244739,1.145594313458118,0.8341246827564459,0.0,False
2023091011,1734,44862,Justin Evans,FS,2.954439786269389,1.145594313458118,0.8341246827564459,0.0,False
2023091011,1734,54548,Nakobe Dean,ILB,1.9797189962145638,1.145594313458118,0.8341246827564459,0.029551429030175047,True
2023091011,1734,54808,Reed Blankenship,FS,3.98826932872735,1.145594313458118,0.8341246827564459,0.0,False
2023091011,1759,46194,Avonte Maddox,CB,2.888415267286795,2.2940672287786668,0.5943480385081283,0.5384194308924695,True
2023091011,1759,39984,Darius Slay,CB,4.793969087593917,2.2940672287786668,0.5943480385081283,0.0,False
2023091011,1759,43351,James Bradberry,CB,9.202052764502836,2.2940672287786668,0.5943480385081283,0.0,False
2023091011,1759,44862,Justin Evans,FS,7.137493947661465,2.2940672287786668,0.5943480385081283,0.0,False
2023091011,1759,54548,Nakobe Dean,ILB,3.4268346981792646,2.2940672287786668,0.5943480385081283,0.0,False
2023091011,1759,46097,Terrell Edmunds,FS,5.796706074602376,2.2940672287786668,0.5943480385081283,0.0,False
2023091011,1759,44869,Zach Cunningham,MLB,5.350346298227084,2.2940672287786668,0.5943480385081283,0.0,False
2023091011,1792,46194,Avonte Maddox,CB,4.550358219286205,0.7841844026828069,0.397209020881913,0.0,False
2023091011,1792,39984,Darius Slay,CB,5.559358252452621,0.7841844026828069,0.397209020881913,0.0,False
2023091011,1792,43351,James Bradberry,CB,4.228266822298535,0.7841844026828069,0.397209020881913,0.0,False
2023091011,1792,44862,Justin Evans,FS,2.1646181480979374,0.7841844026828069,0.397209020881913,0.0,False
2023091011,1792,54548,Nakobe Dean,ILB,1.5040428921763302,0.7841844026828069,0.397209020881913,0.0,False
2023091011,1792,46097,Terrell Edmunds,FS,4.2022128959859035,0.7841844026828069,0.397209020881913,0.0,False
2023091011,1792,44869,Zach Cunningham,MLB,1.1813934235647199,0.7841844026828069,0.397209020881913,0.32264946861161037,True
2023091011,1839,46194,Avonte Maddox,CB,7.331611663666766,1.5284796230984667,0.07222607170089024,0.0,False
2023091011,1839,39984,Darius Slay,CB,7.61169408352978,1.5284796230984667,0.07222607170089024,0.0,False
2023091011,1839,43351,James Bradberry,CB,1.600705694799357,1.5284796230984667,0.07222607170089024,0.056069935987195674,True
2023091011,1839,44862,Justin Evans,FS,3.1376081432885887,1.5284796230984667,0.07222607170089024,0.0,False
2023091011,1839,54548,Nakobe Dean,ILB,5.024894547526184,1.5284796230984667,0.07222607170089024,0.0,False
2023091011,1839,54808,Reed Blankenship,FS,1.6567756307865527,1.5284796230984667,0.07222607170089024,0.0,False
2023091011,1839,44869,Zach Cunningham,MLB,3.0981996465800483,1.5284796230984667,0.07222607170089024,0.0,False
2023091011,1964,42116,Adrian Phillips,FS,4.194048112321037,0.7912319645693775,0.5771092590461451,0.0,False
2023091011,1964,55881,Christian Gonzalez,CB,1.3683412236155226,0.7912319645693775,0.5771092590461451,0.526819970169784,True
2023091011,1964,46212,Ja'Whaun Bentley,ILB,1.8951611937853066,0.7912319645693775,0.5771092590461451,0.0,False
2023091011,1964,44837,Jabrill Peppers,SS,5.658906024375806,0.7912319645693775,0.5771092590461451,0.0,False
2023091011,1964,43700,Jonathan Jones,CB,8.335475054049791,0.7912319645693775,0.5771092590461451,0.0,False
2023091011,1964,52445,Kyle Dugger,SS,2.411370957187246,0.7912319645693775,0.5771092590461451,0.0,False
2023091011,1964,54550,Marcus Jones,CB,6.711222752102081,0.7912319645693775,0.5771092590461451,0.0,False
2023091011,1989,55881,Christian Gonzalez,CB,4.360442348232505,1.0007981294085073,0.5643174673641389,0.0,False
2023091011,1989,46212,Ja'Whaun Bentley,ILB,1.8957503397946298,1.0007981294085073,0.5643174673641389,0.0,False
2023091011,1989,44837,Jabrill Peppers,SS,1.5651155967726462,1.0007981294085073,0.5643174673641389,0.3306347430219836,True
2023091011,1989,43522,Jalen Mills,CB,4.402223095354765,1.0007981294085073,0.5643174673641389,0.0,False
2023091011,1989,43700,Jonathan Jones,CB,5.307895613651069,1.0007981294085073,0.5643174673641389,0.0,False
2023091011,1989,52445,Kyle Dugger,SS,2.720253249579625,1.0007981294085073,0.5643174673641389,0.0,False
2023091011,1989,54550,Marcus Jones,CB,3.803244535852838,1.0007981294085073,0.5643174673641389,0.0,False
2023091011,2093,46194,Avonte Maddox,CB,2.3842953885184985,1.1687538134940205,0.4130826327252628,0.0,False
2023091011,2093,39984,Darius Slay,CB,2.711814279994081,1.1687538134940205,0.4130826327252628,0.0,False
2023091011,2093,43351,James Bradberry,CB,4.5082818163290685,1.1687538134940205,0.4130826327252628,0.0,False
2023091011,2093,44862,Justin Evans,FS,1.5818364462192833,1.1687538134940205,0.4130826327252628,0.2751478316801852,True
2023091011,2093,54548,Nakobe Dean,ILB,1.893249135729677,1.1687538134940205,0.4130826327252628,0.0,False
2023091011,2093,54808,Reed Blankenship,FS,3.505467542592249,1.1687538134940205,0.4130826327252628,0.0,False
2023091011,2093,44869,Zach Cunningham,MLB,1.8569842778994685,1.1687538134940205,0.4130826327252628,0.0,False
2023091011,2125,46194,Avonte Maddox,CB,2.7046139827147866,1.163447450075701,0.40200112238407426,0.0,False
2023091011,2125,39984,Darius Slay,CB,4.018846468585271,1.163447450075701,0.40200112238407426,0.0,False
2023091011,2125,43351,James Bradberry,CB,2.4830271745582784,1.163447450075701,0.40200112238407426,0.0,False
2023091011,2125,44862,Justin Evans,FS,2.1087556126199276,1.163447450075701,0.40200112238407426,0.0,False
2023091011,2125,54548,Nakobe Dean,ILB,1.5654485724597753,1.163447450075701,0.40200112238407426,0.5433070401601523,True
2023091011,2125,44869,Zach Cunningham,MLB,3.515721716452442,1.163447450075701,0.40200112238407426,0.0,False
2023091011,2196,46194,Avonte Maddox,CB,1.9925838726946614,0.6818087606217742,1.3107751120728872,0.47066971892270515,True
2023091011,2196,39984,Darius Slay,CB,4.315565570330213,0.6818087606217742,1.3107751120728872,0.0,False
2023091011,2196,43351,James Bradberry,CB,5.955686050079623,0.6818087606217742,1.3107751120728872,0.0,False
2023091011,2196,44862,Justin Evans,FS,5.836315713779451,0.6818087606217742,1.3107751120728872,0.0,False
2023091011,2196,54548,Nakobe Dean,ILB,2.4632535916173666,0.6818087606217742,1.3107751120728872,0.0,False
2023091011,2196,54808,Reed Blankenship,FS,5.918612509303788,0.6818087606217742,1.3107751120728872,0.0,False
2023091011,2196,44869,Zach Cunningham,MLB,7.55196232884562,0.6818087606217742,1.3107751120728872,0.0,False
2023091011,2221,46194,Avonte Maddox,CB,2.571600046142176,1.983126821345895,0.2670165125849644,0.0,False
2023091011,2221,39984,Darius Slay,CB,3.6701769595385225,1.983126821345895,0.2670165125849644,0.0,False
2023091011,2221,43351,James Bradberry,CB,2.2501433339308594,1.983126821345895,0.2670165125849644,0.32145671221131655,True
2023091011,2221,44862,Justin Evans,FS,2.754618390143214,1.983126821345895,0.2670165125849644,0.0,False
2023091011,2221,54548,Nakobe Dean,ILB,4.514139617528007,1.983126821345895,0.2670165125849644,0.0,False
2023091011,2221,54808,Reed Blankenship,FS,4.638930148597345,1.983126821345895,0.2670165125849644,0.0,False
2023091011,2221,44869,Zach Cunningham,MLB,6.2003651249917064,1.983126821345895,0.2670165125849644,0.0,False
2023091011,2363,46194,Avonte Maddox,CB,6.03432701655012,0.9110873286263983,1.163900556421542,0.0,False
2023091011,2363,39984,Darius Slay,CB,5.758603580644736,0.9110873286263983,1.163900556421542,0.0,False
2023091011,2363,43351,James Bradberry,CB,3.3005967140808297,0.9110873286263983,1.163900556421542,0.0,False
2023091011,2363,44862,Justin Evans,FS,5.338558254443143,0.9110873286263983,1.163900556421542,0.0,False
2023091011,2363,54548,Nakobe Dean,ILB,3.991657367011763,0.9110873286263983,1.163900556421542,0.0,False
2023091011,2363,54808,Reed Blankenship,FS,5.267422161562215,0.9110873286263983,1.163900556421542,0.0,False
2023091011,2363,44869,Zach Cunningham,MLB,2.0749878850479404,0.9110873286263983,1.163900556421542,1.2256088290328893,True
2023091011,2388,46194,Avonte Maddox,CB,5.791583454976272,1.7164349136372232,0.07485102442425573,0.0,False
2023091011,2388,39984,Darius Slay,CB,7.69756763318333,1.7164349136372232,0.07485102442425573,0.0,False
2023091011,2388,43351,James Bradberry,CB,1.791285938061479,1.7164349136372232,0.07485102442425573,1.6693689856582625,True
2023091011,2388,44862,Justin Evans,FS,3.4606549237197415,1.7164349136372232,0.07485102442425573,0.0,False
2023091011,2388,54548,Nakobe Dean,ILB,5.386486234664342,1.7164349136372232,0.07485102442425573,0.0,False
2023091011,2388,54808,Reed Blankenship,FS,3.506272278644064,1.7164349136372232,0.07485102442425573,0.0,False
2023091011,2388,44869,Zach Cunningham,MLB,4.033967905263019,1.7164349136372232,0.07485102442425573,0.0,False
2023091011,2449,55881,Christian Gonzalez,CB,1.9085553260697685,1.3565042590573155,-0.19509593745925868,0.0,False
2023091011,2449,44837,Jabrill Peppers,SS,3.6434306514041865,1.3565042590573155,-0.19509593745925868,0.0,False
2023091011,2449,47826,Jahlani Tavai,ILB,1.1614083215980568,1.3565042590573155,-0.19509593745925868,0.35173344616364943,True
2023091011,2449,43700,Jonathan Jones,CB,4.345244154080014,1.3565042590573155,-0.19509593745925868,0.0,False
2023091011,2449,52445,Kyle Dugger,SS,1.5131417677617063,1.3565042590573155,-0.19509593745925868,0.0,False
2023091011,2449,43435,Matthew Judon,OLB,1.8268455990126988,1.3565042590573155,-0.19509593745925868,0.0,False
2023091011,2449,52991,Myles Bryant,S,2.843088752862722,1.3565042590573155,-0.19509593745925868,0.0,False
2023091011,2508,42116,Adrian Phillips,FS,1.5433727518436748,1.2097223723722033,0.3336503794714716,0.9845957161402537,True
2023091011,2508,55881,Christian Gonzalez,CB,2.5279684679839285,1.2097223723722033,0.3336503794714716,0.0,False
2023091011,2508,44837,Jabrill Peppers,SS,7.104457491565898,1.2097223723722033,0.3336503794714716,0.0,False
2023091011,2508,47826,Jahlani Tavai,ILB,5.791096731006113,1.2097223723722033,0.3336503794714716,0.0,False
2023091011,2508,43700,Jonathan Jones,CB,7.261901799069576,1.2097223723722033,0.3336503794714716,0.0,False
2023091011,2508,52445,Kyle Dugger,SS,6.402986356848486,1.2097223723722033,0.3336503794714716,0.0,False
2023091011,2508,43435,Matthew Judon,OLB,3.772781729671457,1.2097223723722033,0.3336503794714716,0.0,False
2023091011,2555,55881,Christian Gonzalez,CB,2.5187140458987,1.0804754999405786,1.4382385459581215,0.4651159752356073,True
2023091011,2555,46212,Ja'Whaun Bentley,ILB,5.063541089809745,1.0804754999405786,1.4382385459581215,0.0,False
2023091011,2555,44837,Jabrill Peppers,SS,5.325698871850441,1.0804754999405786,1.4382385459581215,0.0,False
2023091011,2555,47826,Jahlani Tavai,ILB,2.9838300211343074,1.0804754999405786,1.4382385459581215,0.0,False
2023091011,2555,43700,Jonathan Jones,CB,7.344970504067546,1.0804754999405786,1.4382385459581215,0.0,False
2023091011,2555,52445,Kyle Dugger,SS,4.4855366477205205,1.0804754999405786,1.4382385459581215,0.0,False
2023091011,2555,52991,Myles Bryant,S,7.062331794845282,1.0804754999405786,1.4382385459581215,0.0,False
2023091011,2580,55881,Christian Gonzalez,CB,3.3611268080232555,1.1451353248759635,0.9449959746353589,0.0,False
2023091011,2580,44837,Jabrill Peppers,SS,6.880788103092549,1.1451353248759635,0.9449959746353589,0.0,False
2023091011,2580,47826,Jahlani Tavai,ILB,3.6929328233762484,1.1451353248759635,0.9449959746353589,0.0,False
2023091011,2580,43700,Jonathan Jones,CB,6.660713376517095,1.1451353248759635,0.9449959746353589,0.0,False
2023091011,2580,52468,Joshua Uche,OLB,2.0901312995113224,1.1451353248759635,0.9449959746353589,1.1056440630945168,True
2023091011,2580,52445,Kyle Dugger,SS,3.1957753626058394,1.1451353248759635,0.9449959746353589,0.0,False
2023091011,2580,52991,Myles Bryant,S,4.365017515095602,1.1451353248759635,0.9449959746353589,0.0,False
2023091011,2643,55881,Christian Gonzalez,CB,9.539086489118784,2.7061560925742167,0.2583743045010354,0.0,False
2023091011,2643,46212,Ja'Whaun Bentley,ILB,7.5782231636196675,2.7061560925742167,0.2583743045010354,0.0,False
2023091011,2643,44837,Jabrill Peppers,SS,3.0988129250074143,2.7061560925742167,0.2583743045010354,0.0,False
2023091011,2643,47826,Jahlani Tavai,ILB,6.5853329021018165,2.7061560925742167,0.2583743045010354,0.0,False
2023091011,2643,43700,Jonathan Jones,CB,2.964530397075252,2.7061560925742167,0.2583743045010354,0.13428252793216222,True
2023091011,2643,52445,Kyle Dugger,SS,6.889055371340834,2.7061560925742167,0.2583743045010354,0.0,False
2023091011,2643,52991,Myles Bryant,S,3.1172534266418093,2.7061560925742167,0.2583743045010354,0.0,False
2023091011,2809,39984,Darius Slay,CB,1.3956596163549395,0.8125069097835582,0.4317665934881225,0.0,False
2023091011,2809,43351,James Bradberry,CB,6.72094896638012,0.8125069097835582,0.4317665934881225,0.0,False
2023091011,2809,44862,Justin Evans,FS,3.3983522706994598,0.8125069097835582,0.4317665934881225,0.0,False
2023091011,2809,54548,Nakobe Dean,ILB,1.2442735032716807,0.8125069097835582,0.4317665934881225,0.15138611308325878,True
2023091011,2809,54808,Reed Blankenship,FS,5.461763419697721,0.8125069097835582,0.4317665934881225,0.0,False
2023091011,2809,44869,Zach Cunningham,MLB,4.594191132003556,0.8125069097835582,0.4317665934881225,0.0,False
2023091011,2834,39984,Darius Slay,CB,2.3372748246637607,1.8114129910542767,0.22239929850600948,0.0,False
2023091011,2834,43351,James Bradberry,CB,6.698800536679271,1.8114129910542767,0.22239929850600948,0.0,False
2023091011,2834,44862,Justin Evans,FS,2.444434108008654,1.8114129910542767,0.22239929850600948,0.0,False
2023091011,2834,54548,Nakobe Dean,ILB,3.548323812586659,1.8114129910542767,0.22239929850600948,0.0,False
2023091011,2834,54808,Reed Blankenship,FS,5.177387038022872,1.8114129910542767,0.22239929850600948,0.0,False
2023091011,2834,44869,Zach Cunningham,MLB,2.033812289560286,1.8114129910542767,0.22239929850600948,0.30346253510347454,True
2023091011,2857,46194,Avonte Maddox,CB,1.4673739383953281,0.5348420982055602,0.932531840189768,0.24414335752792393,True
2023091011,2857,39984,Darius Slay,CB,6.513818378643971,0.5348420982055602,0.932531840189768,0.0,False
2023091011,2857,43351,James Bradberry,CB,1.711517295923252,0.5348420982055602,0.932531840189768,0.0,False
2023091011,2857,44862,Justin Evans,FS,5.758101104225822,0.5348420982055602,0.932531840189768,0.0,False
2023091011,2857,54548,Nakobe Dean,ILB,1.9038541090467023,0.5348420982055602,0.932531840189768,0.0,False
2023091011,2857,54808,Reed Blankenship,FS,4.495971443276927,0.5348420982055602,0.932531840189768,0.0,False
2023091011,2857,44869,Zach Cunningham,MLB,5.697287550127672,0.5348420982055602,0.932531840189768,0.0,False
2023091011,3006,46194,Avonte Maddox,CB,12.168550216229674,3.247672875515566,0.4841371572845232,0.0,False
2023091011,3006,54026,Christian Elliss,ILB,4.981432392675822,3.247672875515566,0.4841371572845232,0.0,False
2023091011,3006,39984,Darius Slay,CB,9.928609195837648,3.247672875515566,0.4841371572845232,0.0,False
2023091011,3006,43351,James Bradberry,CB,4.0561287415191405,3.247672875515566,0.4841371572845232,0.0,False
2023091011,3006,44862,Justin Evans,FS,4.744333715406867,3.247672875515566,0.4841371572845232,0.0,False
2023091011,3006,54548,Nakobe Dean,ILB,7.593129017327199,3.247672875515566,0.4841371572845232,0.0,False
2023091011,3006,54808,Reed Blankenship,FS,3.731810032800089,3.247672875515566,0.4841371572845232,0.32431870871905133,True
2023091011,3108,42116,Adrian Phillips,FS,6.913761631554659,1.3897701985433701,0.31709221288633893,0.0,False
2023091011,3108,55881,Christian Gonzalez,CB,9.126913067009044,1.3897701985433701,0.31709221288633893,0.0,False
2023091011,3108,46212,Ja'Whaun Bentley,ILB,3.1245400325462303,1.3897701985433701,0.31709221288633893,0.0,False
2023091011,3108,52445,Kyle Dugger,SS,6.313275876005307,1.3897701985433701,0.31709221288633893,0.0,False
2023091011,3108,47938,Mack Wilson,ILB,5.674185489753998,1.3897701985433701,0.31709221288633893,0.0,False
2023091011,3108,54550,Marcus Jones,CB,2.4503484960615256,1.3897701985433701,0.31709221288633893,0.0,False
2023091011,3108,52991,Myles Bryant,S,1.706862411429709,1.3897701985433701,0.31709221288633893,0.7434860846318165,True
2023091011,3140,42116,Adrian Phillips,FS,7.088242746852118,1.1109852392709907,1.3503043980621354,0.0,False
2023091011,3140,55881,Christian Gonzalez,CB,9.139536214103355,1.1109852392709907,1.3503043980621354,0.0,False
2023091011,3140,46212,Ja'Whaun Bentley,ILB,3.356027903939872,1.1109852392709907,1.3503043980621354,0.0,False
2023091011,3140,52445,Kyle Dugger,SS,5.717042241507222,1.1109852392709907,1.3503043980621354,0.0,False
2023091011,3140,47938,Mack Wilson,ILB,8.154281747315075,1.1109852392709907,1.3503043980621354,0.0,False
2023091011,3140,54550,Marcus Jones,CB,4.004753514743947,1.1109852392709907,1.3503043980621354,0.0,False
2023091011,3140,52991,Myles Bryant,S,2.461289637333126,1.1109852392709907,1.3503043980621354,0.894738266606746,True
2023091011,3187,42116,Adrian Phillips,FS,5.1313921685365775,1.3805646548871484,0.6659365019494266,0.0,False
2023091011,3187,55881,Christian Gonzalez,CB,2.046501156836575,1.3805646548871484,0.6659365019494266,1.726158679954145,True
2023091011,3187,46212,Ja'Whaun Bentley,ILB,5.87282357816847,1.3805646548871484,0.6659365019494266,0.0,False
2023091011,3187,52445,Kyle Dugger,SS,5.318682824388124,1.3805646548871484,0.6659365019494266,0.0,False
2023091011,3187,54550,Marcus Jones,CB,8.490041465583257,1.3805646548871484,0.6659365019494266,0.0,False
2023091011,3187,55941,Marte Mapu,ILB,4.983281017867538,1.3805646548871484,0.6659365019494266,0.0,False
2023091011,3187,52991,Myles Bryant,S,3.7726598367907203,1.3805646548871484,0.6659365019494266,0.0,False
2023091011,3217,42116,Adrian Phillips,FS,2.271999005758538,0.7087977713823017,0.16157325912913523,0.0,False
2023091011,3217,55881,Christian Gonzalez,CB,1.9076189011527631,0.7087977713823017,0.16157325912913523,0.0,False
2023091011,3217,46212,Ja'Whaun Bentley,ILB,1.2205355446996542,0.7087977713823017,0.16157325912913523,0.0,False
2023091011,3217,52445,Kyle Dugger,SS,2.315583532381803,0.7087977713823017,0.16157325912913523,0.0,False
2023091011,3217,54550,Marcus Jones,CB,3.7468782266935325,0.7087977713823017,0.16157325912913523,0.0,False
2023091011,3217,55941,Marte Mapu,ILB,0.8703710305114369,0.7087977713823017,0.16157325912913523,0.35016451418821726,True
2023091011,3217,52991,Myles Bryant,S,1.363395109056799,0.7087977713823017,0.16157325912913523,0.0,False
2023091011,3262,55881,Christian Gonzalez,CB,3.8290245600690582,3.585395914955447,0.24362864511361115,0.010228107635660955,True
2023091011,3262,46212,Ja'Whaun Bentley,ILB,9.784709056693242,3.585395914955447,0.24362864511361115,0.0,False
2023091011,3262,44837,Jabrill Peppers,SS,10.871334164720746,3.585395914955447,0.24362864511361115,0.0,False
2023091011,3262,47938,Mack Wilson,ILB,8.471845840473895,3.585395914955447,0.24362864511361115,0.0,False
2023091011,3262,54550,Marcus Jones,CB,9.356102771881398,3.585395914955447,0.24362864511361115,0.0,False
2023091011,3262,55941,Marte Mapu,ILB,3.839252667704719,3.585395914955447,0.24362864511361115,0.0,False
2023091011,3285,42116,Adrian Phillips,FS,4.769662701626503,0.8128085778950502,0.8829641245522577,0.0,False
2023091011,3285,55881,Christian Gonzalez,CB,1.695772702447308,0.8128085778950502,0.8829641245522577,1.0470477681955213,True
2023091011,3285,46212,Ja'Whaun Bentley,ILB,5.3713056992421135,0.8128085778950502,0.8829641245522577,0.0,False
2023091011,3285,44837,Jabrill Peppers,SS,5.624243066420164,0.8128085778950502,0.8829641245522577,0.0,False
2023091011,3285,52445,Kyle Dugger,SS,2.742820470642829,0.8128085778950502,0.8829641245522577,0.0,False
2023091011,3285,54550,Marcus Jones,CB,8.594041981151495,0.8128085778950502,0.8829641245522577,0.0,False
2023091011,3285,52991,Myles Bryant,S,7.379343423155972,0.8128085778950502,0.8829641245522577,0.0,False
2023091011,3355,55881,Christian Gonzalez,CB,2.6221469708139282,1.8410837145015853,0.17936895832226485,0.0,False
2023091011,3355,44837,Jabrill Peppers,SS,4.969547929885032,1.8410837145015853,0.17936895832226485,0.0,False
2023091011,3355,43522,Jalen Mills,CB,2.02045267282385,1.8410837145015853,0.17936895832226485,0.6016942979900781,True
2023091011,3355,54550,Marcus Jones,CB,6.5601528726388265,1.8410837145015853,0.17936895832226485,0.0,False
2023091011,3355,52991,Myles Bryant,S,4.262205047901353,1.8410837145015853,0.17936895832226485,0.0,False
2023091011,3425,54026,Christian Elliss,ILB,4.08675293112629,1.2292004024912557,1.725499884593131,0.0,False
2023091011,3425,39984,Darius Slay,CB,5.639163369411888,1.2292004024912557,1.725499884593131,0.0,False
2023091011,3425,43351,James Bradberry,CB,2.954700287084387,1.2292004024912557,1.725499884593131,0.5286220183080605,True
2023091011,3425,44862,Justin Evans,FS,5.841285726319877,1.2292004024912557,1.725499884593131,0.0,False
2023091011,3425,54808,Reed Blankenship,FS,3.4833223053924476,1.2292004024912557,1.725499884593131,0.0,False
2023091011,3425,44869,Zach Cunningham,MLB,4.7637918779614985,1.2292004024912557,1.725499884593131,0.0,False
2023091011,3455,35452,Brandon Graham,DE,4.301533742764741,0.572961610466,1.8896032355732248,0.0,False
2023091011,3455,54026,Christian Elliss,ILB,2.462564846039225,0.572961610466,1.8896032355732248,0.31885639182400305,True
2023091011,3455,39984,Darius Slay,CB,4.097031416975734,0.572961610466,1.8896032355732248,0.0,False
2023091011,3455,43351,James Bradberry,CB,2.7814212378632277,0.572961610466,1.8896032355732248,0.0,False
2023091011,3455,44862,Justin Evans,FS,4.726589203735098,0.572961610466,1.8896032355732248,0.0,False
2023091011,3455,54808,Reed Blankenship,FS,4.377011738654729,0.572961610466,1.8896032355732248,0.0,False
2023091011,3455,44869,Zach Cunningham,MLB,2.8387748380494693,0.572961610466,1.8896032355732248,0.0,False
2023091011,3491,46194,Avonte Maddox,CB,3.3860166324648064,2.621505472617165,0.09954542427792168,0.0,False
2023091011,3491,54026,Christian Elliss,ILB,4.785040366573282,2.621505472617165,0.09954542427792168,0.0,False
2023091011,3491,39984,Darius Slay,CB,3.1354416708809953,2.621505472617165,0.09954542427792168,0.0,False
2023091011,3491,43351,James Bradberry,CB,7.233008048008444,2.621505472617165,0.09954542427792168,0.0,False
2023091011,3491,44862,Justin Evans,FS,2.7210508968950866,2.621505472617165,0.09954542427792168,0.41439077398590873,True
2023091011,3491,54808,Reed Blankenship,FS,5.339029068202004,2.621505472617165,0.09954542427792168,0.0,False
2023091011,3491,44869,Zach Cunningham,MLB,8.420154687054353,2.621505472617165,0.09954542427792168,0.0,False
2023091011,3541,46194,Avonte Maddox,CB,5.724029336434402,1.018589167540842,0.8423387450763085,0.0,False
2023091011,3541,54026,Christian Elliss,ILB,4.963434359617779,1.018589167540842,0.8423387450763085,0.0,False
2023091011,3541,39984,Darius Slay,CB,5.512164020618567,1.018589167540842,0.8423387450763085,0.0,False
2023091011,3541,43351,James Bradberry,CB,1.953945504069768,1.018589167540842,0.8423387450763085,0.0,False
2023091011,3541,44862,Justin Evans,FS,5.925740394216197,1.018589167540842,0.8423387450763085,0.0,False
2023091011,3541,54808,Reed Blankenship,FS,1.8609279126171505,1.018589167540842,0.8423387450763085,0.09301759145261745,True
2023091011,3683,55881,Christian Gonzalez,CB,7.245906545974648,3.277219290784442,0.07123132120621722,0.0,False
2023091011,3683,46212,Ja'Whaun Bentley,ILB,8.73432020022756,3.277219290784442,0.07123132120621722,0.0,False
2023091011,3683,44837,Jabrill Peppers,SS,5.2566327458647075,3.277219290784442,0.07123132120621722,0.0,False
2023091011,3683,43700,Jonathan Jones,CB,3.348450611990659,3.277219290784442,0.07123132120621722,1.9081821338740483,True
2023091011,3683,52445,Kyle Dugger,SS,7.027567265226484,3.277219290784442,0.07123132120621722,0.0,False
2023091011,3683,43435,Matthew Judon,OLB,10.405533291322133,3.277219290784442,0.07123132120621722,0.0,False
2023091011,3683,52991,Myles Bryant,S,8.48152263674633,3.277219290784442,0.07123132120621722,0.0,False
2023091011,3772,42116,Adrian Phillips,FS,5.538823393288,1.3666677773967773,0.6196519437876493,0.0,False
2023091011,3772,55881,Christian Gonzalez,CB,1.9863197211844266,1.3666677773967773,0.6196519437876493,1.43980045984539,True
2023091011,3772,46212,Ja'Whaun Bentley,ILB,3.4261201810298165,1.3666677773967773,0.6196519437876493,0.0,False
2023091011,3772,44837,Jabrill Peppers,SS,5.895950135956834,1.3666677773967773,0.6196519437876493,0.0,False
2023091011,3772,43700,Jonathan Jones,CB,9.695857507016443,1.3666677773967773,0.6196519437876493,0.0,False
2023091011,3772,52445,Kyle Dugger,SS,6.0718919373128895,1.3666677773967773,0.6196519437876493,0.0,False
2023091011,3772,52991,Myles Bryant,S,6.9001665381696204,1.3666677773967773,0.6196519437876493,0.0,False
2023091011,3797,55881,Christian Gonzalez,CB,2.173606150390651,1.1686502975346929,0.7870962704098603,0.0,False
2023091011,3797,44837,Jabrill Peppers,SS,1.9557465679445531,1.1686502975346929,0.7870962704098603,0.013331743394258577,True
2023091011,3797,47826,Jahlani Tavai,ILB,1.9690783113388117,1.1686502975346929,0.7870962704098603,0.0,False
2023091011,3797,43700,Jonathan Jones,CB,5.562324608262845,1.1686502975346929,0.7870962704098603,0.0,False
2023091011,3797,52445,Kyle Dugger,SS,2.8815114957302232,1.1686502975346929,0.7870962704098603,0.0,False
2023091011,3797,52991,Myles Bryant,S,5.156783982503192,1.1686502975346929,0.7870962704098603,0.0,False
2023091011,3915,55881,Christian Gonzalez,CB,1.81203578936287,1.3976038022181825,-0.07636712159047132,0.0,False
2023091011,3915,46212,Ja'Whaun Bentley,ILB,1.3212366806277112,1.3976038022181825,-0.07636712159047132,0.49079910873515886,True
2023091011,3915,44837,Jabrill Peppers,SS,5.006396744788648,1.3976038022181825,-0.07636712159047132,0.0,False
2023091011,3915,43522,Jalen Mills,CB,2.369425435524189,1.3976038022181825,-0.07636712159047132,0.0,False
2023091011,3915,43700,Jonathan Jones,CB,5.413043598590292,1.3976038022181825,-0.07636712159047132,0.0,False
2023091011,3915,52445,Kyle Dugger,SS,1.9573320885001457,1.3976038022181825,-0.07636712159047132,0.0,False
2023091011,3915,52991,Myles Bryant,S,4.1157890953774166,1.3976038022181825,-0.07636712159047132,0.0,False
2023091011,3976,46194,Avonte Maddox,CB,6.022764942456165,3.4073138379180077,0.13285739427089505,0.0,False
2023091011,3976,54026,Christian Elliss,ILB,6.46198209306471,3.4073138379180077,0.13285739427089505,0.0,False
2023091011,3976,39984,Darius Slay,CB,4.197333743575635,3.4073138379180077,0.13285739427089505,0.0,False
2023091011,3976,43351,James Bradberry,CB,7.560482352186192,3.4073138379180077,0.13285739427089505,0.0,False
2023091011,3976,44862,Justin Evans,FS,3.5401712321889027,3.4073138379180077,0.13285739427089505,0.5350027290375792,True
2023091011,3976,54808,Reed Blankenship,FS,4.075173961226482,3.4073138379180077,0.13285739427089505,0.0,False
2023091011,3976,44869,Zach Cunningham,MLB,5.935396095168672,3.4073138379180077,0.13285739427089505,0.0,False
2023091011,4046,46194,Avonte Maddox,CB,1.7652503216562851,1.4206209571212647,0.33412127454489116,0.0,False
2023091011,4046,54026,Christian Elliss,ILB,2.9821527667900467,1.4206209571212647,0.33412127454489116,0.0,False
2023091011,4046,39984,Darius Slay,CB,3.2164103607032493,1.4206209571212647,0.33412127454489116,0.0,False
2023091011,4046,43351,James Bradberry,CB,2.942550105642167,1.4206209571212647,0.33412127454489116,0.0,False
2023091011,4046,44862,Justin Evans,FS,4.035135690085309,1.4206209571212647,0.33412127454489116,0.0,False
2023091011,4046,54808,Reed Blankenship,FS,1.8480333810790008,1.4206209571212647,0.33412127454489116,0.0,False
2023091011,4046,44869,Zach Cunningham,MLB,1.7547422316661558,1.4206209571212647,0.33412127454489116,0.01050808999012931,True
2023091011,4071,46194,Avonte Maddox,CB,4.865780533371653,0.6174612718882131,0.9153906611848563,0.0,False
2023091011,4071,54026,Christian Elliss,ILB,3.482471373386865,0.6174612718882131,0.9153906611848563,0.0,False
2023091011,4071,39984,Darius Slay,CB,6.499635280879212,0.6174612718882131,0.9153906611848563,0.0,False
2023091011,4071,43351,James Bradberry,CB,4.080261248910531,0.6174612718882131,0.9153906611848563,0.0,False
2023091011,4071,44862,Justin Evans,FS,5.257306436053378,0.6174612718882131,0.9153906611848563,0.0,False
2023091011,4071,54808,Reed Blankenship,FS,5.149045963355966,0.6174612718882131,0.9153906611848563,0.0,False
2023091011,4071,44869,Zach Cunningham,MLB,1.5328519330730694,0.6174612718882131,0.9153906611848563,1.9496194403137956,True
2023091011,4096,46194,Avonte Maddox,CB,6.513768300909341,1.460127291616985,0.5033367701228137,0.0,False
2023091011,4096,54026,Christian Elliss,ILB,3.37302310990618,1.460127291616985,0.5033367701228137,0.0,False
2023091011,4096,39984,Darius Slay,CB,2.3173447157816094,1.460127291616985,0.5033367701228137,0.0,False
2023091011,4096,43351,James Bradberry,CB,7.594430236802597,1.460127291616985,0.5033367701228137,0.0,False
2023091011,4096,44862,Justin Evans,FS,1.9634640617397987,1.460127291616985,0.5033367701228137,0.3538806540418107,True
2023091011,4096,54808,Reed Blankenship,FS,2.5652910992874287,1.460127291616985,0.5033367701228137,0.0,False
2023091011,4096,44869,Zach Cunningham,MLB,3.2412722906836318,1.460127291616985,0.5033367701228137,0.0,False
2023091011,4270,46194,Avonte Maddox,CB,1.5432537098742067,1.7263076926585257,-0.18305398278431895,0.3109592507309291,True
2023091011,4270,54026,Christian Elliss,ILB,2.942718607228854,1.7263076926585257,-0.18305398278431895,0.0,False
2023091011,4270,39984,Darius Slay,CB,1.8542129606051359,1.7263076926585257,-0.18305398278431895,0.0,False
2023091011,4270,43351,James Bradberry,CB,4.621236423183766,1.7263076926585257,-0.18305398278431895,0.0,False
2023091011,4270,44862,Justin Evans,FS,2.562944009828707,1.7263076926585257,-0.18305398278431895,0.0,False
2023091011,4270,54808,Reed Blankenship,FS,1.9901880589361445,1.7263076926585257,-0.18305398278431895,0.0,False
2023091011,4270,44869,Zach Cunningham,MLB,4.824873875954829,1.7263076926585257,-0.18305398278431895,0.0,False
2023091011,4317,46194,Avonte Maddox,CB,2.9866003815445383,1.258211493869426,0.6771773246561501,0.0,False
2023091011,4317,54026,Christian Elliss,ILB,2.771685989860828,1.258211493869426,0.6771773246561501,0.0,False
2023091011,4317,39984,Darius Slay,CB,1.935388818525576,1.258211493869426,0.6771773246561501,0.836297171335252,True
2023091011,4317,43351,James Bradberry,CB,7.628911803162978,1.258211493869426,0.6771773246561501,0.0,False
2023091011,4317,44862,Justin Evans,FS,4.815551692230147,1.258211493869426,0.6771773246561501,0.0,False
2023091011,4317,54808,Reed Blankenship,FS,5.793809939836365,1.258211493869426,0.6771773246561501,0.0,False
2023091011,4317,44869,Zach Cunningham,MLB,4.413826575982055,1.258211493869426,0.6771773246561501,0.0,False
2023091011,4427,55881,Christian Gonzalez,CB,1.1591733910223212,1.0566873429263437,0.1024860480959775,1.0090057124745737,True
2023091011,4427,43700,Jonathan Jones,CB,5.673850907440069,1.0566873429263437,0.1024860480959775,0.0,False
2023091011,4427,52445,Kyle Dugger,SS,2.168179103496895,1.0566873429263437,0.1024860480959775,0.0,False
2023091011,4427,52991,Myles Bryant,S,4.046317586810428,1.0566873429263437,0.1024860480959775,0.0,False
2023091011,4457,46194,Avonte Maddox,CB,1.806610735539996,0.7878780270277068,1.0187327085122893,0.01737704425153641,True
2023091011,4457,39984,Darius Slay,CB,7.924821201909806,0.7878780270277068,1.0187327085122893,0.0,False
2023091011,4457,43351,James Bradberry,CB,1.8239877797915325,0.7878780270277068,1.0187327085122893,0.0,False
2023091011,4457,44862,Justin Evans,FS,5.11715315652599,0.7878780270277068,1.0187327085122893,0.0,False
2023091011,4457,54808,Reed Blankenship,FS,2.745554634879329,0.7878780270277068,1.0187327085122893,0.0,False
2023091011,4457,46097,Terrell Edmunds,FS,2.558067160909902,0.7878780270277068,1.0187327085122893,0.0,False
2023091011,4457,44869,Zach Cunningham,MLB,5.897788567375531,0.7878780270277068,1.0187327085122893,0.0,False
2023091011,4485,46194,Avonte Maddox,CB,1.4031088064807489,1.1641916734057955,0.23891713307495333,1.408755057621061,True
2023091011,4485,39984,Darius Slay,CB,2.81186386410181,1.1641916734057955,0.23891713307495333,0.0,False
2023091011,4485,54815,Josh Jobe,CB,7.807602437598162,1.1641916734057955,0.23891713307495333,0.0,False
2023091011,4485,44862,Justin Evans,FS,3.831268226249602,1.1641916734057955,0.23891713307495333,0.0,False
2023091011,4485,54808,Reed Blankenship,FS,7.29032475365127,1.1641916734057955,0.23891713307495333,0.0,False
2023091011,4485,46097,Terrell Edmunds,FS,4.171685677522458,1.1641916734057955,0.23891713307495333,0.0,False
2023091011,4485,44869,Zach Cunningham,MLB,4.95333452920885,1.1641916734057955,0.23891713307495333,0.0,False
2023091011,4557,46194,Avonte Maddox,CB,4.058161419996866,1.229142868860239,2.352353215661931,0.0,False
2023091011,4557,39984,Darius Slay,CB,3.5814960845221697,1.229142868860239,2.352353215661931,0.12017377842831767,True
2023091011,4557,54815,Josh Jobe,CB,8.871795532656499,1.229142868860239,2.352353215661931,0.0,False
2023091011,4557,44862,Justin Evans,FS,6.624789870774435,1.229142868860239,2.352353215661931,0.0,False
2023091011,4557,54808,Reed Blankenship,FS,4.672346578776367,1.229142868860239,2.352353215661931,0.0,False
2023091011,4557,46097,Terrell Edmunds,FS,3.7016698629504874,1.229142868860239,2.352353215661931,0.0,False
2023091011,4557,44869,Zach Cunningham,MLB,4.937504615979524,1.229142868860239,2.352353215661931,0.0,False
2023091011,4666,46194,Avonte Maddox,CB,6.516468291243076,1.5770507967167249,0.3514538859228422,0.0,False
2023091011,4666,54026,Christian Elliss,ILB,4.471695958080691,1.5770507967167249,0.3514538859228422,0.0,False
2023091011,4666,39984,Darius Slay,CB,9.427809612936612,1.5770507967167249,0.3514538859228422,0.0,False
2023091011,4666,54815,Josh Jobe,CB,1.928504682639567,1.5770507967167249,0.3514538859228422,1.1344710871088848,True
2023091011,4666,44862,Justin Evans,FS,4.830048314627437,1.5770507967167249,0.3514538859228422,0.0,False
2023091011,4666,54808,Reed Blankenship,FS,3.062975769748452,1.5770507967167249,0.3514538859228422,0.0,False
2023091012,55,44878,Ahkello Witherspoon,CB,1.329178887115574,0.4645791876981282,0.8645996994174459,1.2035580313750978,True
2023091012,55,52844,Christian Rozeboom,ILB,2.7820684322272293,0.4645791876981282,0.8645996994174459,0.0,False
2023091012,55,54677,Derion Kendrick,CB,7.316335699731923,0.4645791876981282,0.8645996994174459,0.0,False
2023091012,55,53532,Ernest Jones,MLB,5.357643410619168,0.4645791876981282,0.8645996994174459,0.0,False
2023091012,55,52607,Jordan Fuller,FS,2.5859997744673713,0.4645791876981282,0.8645996994174459,0.0,False
2023091012,55,52835,Michael Hoecht,OLB,2.532736918490672,0.4645791876981282,0.8645996994174459,0.0,False
2023091012,55,54718,Russ Yeast,FS,6.572614772157251,0.4645791876981282,0.8645996994174459,0.0,False
2023091012,102,44878,Ahkello Witherspoon,CB,7.073482259059192,1.7741760298846125,0.04186965318884073,0.0,False
2023091012,102,55942,Byron Young,OLB,1.8160456830734533,1.7741760298846125,0.04186965318884073,0.33672376017662353,True
2023091012,102,52844,Christian Rozeboom,ILB,4.856732487041717,1.7741760298846125,0.04186965318884073,0.0,False
2023091012,102,54677,Derion Kendrick,CB,3.3818856280338516,1.7741760298846125,0.04186965318884073,0.0,False
2023091012,102,53532,Ernest Jones,MLB,2.152769443250077,1.7741760298846125,0.04186965318884073,0.0,False
2023091012,102,52607,Jordan Fuller,FS,5.990357486236431,1.7741760298846125,0.04186965318884073,0.0,False
2023091012,102,52835,Michael Hoecht,OLB,6.3600048160156035,1.7741760298846125,0.04186965318884073,0.0,False
2023091012,102,54718,Russ Yeast,FS,3.078048609898153,1.7741760298846125,0.04186965318884073,0.0,False
2023091012,176,44878,Ahkello Witherspoon,CB,2.3900004693361443,1.4887319425585277,0.9012685267776166,0.8918401239951752,True
2023091012,176,52844,Christian Rozeboom,ILB,5.013035480922261,1.4887319425585277,0.9012685267776166,0.0,False
2023091012,176,54607,Cobie Durant,CB,10.821875762002737,1.4887319425585277,0.9012685267776166,0.0,False
2023091012,176,53532,Ernest Jones,MLB,4.67818366970228,1.4887319425585277,0.9012685267776166,0.0,False
2023091012,176,52607,Jordan Fuller,FS,3.748773480460475,1.4887319425585277,0.9012685267776166,0.0,False
2023091012,176,52835,Michael Hoecht,OLB,3.2818405933313195,1.4887319425585277,0.9012685267776166,0.0,False
2023091012,176,54718,Russ Yeast,FS,5.246300352975044,1.4887319425585277,0.9012685267776166,0.0,False
2023091012,176,55103,Zach VanValkenburg,OLB,11.21460011751938,1.4887319425585277,0.9012685267776166,0.0,False
2023091012,327,44878,Ahkello Witherspoon,CB,6.631091908220843,1.6289945666218386,0.05200087892536187,0.0,False
2023091012,327,52844,Christian Rozeboom,ILB,4.0528577481417525,1.6289945666218386,0.05200087892536187,0.0,False
2023091012,327,54607,Cobie Durant,CB,2.9072622815304743,1.6289945666218386,0.05200087892536187,0.0,False
2023091012,327,54677,Derion Kendrick,CB,1.6809954455472005,1.6289945666218386,0.05200087892536187,1.2262668359832738,True
2023091012,327,53532,Ernest Jones,MLB,7.166445165642164,1.6289945666218386,0.05200087892536187,0.0,False
2023091012,327,52607,Jordan Fuller,FS,4.554692567585592,1.6289945666218386,0.05200087892536187,0.0,False
2023091012,327,54718,Russ Yeast,FS,4.997648682230802,1.6289945666218386,0.05200087892536187,0.0,False
2023091012,439,38577,Bobby Wagner,MLB,4.362224637064927,1.0293074725771512,0.06778303961713017,0.0,False
2023091012,439,54574,Coby Bryant,FS,1.4212692093145958,1.0293074725771512,0.06778303961713017,0.0,False
2023091012,439,52435,Jordyn Brooks,ILB,1.0970905121942813,1.0293074725771512,0.06778303961713017,0.3113996758337645,True
2023091012,439,47891,Julian Love,SS,2.6470971443473275,1.0293074725771512,0.06778303961713017,0.0,False
2023091012,439,42543,Quandre Diggs,FS,1.4084901880280458,1.0293074725771512,0.06778303961713017,0.0,False
2023091012,439,54618,Riq Woolen,CB,1.8379406195915873,1.0293074725771512,0.06778303961713017,0.0,False
2023091012,439,53566,Tre Brown,CB,5.081211218152702,1.0293074725771512,0.06778303961713017,0.0,False
2023091012,582,38577,Bobby Wagner,MLB,3.162514254344558,0.675766220942394,0.5107296094400111,0.0,False
2023091012,582,54574,Coby Bryant,FS,1.1864958303824051,0.675766220942394,0.5107296094400111,0.41730407722240637,True
2023091012,582,52435,Jordyn Brooks,ILB,4.981414202380617,0.675766220942394,0.5107296094400111,0.0,False
2023091012,582,47891,Julian Love,SS,6.014501608480394,0.675766220942394,0.5107296094400111,0.0,False
2023091012,582,42543,Quandre Diggs,FS,3.75739820825209,0.675766220942394,0.5107296094400111,0.0,False
2023091012,582,54618,Riq Woolen,CB,7.389559623022392,0.675766220942394,0.5107296094400111,0.0,False
2023091012,582,53566,Tre Brown,CB,1.6037999076048115,0.675766220942394,0.5107296094400111,0.0,False
2023091012,605,43314,Artie Burns,CB,3.041171801602617,0.9821606516031687,0.07209563448397294,0.0,False
2023091012,605,38577,Bobby Wagner,MLB,2.312554244279315,0.9821606516031687,0.07209563448397294,0.0,False
2023091012,605,54574,Coby Bryant,FS,1.4769496819352297,0.9821606516031687,0.07209563448397294,0.0,False
2023091012,605,47891,Julian Love,SS,1.0542562860871416,0.9821606516031687,0.07209563448397294,0.42269339584808807,True
2023091012,605,42543,Quandre Diggs,FS,3.279923405944429,0.9821606516031687,0.07209563448397294,0.0,False
2023091012,605,54618,Riq Woolen,CB,5.044803819492424,0.9821606516031687,0.07209563448397294,0.0,False
2023091012,605,53566,Tre Brown,CB,1.8827191727874866,0.9821606516031687,0.07209563448397294,0.0,False
2023091012,652,38577,Bobby Wagner,MLB,3.117043584990841,0.48535245906172275,0.7351761641376394,0.0,False
2023091012,652,54574,Coby Bryant,FS,4.311170159879497,0.48535245906172275,0.7351761641376394,0.0,False
2023091012,652,52435,Jordyn Brooks,ILB,1.2205286231993622,0.48535245906172275,0.7351761641376394,0.1951287546611773,True
2023091012,652,47891,Julian Love,SS,1.5071925569255038,0.48535245906172275,0.7351761641376394,0.0,False
2023091012,652,42543,Quandre Diggs,FS,4.134904831755538,0.48535245906172275,0.7351761641376394,0.0,False
2023091012,652,54618,Riq Woolen,CB,1.4156573778605395,0.48535245906172275,0.7351761641376394,0.0,False
2023091012,652,53566,Tre Brown,CB,4.397341830509116,0.48535245906172275,0.7351761641376394,0.0,False
2023091012,677,43314,Artie Burns,CB,3.0607022710091774,0.6262921090134831,0.9319873950707472,0.0,False
2023091012,677,54574,Coby Bryant,FS,1.6858132910488361,0.6262921090134831,0.9319873950707472,0.0,False
2023091012,677,52456,Darrell Taylor,DE,1.5582795040842303,0.6262921090134831,0.9319873950707472,0.12753378696460593,True
2023091012,677,47891,Julian Love,SS,1.9795661840700192,0.6262921090134831,0.9319873950707472,0.0,False
2023091012,677,42543,Quandre Diggs,FS,2.011994175792898,0.6262921090134831,0.9319873950707472,0.0,False
2023091012,677,54618,Riq Woolen,CB,4.119045714371209,0.6262921090134831,0.9319873950707472,0.0,False
2023091012,677,53566,Tre Brown,CB,3.4511708094757196,0.6262921090134831,0.9319873950707472,0.0,False
2023091012,783,38577,Bobby Wagner,MLB,4.860697850654825,0.9918962189995821,0.32436663188138537,0.0,False
2023091012,783,54574,Coby Bryant,FS,1.4223094048073892,0.9918962189995821,0.32436663188138537,0.0,False
2023091012,783,52435,Jordyn Brooks,ILB,5.510337713939844,0.9918962189995821,0.32436663188138537,0.0,False
2023091012,783,47891,Julian Love,SS,5.340114464916797,0.9918962189995821,0.32436663188138537,0.0,False
2023091012,783,42543,Quandre Diggs,FS,3.2733472643637747,0.9918962189995821,0.32436663188138537,0.0,False
2023091012,783,54618,Riq Woolen,CB,5.7292872765071206,0.9918962189995821,0.32436663188138537,0.0,False
2023091012,783,53566,Tre Brown,CB,1.3162628508809675,0.9918962189995821,0.32436663188138537,0.1060465539264217,True
2023091012,925,44878,Ahkello Witherspoon,CB,3.6347739151219254,0.7283492631839663,1.5895768490689095,0.0,False
2023091012,925,52844,Christian Rozeboom,ILB,2.317926112252876,0.7283492631839663,1.5895768490689095,0.7387235707121778,True
2023091012,925,54677,Derion Kendrick,CB,3.193827587097797,0.7283492631839663,1.5895768490689095,0.0,False
2023091012,925,53532,Ernest Jones,MLB,3.1619480115171985,0.7283492631839663,1.5895768490689095,0.0,False
2023091012,925,52607,Jordan Fuller,FS,3.0566496829650536,0.7283492631839663,1.5895768490689095,0.0,False
2023091012,925,54718,Russ Yeast,FS,5.084015838171559,0.7283492631839663,1.5895768490689095,0.0,False
2023091012,950,44878,Ahkello Witherspoon,CB,6.809084333393626,0.7222625064764232,0.7154566891728047,0.0,False
2023091012,950,52844,Christian Rozeboom,ILB,3.4069378999969016,0.7222625064764232,0.7154566891728047,0.0,False
2023091012,950,54677,Derion Kendrick,CB,1.437719195649228,0.7222625064764232,0.7154566891728047,0.007531230479293827,True
2023091012,950,53532,Ernest Jones,MLB,1.4452504261285217,0.7222625064764232,0.7154566891728047,0.0,False
2023091012,950,52607,Jordan Fuller,FS,4.32246957313428,0.7222625064764232,0.7154566891728047,0.0,False
2023091012,950,52835,Michael Hoecht,OLB,4.285005602053375,0.7222625064764232,0.7154566891728047,0.0,False
2023091012,950,54718,Russ Yeast,FS,2.2629470335873343,0.7222625064764232,0.7154566891728047,0.0,False
2023091012,1090,44878,Ahkello Witherspoon,CB,4.1584343453167385,0.7768531291440056,1.2238365709395702,0.0,False
2023091012,1090,52844,Christian Rozeboom,ILB,2.000689700083576,0.7768531291440056,1.2238365709395702,1.346807791452627,True
2023091012,1090,54677,Derion Kendrick,CB,3.456562650394501,0.7768531291440056,1.2238365709395702,0.0,False
2023091012,1090,53532,Ernest Jones,MLB,3.347497491536203,0.7768531291440056,1.2238365709395702,0.0,False
2023091012,1090,52607,Jordan Fuller,FS,4.5571955615803565,0.7768531291440056,1.2238365709395702,0.0,False
2023091012,1090,54718,Russ Yeast,FS,3.6236515479173614,0.7768531291440056,1.2238365709395702,0.0,False
2023091012,1165,44878,Ahkello Witherspoon,CB,3.629363733120275,1.0732120204199924,0.41661527991803315,0.0,False
2023091012,1165,52844,Christian Rozeboom,ILB,1.619953625060681,1.0732120204199924,0.41661527991803315,0.0,False
2023091012,1165,54607,Cobie Durant,CB,4.455939427325699,1.0732120204199924,0.41661527991803315,0.0,False
2023091012,1165,54677,Derion Kendrick,CB,4.265545410266158,1.0732120204199924,0.41661527991803315,0.0,False
2023091012,1165,53532,Ernest Jones,MLB,1.4898273003380256,1.0732120204199924,0.41661527991803315,0.05111885717778897,True
2023091012,1165,52607,Jordan Fuller,FS,2.5425967906284117,1.0732120204199924,0.41661527991803315,0.0,False
2023091012,1165,52835,Michael Hoecht,OLB,1.5409461575158145,1.0732120204199924,0.41661527991803315,0.0,False
2023091012,1165,54718,Russ Yeast,FS,4.138148489191209,1.0732120204199924,0.41661527991803315,0.0,False
2023091012,1212,44878,Ahkello Witherspoon,CB,10.13951242570033,2.097308025885657,1.009896104830922,0.0,False
2023091012,1212,54607,Cobie Durant,CB,4.280675874905972,2.097308025885657,1.009896104830922,0.0,False
2023091012,1212,54677,Derion Kendrick,CB,3.107204130716579,2.097308025885657,1.009896104830922,1.173471744189393,True
2023091012,1212,52607,Jordan Fuller,FS,8.176381312960904,2.097308025885657,1.009896104830922,0.0,False
2023091012,1212,54718,Russ Yeast,FS,5.15821964228203,2.097308025885657,1.009896104830922,0.0,False
2023091012,1392,43314,Artie Burns,CB,4.264086331953358,1.0047046464621217,0.1533759394696148,0.0,False
2023091012,1392,38577,Bobby Wagner,MLB,3.2332137241577827,1.0047046464621217,0.1533759394696148,0.0,False
2023091012,1392,54574,Coby Bryant,FS,1.1580805859317365,1.0047046464621217,0.1533759394696148,0.751585077317378,True
2023091012,1392,47891,Julian Love,SS,3.3345890859986866,1.0047046464621217,0.1533759394696148,0.0,False
2023091012,1392,47941,Mike Jackson,CB,6.948996179047995,1.0047046464621217,0.1533759394696148,0.0,False
2023091012,1392,42543,Quandre Diggs,FS,5.285414558026097,1.0047046464621217,0.1533759394696148,0.0,False
2023091012,1392,54618,Riq Woolen,CB,1.9096656632491145,1.0047046464621217,0.1533759394696148,0.0,False
2023091012,1455,44878,Ahkello Witherspoon,CB,3.384826460581197,0.704508017548413,0.34856268245829536,0.0,False
2023091012,1455,55942,Byron Young,OLB,3.4289570262803286,0.704508017548413,0.34856268245829536,0.0,False
2023091012,1455,52844,Christian Rozeboom,ILB,1.0530707000067083,0.704508017548413,0.34856268245829536,0.537334458869732,True
2023091012,1455,54677,Derion Kendrick,CB,4.883218367410928,0.704508017548413,0.34856268245829536,0.0,False
2023091012,1455,53532,Ernest Jones,MLB,2.37837679571254,0.704508017548413,0.34856268245829536,0.0,False
2023091012,1455,52607,Jordan Fuller,FS,1.5976862366595512,0.704508017548413,0.34856268245829536,0.0,False
2023091012,1455,52835,Michael Hoecht,OLB,1.5904051588764403,0.704508017548413,0.34856268245829536,0.0,False
2023091012,1455,54718,Russ Yeast,FS,4.345613044717497,0.704508017548413,0.34856268245829536,0.0,False
2023091012,1641,38577,Bobby Wagner,MLB,1.6318974821164838,0.9042502908403649,0.7276471912761189,0.7732225779020043,True
2023091012,1641,54574,Coby Bryant,FS,3.33448898531817,0.9042502908403649,0.7276471912761189,0.0,False
2023091012,1641,47793,Devin Bush,MLB,2.4064474002993403,0.9042502908403649,0.7276471912761189,0.0,False
2023091012,1641,47891,Julian Love,SS,2.405120060018488,0.9042502908403649,0.7276471912761189,0.0,False
2023091012,1641,42543,Quandre Diggs,FS,3.1205279396336034,0.9042502908403649,0.7276471912761189,0.0,False
2023091012,1641,53566,Tre Brown,CB,3.815138428820107,0.9042502908403649,0.7276471912761189,0.0,False
2023091012,1666,38577,Bobby Wagner,MLB,1.9875677919130312,1.1512378943565518,0.26060641197273426,0.0,False
2023091012,1666,47793,Devin Bush,MLB,2.187976090525874,1.1512378943565518,0.26060641197273426,0.0,False
2023091012,1666,52435,Jordyn Brooks,ILB,2.954109885567863,1.1512378943565518,0.26060641197273426,0.0,False
2023091012,1666,47891,Julian Love,SS,1.9955946908740205,1.1512378943565518,0.26060641197273426,0.0,False
2023091012,1666,42543,Quandre Diggs,FS,3.928399800320172,1.1512378943565518,0.26060641197273426,0.0,False
2023091012,1666,54618,Riq Woolen,CB,4.611306825367361,1.1512378943565518,0.26060641197273426,0.0,False
2023091012,1666,53566,Tre Brown,CB,1.411844306329286,1.1512378943565518,0.26060641197273426,0.5757234855837452,True
2023091012,1713,54574,Coby Bryant,FS,2.0910444082391093,1.8761988850332034,-1.021497564103558,0.0,False
2023091012,1713,55902,Derick Hall,OLB,2.652815380792603,1.8761988850332034,-1.021497564103558,0.0,False
2023091012,1713,47891,Julian Love,SS,3.837208463610346,1.8761988850332034,-1.021497564103558,0.0,False
2023091012,1713,42543,Quandre Diggs,FS,0.8547013209296455,1.8761988850332034,-1.021497564103558,1.1409931863393294,True
2023091012,1713,54618,Riq Woolen,CB,3.1069163002278604,1.8761988850332034,-1.021497564103558,0.0,False
2023091012,1713,53566,Tre Brown,CB,1.995694507268975,1.8761988850332034,-1.021497564103558,0.0,False
2023091012,1831,44878,Ahkello Witherspoon,CB,8.726875256106412,0.5822458166512425,0.9148853699479231,0.0,False
2023091012,1831,54607,Cobie Durant,CB,8.023875710146875,0.5822458166512425,0.9148853699479231,0.0,False
2023091012,1831,54677,Derion Kendrick,CB,1.6584884931188386,0.5822458166512425,0.9148853699479231,0.0,False
2023091012,1831,53532,Ernest Jones,MLB,3.523464835017119,0.5822458166512425,0.9148853699479231,0.0,False
2023091012,1831,52607,Jordan Fuller,FS,6.346159815398681,0.5822458166512425,0.9148853699479231,0.0,False
2023091012,1831,52835,Michael Hoecht,OLB,1.4971311865991657,0.5822458166512425,0.9148853699479231,0.16135730651967295,True
2023091012,1831,54718,Russ Yeast,FS,3.6559240717798662,0.5822458166512425,0.9148853699479231,0.0,False
2023091012,1956,43314,Artie Burns,CB,4.767610920813435,0.9545652881230537,0.9932468259281131,0.0,False
2023091012,1956,54574,Coby Bryant,FS,2.1106478395890726,0.9545652881230537,0.9932468259281131,0.0,False
2023091012,1956,52456,Darrell Taylor,DE,4.5527116215501495,0.9545652881230537,0.9932468259281131,0.0,False
2023091012,1956,47891,Julian Love,SS,1.9478121140511668,0.9545652881230537,0.9932468259281131,0.16283572553790582,True
2023091012,1956,42543,Quandre Diggs,FS,3.4512057066509017,0.9545652881230537,0.9932468259281131,0.0,False
2023091012,1956,54618,Riq Woolen,CB,4.244271680718093,0.9545652881230537,0.9932468259281131,0.0,False
2023091012,1956,53566,Tre Brown,CB,2.333800902127104,0.9545652881230537,0.9932468259281131,0.0,False
2023091012,1979,43314,Artie Burns,CB,3.0509820276015747,1.1657530191914036,0.07572009471581809,0.0,False
2023091012,1979,38577,Bobby Wagner,MLB,1.2414731139072217,1.1657530191914036,0.07572009471581809,0.29685313013610215,True
2023091012,1979,54574,Coby Bryant,FS,2.7448653467801924,1.1657530191914036,0.07572009471581809,0.0,False
2023091012,1979,47891,Julian Love,SS,1.5383262440433239,1.1657530191914036,0.07572009471581809,0.0,False
2023091012,1979,42543,Quandre Diggs,FS,3.8086914600516417,1.1657530191914036,0.07572009471581809,0.0,False
2023091012,1979,54618,Riq Woolen,CB,4.667114702504803,1.1657530191914036,0.07572009471581809,0.0,False
2023091012,1979,53566,Tre Brown,CB,2.102195229896933,1.1657530191914036,0.07572009471581809,0.0,False
2023091012,2002,43314,Artie Burns,CB,1.4210982388351754,1.266581322028328,0.045701312914635084,0.0,False
2023091012,2002,47891,Julian Love,SS,1.312282634942963,1.266581322028328,0.045701312914635084,0.10881560389221234,True
2023091012,2002,42543,Quandre Diggs,FS,1.7733949054375748,1.266581322028328,0.045701312914635084,0.0,False
2023091012,2002,54618,Riq Woolen,CB,2.9503811382002683,1.266581322028328,0.045701312914635084,0.0,False
2023091012,2002,53566,Tre Brown,CB,2.846918470392261,1.266581322028328,0.045701312914635084,0.0,False
2023091012,2002,46117,Uchenna Nwosu,OLB,1.7016510676569498,1.266581322028328,0.045701312914635084,0.0,False
2023091012,2034,43314,Artie Burns,CB,4.326688796116627,1.3668806362366333,-0.024746063808442464,0.0,False
2023091012,2034,38577,Bobby Wagner,MLB,1.3421345724281908,1.3668806362366333,-0.024746063808442464,0.2536192602081282,True
2023091012,2034,54574,Coby Bryant,FS,1.595753832636319,1.3668806362366333,-0.024746063808442464,0.0,False
2023091012,2034,47891,Julian Love,SS,3.611753879795167,1.3668806362366333,-0.024746063808442464,0.0,False
2023091012,2034,42543,Quandre Diggs,FS,3.681767215720226,1.3668806362366333,-0.024746063808442464,0.0,False
2023091012,2034,54618,Riq Woolen,CB,3.784893621548872,1.3668806362366333,-0.024746063808442464,0.0,False
2023091012,2034,53566,Tre Brown,CB,1.6779477856833696,1.3668806362366333,-0.024746063808442464,0.0,False
2023091012,2215,43314,Artie Burns,CB,4.870752654279173,0.981103268195592,0.07767259138000648,0.0,False
2023091012,2215,54574,Coby Bryant,FS,4.229158141881657,0.981103268195592,0.07767259138000648,0.0,False
2023091012,2215,47891,Julian Love,SS,1.0958910607215182,0.981103268195592,0.07767259138000648,0.0,False
2023091012,2215,42543,Quandre Diggs,FS,3.75979741669582,0.981103268195592,0.07767259138000648,0.0,False
2023091012,2215,54618,Riq Woolen,CB,1.0587758595755985,0.981103268195592,0.07767259138000648,0.03711520114591971,True
2023091012,2215,53566,Tre Brown,CB,3.5756267430282245,0.981103268195592,0.07767259138000648,0.0,False
2023091012,2240,38577,Bobby Wagner,MLB,5.183965134567727,2.349302411137678,0.5484505869315437,0.0,False
2023091012,2240,54574,Coby Bryant,FS,8.303637426232617,2.349302411137678,0.5484505869315437,0.0,False
2023091012,2240,52435,Jordyn Brooks,ILB,6.882686266363169,2.349302411137678,0.5484505869315437,0.0,False
2023091012,2240,47891,Julian Love,SS,4.216573155220316,2.349302411137678,0.5484505869315437,0.0,False
2023091012,2240,42543,Quandre Diggs,FS,2.8977529980692216,2.349302411137678,0.5484505869315437,1.3188201571510945,True
2023091012,2240,54618,Riq Woolen,CB,5.258717618307723,2.349302411137678,0.5484505869315437,0.0,False
2023091012,2240,53566,Tre Brown,CB,4.966779473373476,2.349302411137678,0.5484505869315437,0.0,False
2023091012,2263,38577,Bobby Wagner,MLB,2.0490695140671713,0.7211056250326223,1.298180793901993,0.0,False
2023091012,2263,54574,Coby Bryant,FS,4.105202500984076,0.7211056250326223,1.298180793901993,0.0,False
2023091012,2263,52435,Jordyn Brooks,ILB,2.339226134156793,0.7211056250326223,1.298180793901993,0.0,False
2023091012,2263,47891,Julian Love,SS,2.019286418934615,0.7211056250326223,1.298180793901993,0.02978309513255617,True
2023091012,2263,42543,Quandre Diggs,FS,4.4031271274958685,0.7211056250326223,1.298180793901993,0.0,False
2023091012,2263,54618,Riq Woolen,CB,3.269065741222718,0.7211056250326223,1.298180793901993,0.0,False
2023091012,2263,53566,Tre Brown,CB,3.1564476708238063,0.7211056250326223,1.298180793901993,0.0,False
2023091012,2310,43314,Artie Burns,CB,3.6337849407889142,0.9684681922089176,0.3055117527889226,0.0,False
2023091012,2310,38577,Bobby Wagner,MLB,4.905452818735608,0.9684681922089176,0.3055117527889226,0.0,False
2023091012,2310,54574,Coby Bryant,FS,2.688299010430308,0.9684681922089176,0.3055117527889226,0.0,False
2023091012,2310,47891,Julian Love,SS,3.325341804904833,0.9684681922089176,0.3055117527889226,0.0,False
2023091012,2310,42543,Quandre Diggs,FS,4.831003896723147,0.9684681922089176,0.3055117527889226,0.0,False
2023091012,2310,54618,Riq Woolen,CB,4.523837271564594,0.9684681922089176,0.3055117527889226,0.0,False
2023091012,2310,53566,Tre Brown,CB,1.2739799449978402,0.9684681922089176,0.3055117527889226,1.4143190654324678,True
2023091012,2335,43314,Artie Burns,CB,3.0324731412009966,2.881255692121557,0.1512174490794398,0.7757330848716433,True
2023091012,2335,54574,Coby Bryant,FS,5.99727149662768,2.881255692121557,0.1512174490794398,0.0,False
2023091012,2335,47891,Julian Love,SS,3.853071341076122,2.881255692121557,0.1512174490794398,0.0,False
2023091012,2335,42543,Quandre Diggs,FS,5.3293188002509995,2.881255692121557,0.1512174490794398,0.0,False
2023091012,2335,54618,Riq Woolen,CB,6.887356981001533,2.881255692121557,0.1512174490794398,0.0,False
2023091012,2335,53566,Tre Brown,CB,3.80820622607264,2.881255692121557,0.1512174490794398,0.0,False
2023091012,2476,44878,Ahkello Witherspoon,CB,7.78597564579482,0.8607269920081293,0.4711621962020829,0.0,False
2023091012,2476,52844,Christian Rozeboom,ILB,3.8278914932043056,0.8607269920081293,0.4711621962020829,0.0,False
2023091012,2476,54607,Cobie Durant,CB,1.89702067916798,0.8607269920081293,0.4711621962020829,0.0,False
2023091012,2476,53532,Ernest Jones,MLB,1.3318891882102122,0.8607269920081293,0.4711621962020829,0.5651314909577678,True
2023091012,2476,52607,Jordan Fuller,FS,5.097526963047473,0.8607269920081293,0.4711621962020829,0.0,False
2023091012,2476,52835,Michael Hoecht,OLB,5.963641969705031,0.8607269920081293,0.4711621962020829,0.0,False
2023091012,2476,54718,Russ Yeast,FS,6.661536822708994,0.8607269920081293,0.4711621962020829,0.0,False
2023091012,2499,44878,Ahkello Witherspoon,CB,6.718566842198756,0.813478663743223,0.5351708757980231,0.0,False
2023091012,2499,54607,Cobie Durant,CB,3.002911989175665,0.813478663743223,0.5351708757980231,0.0,False
2023091012,2499,54677,Derion Kendrick,CB,1.4734761905225064,0.813478663743223,0.5351708757980231,0.0,False
2023091012,2499,52607,Jordan Fuller,FS,4.338215387374719,0.813478663743223,0.5351708757980231,0.0,False
2023091012,2499,54718,Russ Yeast,FS,1.3486495395412461,0.813478663743223,0.5351708757980231,0.12482665098126033,True
2023091012,2543,38577,Bobby Wagner,MLB,4.915446441261402,1.2433586458778878,1.1341420282003956,0.0,False
2023091012,2543,52435,Jordyn Brooks,ILB,2.3775006740782834,1.2433586458778878,1.1341420282003956,0.5013957588752107,True
2023091012,2543,47891,Julian Love,SS,6.097356662733467,1.2433586458778878,1.1341420282003956,0.0,False
2023091012,2543,47941,Mike Jackson,CB,2.878896432953494,1.2433586458778878,1.1341420282003956,0.0,False
2023091012,2543,42543,Quandre Diggs,FS,5.950000768034002,1.2433586458778878,1.1341420282003956,0.0,False
2023091012,2543,54618,Riq Woolen,CB,7.150953645073765,1.2433586458778878,1.1341420282003956,0.0,False
2023091012,2602,38577,Bobby Wagner,MLB,1.428128415492086,1.0556028030707345,0.3725256124213514,1.1182006345743012,True
2023091012,2602,54574,Coby Bryant,FS,3.178182788236592,1.0556028030707345,0.3725256124213514,0.0,False
2023091012,2602,47891,Julian Love,SS,3.387722010014921,1.0556028030707345,0.3725256124213514,0.0,False
2023091012,2602,47941,Mike Jackson,CB,2.546329050066387,1.0556028030707345,0.3725256124213514,0.0,False
2023091012,2602,42543,Quandre Diggs,FS,5.218693738375636,1.0556028030707345,0.3725256124213514,0.0,False
2023091012,2602,54618,Riq Woolen,CB,6.358491055514533,1.0556028030707345,0.3725256124213514,0.0,False
2023091012,2656,38577,Bobby Wagner,MLB,5.072341288482762,1.8629343672313272,0.40098462297176907,0.0,False
2023091012,2656,54574,Coby Bryant,FS,7.413914355277026,1.8629343672313272,0.40098462297176907,0.0,False
2023091012,2656,52435,Jordyn Brooks,ILB,3.8611447464143955,1.8629343672313272,0.40098462297176907,0.0,False
2023091012,2656,47891,Julian Love,SS,2.2639189902030963,1.8629343672313272,0.40098462297176907,0.759653003597045,True
2023091012,2656,47941,Mike Jackson,CB,6.507342690929584,1.8629343672313272,0.40098462297176907,0.0,False
2023091012,2656,42543,Quandre Diggs,FS,4.086448319278168,1.8629343672313272,0.40098462297176907,0.0,False
2023091012,2656,54618,Riq Woolen,CB,3.0235719938001413,1.8629343672313272,0.40098462297176907,0.0,False
2023091012,2725,43314,Artie Burns,CB,3.166148924822958,2.768055274199847,0.15877678855622746,0.0,False
2023091012,2725,38577,Bobby Wagner,MLB,6.5536670678591165,2.768055274199847,0.15877678855622746,0.0,False
2023091012,2725,54574,Coby Bryant,FS,7.433726224722585,2.768055274199847,0.15877678855622746,0.0,False
2023091012,2725,47891,Julian Love,SS,6.132065625851235,2.768055274199847,0.15877678855622746,0.0,False
2023091012,2725,47941,Mike Jackson,CB,2.9268320627560747,2.768055274199847,0.15877678855622746,0.2393168620668833,True
2023091012,2725,42543,Quandre Diggs,FS,4.521151439249689,2.768055274199847,0.15877678855622746,0.0,False
2023091012,2725,54618,Riq Woolen,CB,9.707974880438456,2.768055274199847,0.15877678855622746,0.0,False
2023091012,2791,44878,Ahkello Witherspoon,CB,6.890865599653491,0.7656993910668364,1.0851523257636078,0.0,False
2023091012,2791,52844,Christian Rozeboom,ILB,2.267417424998204,0.7656993910668364,1.0851523257636078,0.0,False
2023091012,2791,54607,Cobie Durant,CB,10.426687210391803,0.7656993910668364,1.0851523257636078,0.0,False
2023091012,2791,53532,Ernest Jones,MLB,4.412998187702581,0.7656993910668364,1.0851523257636078,0.0,False
2023091012,2791,52607,Jordan Fuller,FS,5.444456578591239,0.7656993910668364,1.0851523257636078,0.0,False
2023091012,2791,52835,Michael Hoecht,OLB,1.8508517168304441,0.7656993910668364,1.0851523257636078,0.41656570816776006,True
2023091012,2791,54718,Russ Yeast,FS,10.8571175335265,0.7656993910668364,1.0851523257636078,0.0,False
2023091012,2956,38577,Bobby Wagner,MLB,2.634722567430497,1.11719901761191,0.37372968088877667,0.0,False
2023091012,2956,47793,Devin Bush,MLB,1.4909286985006867,1.11719901761191,0.37372968088877667,1.1437938689298102,True
2023091012,2956,52435,Jordyn Brooks,ILB,4.0940592934585105,1.11719901761191,0.37372968088877667,0.0,False
2023091012,2956,47891,Julian Love,SS,4.115196693725193,1.11719901761191,0.37372968088877667,0.0,False
2023091012,2956,42543,Quandre Diggs,FS,5.181465776063075,1.11719901761191,0.37372968088877667,0.0,False
2023091012,2956,54618,Riq Woolen,CB,2.7312219044578088,1.11719901761191,0.37372968088877667,0.0,False
2023091012,2956,53566,Tre Brown,CB,4.857284489040312,1.11719901761191,0.37372968088877667,0.0,False
2023091012,3068,38577,Bobby Wagner,MLB,3.051657241958191,1.0988596815403806,0.2729841472621988,0.0,False
2023091012,3068,54574,Coby Bryant,FS,1.3718438288025794,1.0988596815403806,0.2729841472621988,0.650567979706324,True
2023091012,3068,47793,Devin Bush,MLB,2.063347764413432,1.0988596815403806,0.2729841472621988,0.0,False
2023091012,3068,47891,Julian Love,SS,4.272053651627554,1.0988596815403806,0.2729841472621988,0.0,False
2023091012,3068,42543,Quandre Diggs,FS,2.0224118085089033,1.0988596815403806,0.2729841472621988,0.0,False
2023091012,3068,54618,Riq Woolen,CB,2.517374645042822,1.0988596815403806,0.2729841472621988,0.0,False
2023091012,3068,53566,Tre Brown,CB,2.6319763906347204,1.0988596815403806,0.2729841472621988,0.0,False
2023091012,3093,38577,Bobby Wagner,MLB,1.4852549442269571,1.4922538341392155,-0.006998889912258388,0.40773737116125663,True
2023091012,3093,54574,Coby Bryant,FS,3.490793093340186,1.4922538341392155,-0.006998889912258388,0.0,False
2023091012,3093,47793,Devin Bush,MLB,2.6022239468398602,1.4922538341392155,-0.006998889912258388,0.0,False
2023091012,3093,47891,Julian Love,SS,1.8929923153882138,1.4922538341392155,-0.006998889912258388,0.0,False
2023091012,3093,42543,Quandre Diggs,FS,2.1592566323590585,1.4922538341392155,-0.006998889912258388,0.0,False
2023091012,3093,54618,Riq Woolen,CB,2.7523137779676103,1.4922538341392155,-0.006998889912258388,0.0,False
2023091012,3093,53566,Tre Brown,CB,4.611514991516404,1.4922538341392155,-0.006998889912258388,0.0,False
2023091012,3140,38577,Bobby Wagner,MLB,3.5965808255400775,1.198450370887565,0.586175427268304,0.0,False
2023091012,3140,47793,Devin Bush,MLB,1.7846257981558689,1.198450370887565,0.586175427268304,0.07106462033280558,True
2023091012,3140,47891,Julian Love,SS,2.198769040265328,1.198450370887565,0.586175427268304,0.0,False
2023091012,3140,42543,Quandre Diggs,FS,3.8281139781667983,1.198450370887565,0.586175427268304,0.0,False
2023091012,3140,54618,Riq Woolen,CB,1.8556904184886744,1.198450370887565,0.586175427268304,0.0,False
2023091012,3140,53566,Tre Brown,CB,4.819519956586431,1.198450370887565,0.586175427268304,0.0,False
2023091012,3197,38577,Bobby Wagner,MLB,4.971200222836506,2.4945976797055924,0.17656234631871603,0.0,False
2023091012,3197,54574,Coby Bryant,FS,8.156538979896103,2.4945976797055924,0.17656234631871603,0.0,False
2023091012,3197,47793,Devin Bush,MLB,2.6711600260243085,2.4945976797055924,0.17656234631871603,1.6554952971277004,True
2023091012,3197,47891,Julian Love,SS,6.089966907721033,2.4945976797055924,0.17656234631871603,0.0,False
2023091012,3197,42543,Quandre Diggs,FS,6.833151038829192,2.4945976797055924,0.17656234631871603,0.0,False
2023091012,3197,54618,Riq Woolen,CB,9.528127798991724,2.4945976797055924,0.17656234631871603,0.0,False
2023091012,3197,53566,Tre Brown,CB,4.326655323152009,2.4945976797055924,0.17656234631871603,0.0,False
2023091012,3298,38577,Bobby Wagner,MLB,4.472943924876071,1.5557705959169505,-1.0641081574436981,0.0,False
2023091012,3298,52435,Jordyn Brooks,ILB,1.7520255647527265,1.5557705959169505,-1.0641081574436981,0.0,False
2023091012,3298,47891,Julian Love,SS,0.4916624384732523,1.5557705959169505,-1.0641081574436981,1.260363126279474,True
2023091012,3298,42543,Quandre Diggs,FS,2.5592564845211583,1.5557705959169505,-1.0641081574436981,0.0,False
2023091012,3298,54618,Riq Woolen,CB,4.228401161136425,1.5557705959169505,-1.0641081574436981,0.0,False
2023091012,3298,53566,Tre Brown,CB,1.986046469150458,1.5557705959169505,-1.0641081574436981,0.0,False
2023091012,3382,44878,Ahkello Witherspoon,CB,8.503728280781683,0.7524861078918883,1.0286994867768195,0.0,False
2023091012,3382,55942,Byron Young,OLB,1.7811855946687079,0.7524861078918883,1.0286994867768195,0.37384273805244117,True
2023091012,3382,54607,Cobie Durant,CB,2.155028332721149,0.7524861078918883,1.0286994867768195,0.0,False
2023091012,3382,54677,Derion Kendrick,CB,2.6258205452759324,0.7524861078918883,1.0286994867768195,0.0,False
2023091012,3382,53532,Ernest Jones,MLB,3.6800517114213465,0.7524861078918883,1.0286994867768195,0.0,False
2023091012,3382,52607,Jordan Fuller,FS,5.262969878741841,0.7524861078918883,1.0286994867768195,0.0,False
2023091012,3382,54718,Russ Yeast,FS,5.312242577531021,0.7524861078918883,1.0286994867768195,0.0,False
2023091012,3412,44878,Ahkello Witherspoon,CB,4.337619634522623,0.928029310406848,-0.18365127174780405,0.0,False
2023091012,3412,54607,Cobie Durant,CB,0.744378038659044,0.928029310406848,-0.18365127174780405,0.37350607721074813,True
2023091012,3412,54677,Derion Kendrick,CB,1.117884115869792,0.928029310406848,-0.18365127174780405,0.0,False
2023091012,3412,52607,Jordan Fuller,FS,4.01840462547949,0.928029310406848,-0.18365127174780405,0.0,False
2023091012,3412,54676,Quentin Lake,FS,2.7002476299616753,0.928029310406848,-0.18365127174780405,0.0,False
2023091012,3412,54718,Russ Yeast,FS,3.273067172355498,0.928029310406848,-0.18365127174780405,0.0,False
2023091012,3516,38577,Bobby Wagner,MLB,1.3748093386524711,0.6367181697310843,0.7380911689213868,0.4667307344117867,True
2023091012,3516,54574,Coby Bryant,FS,1.841540073064258,0.6367181697310843,0.7380911689213868,0.0,False
2023091012,3516,52435,Jordyn Brooks,ILB,4.181417222175737,0.6367181697310843,0.7380911689213868,0.0,False
2023091012,3516,47891,Julian Love,SS,4.927060433350974,0.6367181697310843,0.7380911689213868,0.0,False
2023091012,3516,47941,Mike Jackson,CB,6.245123882642173,0.6367181697310843,0.7380911689213868,0.0,False
2023091012,3516,42543,Quandre Diggs,FS,4.456452677654508,0.6367181697310843,0.7380911689213868,0.0,False
2023091012,3516,54618,Riq Woolen,CB,3.9654119685608897,0.6367181697310843,0.7380911689213868,0.0,False
2023091012,3516,46117,Uchenna Nwosu,OLB,2.2341262116748397,0.6367181697310843,0.7380911689213868,0.0,False
2023091012,3541,43314,Artie Burns,CB,1.6561993504613854,2.3118844619358563,-0.6556851114744708,0.910878129595319,True
2023091012,3541,38577,Bobby Wagner,MLB,7.9712814277472965,2.3118844619358563,-0.6556851114744708,0.0,False
2023091012,3541,54574,Coby Bryant,FS,4.860130542029247,2.3118844619358563,-0.6556851114744708,0.0,False
2023091012,3541,47891,Julian Love,SS,3.216579964989426,2.3118844619358563,-0.6556851114744708,0.0,False
2023091012,3541,47941,Mike Jackson,CB,2.5670774800567044,2.3118844619358563,-0.6556851114744708,0.0,False
2023091012,3541,42543,Quandre Diggs,FS,4.454458358521433,2.3118844619358563,-0.6556851114744708,0.0,False
2023091012,3541,54618,Riq Woolen,CB,6.624777635242914,2.3118844619358563,-0.6556851114744708,0.0,False
2023091012,3618,52435,Jordyn Brooks,ILB,3.96977706562137,2.5502762307230618,0.1260000435245443,0.0,False
2023091012,3618,47891,Julian Love,SS,2.8993297915254286,2.5502762307230618,0.1260000435245443,0.0,False
2023091012,3618,47941,Mike Jackson,CB,3.737600631973855,2.5502762307230618,0.1260000435245443,0.0,False
2023091012,3618,42543,Quandre Diggs,FS,2.676276274247606,2.5502762307230618,0.1260000435245443,0.22305351727782252,True
2023091012,3618,54618,Riq Woolen,CB,6.462079357832359,2.5502762307230618,0.1260000435245443,0.0,False
2023091012,3663,43314,Artie Burns,CB,9.9291188828988,3.3244057505212026,0.3383072345725746,0.0,False
2023091012,3663,38577,Bobby Wagner,MLB,4.102710526075643,3.3244057505212026,0.3383072345725746,0.0,False
2023091012,3663,54574,Coby Bryant,FS,5.545196389613348,3.3244057505212026,0.3383072345725746,0.0,False
2023091012,3663,47891,Julian Love,SS,3.961665720308345,3.3244057505212026,0.3383072345725746,0.0,False
2023091012,3663,47941,Mike Jackson,CB,7.28570868382847,3.3244057505212026,0.3383072345725746,0.0,False
2023091012,3663,42543,Quandre Diggs,FS,7.298416187666142,3.3244057505212026,0.3383072345725746,0.0,False
2023091012,3663,54618,Riq Woolen,CB,3.662712985093777,3.3244057505212026,0.3383072345725746,0.2989527352145678,True
2023091012,3729,44878,Ahkello Witherspoon,CB,5.997855754285,0.46693763626819274,0.9617090607154282,0.0,False
2023091012,3729,54607,Cobie Durant,CB,2.645380752148058,0.46693763626819274,0.9617090607154282,0.0,False
2023091012,3729,54677,Derion Kendrick,CB,3.493841458578153,0.46693763626819274,0.9617090607154282,0.0,False
2023091012,3729,53532,Ernest Jones,MLB,2.989859229285062,0.46693763626819274,0.9617090607154282,0.0,False
2023091012,3729,52607,Jordan Fuller,FS,3.579240371212297,0.46693763626819274,0.9617090607154282,0.0,False
2023091012,3729,54676,Quentin Lake,FS,1.428646696983621,0.46693763626819274,0.9617090607154282,1.2167340551644372,True
2023091012,3729,54718,Russ Yeast,FS,3.112516353020663,0.46693763626819274,0.9617090607154282,0.0,False
2023091013,422,43533,Jayron Kearse,FS,4.888310476179217,0.7783423922173034,0.5237456249961372,0.0,False
2023091013,422,55166,Juanyeh Thomas,FS,1.3020880172134406,0.7783423922173034,0.5237456249961372,0.4110703006964833,True
2023091013,422,46088,Leighton Vander Esch,ILB,3.2733162228155734,0.7783423922173034,0.5237456249961372,0.0,False
2023091013,422,44827,Malik Hooker,SS,4.694749418247088,0.7783423922173034,0.5237456249961372,0.0,False
2023091013,422,55149,Markquese Bell,SS,1.713158317909924,0.7783423922173034,0.5237456249961372,0.0,False
2023091013,422,38540,Stephon Gilmore,CB,3.8007766197001356,0.7783423922173034,0.5237456249961372,0.0,False
2023091013,422,52459,Trevon Diggs,CB,8.863306546202711,0.7783423922173034,0.5237456249961372,0.0,False
2023091013,485,44830,Adoree' Jackson,CB,5.496939492410563,0.900404624249352,0.08495135641920704,0.0,False
2023091013,485,47872,Bobby Okereke,ILB,3.550943314927251,0.900404624249352,0.08495135641920704,0.0,False
2023091013,485,55888,Deonte Banks,CB,2.8478523955528288,0.900404624249352,0.08495135641920704,0.0,False
2023091013,485,53604,Jason Pinnock,FS,4.926393738676074,0.900404624249352,0.08495135641920704,0.0,False
2023091013,485,54611,Micah McFadden,ILB,1.727274512163918,0.900404624249352,0.08495135641920704,0.0,False
2023091013,485,56074,Tre Hawkins III,CB,1.7238634172459342,0.900404624249352,0.08495135641920704,0.0,False
2023091013,485,52444,Xavier McKinney,SS,0.985355980668559,0.900404624249352,0.08495135641920704,0.7385074365773752,True
2023091013,539,44830,Adoree' Jackson,CB,3.1290232899806463,2.1688070439570426,0.9602162460236037,0.46605718465956425,True
2023091013,539,47872,Bobby Okereke,ILB,5.165158993128271,2.1688070439570426,0.9602162460236037,0.0,False
2023091013,539,55888,Deonte Banks,CB,4.878277096294906,2.1688070439570426,0.9602162460236037,0.0,False
2023091013,539,53604,Jason Pinnock,FS,3.5950804746402105,2.1688070439570426,0.9602162460236037,0.0,False
2023091013,539,56074,Tre Hawkins III,CB,3.9026250407613565,2.1688070439570426,0.9602162460236037,0.0,False
2023091013,539,52444,Xavier McKinney,SS,3.9049976463641367,2.1688070439570426,0.9602162460236037,0.0,False
2023091013,616,44830,Adoree' Jackson,CB,4.715509424241452,1.5427594881693467,-0.10204842201228059,0.0,False
2023091013,616,47872,Bobby Okereke,ILB,3.3222140887465352,1.5427594881693467,-0.10204842201228059,0.0,False
2023091013,616,55888,Deonte Banks,CB,1.4407110661570661,1.5427594881693467,-0.10204842201228059,0.2569031670130997,True
2023091013,616,53604,Jason Pinnock,FS,7.0890862888315755,1.5427594881693467,-0.10204842201228059,0.0,False
2023091013,616,54611,Micah McFadden,ILB,2.960252317369849,1.5427594881693467,-0.10204842201228059,0.0,False
2023091013,616,56074,Tre Hawkins III,CB,8.222045421318752,1.5427594881693467,-0.10204842201228059,0.0,False
2023091013,616,52444,Xavier McKinney,SS,1.6976142331701658,1.5427594881693467,-0.10204842201228059,0.0,False
2023091013,639,44830,Adoree' Jackson,CB,1.8009871633613201,1.0680755407673665,0.7329116225939536,0.6352642420724481,True
2023091013,639,47872,Bobby Okereke,ILB,2.9249900459765583,1.0680755407673665,0.7329116225939536,0.0,False
2023091013,639,55888,Deonte Banks,CB,6.475205736940962,1.0680755407673665,0.7329116225939536,0.0,False
2023091013,639,53604,Jason Pinnock,FS,2.4362514054337683,1.0680755407673665,0.7329116225939536,0.0,False
2023091013,639,54611,Micah McFadden,ILB,3.5761272054758217,1.0680755407673665,0.7329116225939536,0.0,False
2023091013,639,52444,Xavier McKinney,SS,3.7540973311067196,1.0680755407673665,0.7329116225939536,0.0,False
2023091013,801,54632,DaRon Bland,CB,2.409938347645532,1.0678069147458051,0.5795837879254091,0.0,False
2023091013,801,43533,Jayron Kearse,FS,5.269966774936146,1.0678069147458051,0.5795837879254091,0.0,False
2023091013,801,55166,Juanyeh Thomas,FS,7.232208147996165,1.0678069147458051,0.5795837879254091,0.0,False
2023091013,801,46088,Leighton Vander Esch,ILB,4.162835418521344,1.0678069147458051,0.5795837879254091,0.0,False
2023091013,801,44827,Malik Hooker,SS,4.3764660878913135,1.0678069147458051,0.5795837879254091,0.0,False
2023091013,801,38540,Stephon Gilmore,CB,8.016893217726485,1.0678069147458051,0.5795837879254091,0.0,False
2023091013,801,52459,Trevon Diggs,CB,1.6473907026712142,1.0678069147458051,0.5795837879254091,0.7625476449743176,True
2023091013,1015,44830,Adoree' Jackson,CB,7.020177821296551,0.8857316584057366,0.3423977939405132,0.0,False
2023091013,1015,47872,Bobby Okereke,ILB,2.3952998964169807,0.8857316584057366,0.3423977939405132,0.0,False
2023091013,1015,55888,Deonte Banks,CB,1.2281294523462498,0.8857316584057366,0.3423977939405132,1.167170444070731,True
2023091013,1015,53604,Jason Pinnock,FS,6.469768458896531,0.8857316584057366,0.3423977939405132,0.0,False
2023091013,1015,56074,Tre Hawkins III,CB,8.494969950565515,0.8857316584057366,0.3423977939405132,0.0,False
2023091013,1015,52444,Xavier McKinney,SS,3.6492800209603256,0.8857316584057366,0.3423977939405132,0.0,False
2023091013,1072,44830,Adoree' Jackson,CB,4.10041060844166,1.6433540870313323,0.038606915802930075,0.0,False
2023091013,1072,47872,Bobby Okereke,ILB,4.491674718270775,1.6433540870313323,0.038606915802930075,0.0,False
2023091013,1072,54579,Dane Belton,SS,2.3918789805998943,1.6433540870313323,0.038606915802930075,0.0,False
2023091013,1072,55888,Deonte Banks,CB,10.341015222046149,1.6433540870313323,0.038606915802930075,0.0,False
2023091013,1072,53604,Jason Pinnock,FS,4.3889427340250835,1.6433540870313323,0.038606915802930075,0.0,False
2023091013,1072,54611,Micah McFadden,ILB,2.8909372448888986,1.6433540870313323,0.038606915802930075,0.0,False
2023091013,1072,52444,Xavier McKinney,SS,1.6819610028342624,1.6433540870313323,0.038606915802930075,0.7099179777656319,True
2023091013,1117,44830,Adoree' Jackson,CB,4.064443189514306,0.9981370449900555,1.0944529519370065,0.0,False
2023091013,1117,47872,Bobby Okereke,ILB,3.0927305657008315,0.9981370449900555,1.0944529519370065,0.0,False
2023091013,1117,55888,Deonte Banks,CB,6.03592117516979,0.9981370449900555,1.0944529519370065,0.0,False
2023091013,1117,52416,Isaiah Simmons,MLB,2.092589996927062,0.9981370449900555,1.0944529519370065,0.33039690355768414,True
2023091013,1117,53604,Jason Pinnock,FS,6.087103725425946,0.9981370449900555,1.0944529519370065,0.0,False
2023091013,1117,56074,Tre Hawkins III,CB,2.422986900484746,0.9981370449900555,1.0944529519370065,0.0,False
2023091013,1117,52444,Xavier McKinney,SS,4.025421827003071,0.9981370449900555,1.0944529519370065,0.0,False
2023091013,1142,44830,Adoree' Jackson,CB,2.16797310856608,1.2044227570015755,-0.253219421936282,0.0,False
2023091013,1142,47872,Bobby Okereke,ILB,3.683903893779677,1.2044227570015755,-0.253219421936282,0.0,False
2023091013,1142,55888,Deonte Banks,CB,3.028734753050959,1.2044227570015755,-0.253219421936282,0.0,False
2023091013,1142,52416,Isaiah Simmons,MLB,2.4837786417325547,1.2044227570015755,-0.253219421936282,0.0,False
2023091013,1142,53604,Jason Pinnock,FS,2.9201279198721912,1.2044227570015755,-0.253219421936282,0.0,False
2023091013,1142,56074,Tre Hawkins III,CB,0.9512033350652935,1.2044227570015755,-0.253219421936282,1.2167697735007865,True
2023091013,1142,52444,Xavier McKinney,SS,3.233859237459757,1.2044227570015755,-0.253219421936282,0.0,False
2023091013,1233,44830,Adoree' Jackson,CB,1.1922409918344261,0.9435793409182536,0.10870459164658652,0.0,False
2023091013,1233,47872,Bobby Okereke,ILB,1.4566659929931467,0.9435793409182536,0.10870459164658652,0.0,False
2023091013,1233,55888,Deonte Banks,CB,7.6084955925219395,0.9435793409182536,0.10870459164658652,0.0,False
2023091013,1233,52416,Isaiah Simmons,MLB,1.4289407433058205,0.9435793409182536,0.10870459164658652,0.0,False
2023091013,1233,53604,Jason Pinnock,FS,4.517068738508392,0.9435793409182536,0.10870459164658652,0.0,False
2023091013,1233,56074,Tre Hawkins III,CB,1.05228393256484,0.9435793409182536,0.10870459164658652,0.13995705926958601,True
2023091013,1233,52444,Xavier McKinney,SS,1.7794878881708895,0.9435793409182536,0.10870459164658652,0.0,False
2023091013,1337,44830,Adoree' Jackson,CB,1.6792714210074995,0.79080925427199,0.8884621667355095,0.96448948431612,True
2023091013,1337,47872,Bobby Okereke,ILB,2.6437609053236195,0.79080925427199,0.8884621667355095,0.0,False
2023091013,1337,54579,Dane Belton,SS,2.7766789080889764,0.79080925427199,0.8884621667355095,0.0,False
2023091013,1337,55888,Deonte Banks,CB,3.5477249817109704,0.79080925427199,0.8884621667355095,0.0,False
2023091013,1337,53604,Jason Pinnock,FS,3.0980640401545188,0.79080925427199,0.8884621667355095,0.0,False
2023091013,1337,54611,Micah McFadden,ILB,3.0453785337073707,0.79080925427199,0.8884621667355095,0.0,False
2023091013,1337,52444,Xavier McKinney,SS,4.488167526845405,0.79080925427199,0.8884621667355095,0.0,False
2023091013,1588,54632,DaRon Bland,CB,5.125009511979855,1.0017947490142465,0.11127482229705077,0.0,False
2023091013,1588,43533,Jayron Kearse,FS,3.596173519821763,1.0017947490142465,0.11127482229705077,0.0,False
2023091013,1588,46088,Leighton Vander Esch,ILB,4.51205920195412,1.0017947490142465,0.11127482229705077,0.0,False
2023091013,1588,44827,Malik Hooker,SS,3.507237711802523,1.0017947490142465,0.11127482229705077,0.0,False
2023091013,1588,55149,Markquese Bell,SS,2.2646820688731113,1.0017947490142465,0.11127482229705077,0.0,False
2023091013,1588,38540,Stephon Gilmore,CB,1.1130695713112972,1.0017947490142465,0.11127482229705077,1.151612497561814,True
2023091013,1588,52459,Trevon Diggs,CB,6.720468127892193,1.0017947490142465,0.11127482229705077,0.0,False
2023091013,1635,43533,Jayron Kearse,FS,4.605520508750009,1.1681713362796076,0.6398794112952864,0.0,False
2023091013,1635,46088,Leighton Vander Esch,ILB,4.644205886678225,1.1681713362796076,0.6398794112952864,0.0,False
2023091013,1635,44827,Malik Hooker,SS,1.808050747574894,1.1681713362796076,0.6398794112952864,0.822395009073029,True
2023091013,1635,38540,Stephon Gilmore,CB,4.446400176790832,1.1681713362796076,0.6398794112952864,0.0,False
2023091013,1635,52459,Trevon Diggs,CB,2.630445756647923,1.1681713362796076,0.6398794112952864,0.0,False
2023091013,1687,54632,DaRon Bland,CB,3.374887922341903,1.5191130499328906,-0.17468056971535617,0.0,False
2023091013,1687,54641,Damone Clark,OLB,1.8760188338971073,1.5191130499328906,-0.17468056971535617,0.0,False
2023091013,1687,43533,Jayron Kearse,FS,4.766544963167647,1.5191130499328906,-0.17468056971535617,0.0,False
2023091013,1687,44827,Malik Hooker,SS,1.3444324802175345,1.5191130499328906,-0.17468056971535617,0.42236916986984796,True
2023091013,1687,38540,Stephon Gilmore,CB,1.7668016500873824,1.5191130499328906,-0.17468056971535617,0.0,False
2023091013,1687,52459,Trevon Diggs,CB,2.9753441030844114,1.5191130499328906,-0.17468056971535617,0.0,False
2023091013,1737,54632,DaRon Bland,CB,4.9990082253842125,1.2725789558983462,0.28882981629553073,0.0,False
2023091013,1737,53656,Israel Mukuamu,FS,3.5610562509426837,1.2725789558983462,0.28882981629553073,0.0,False
2023091013,1737,43533,Jayron Kearse,FS,1.561408772193877,1.2725789558983462,0.28882981629553073,0.1667871953349782,True
2023091013,1737,55166,Juanyeh Thomas,FS,3.4463173320226628,1.2725789558983462,0.28882981629553073,0.0,False
2023091013,1737,38540,Stephon Gilmore,CB,1.7281959675288552,1.2725789558983462,0.28882981629553073,0.0,False
2023091013,1737,52459,Trevon Diggs,CB,2.8830645599010536,1.2725789558983462,0.28882981629553073,0.0,False
2023091013,1813,54632,DaRon Bland,CB,3.4638336611587213,1.157191682175818,0.4628231957574722,0.0,False
2023091013,1813,43533,Jayron Kearse,FS,1.6200148779332901,1.157191682175818,0.4628231957574722,0.15735791971572644,True
2023091013,1813,46088,Leighton Vander Esch,ILB,1.7773727976490166,1.157191682175818,0.4628231957574722,0.0,False
2023091013,1813,44827,Malik Hooker,SS,4.394570471149314,1.157191682175818,0.4628231957574722,0.0,False
2023091013,1813,38540,Stephon Gilmore,CB,3.481787061151792,1.157191682175818,0.4628231957574722,0.0,False
2023091013,1813,52459,Trevon Diggs,CB,6.34727253220229,1.157191682175818,0.4628231957574722,0.0,False
2023091013,1870,54632,DaRon Bland,CB,1.7511359760823473,0.882753863928448,0.8683821121538993,0.6759423473112138,True
2023091013,1870,54641,Damone Clark,OLB,4.67554991619165,0.882753863928448,0.8683821121538993,0.0,False
2023091013,1870,43533,Jayron Kearse,FS,7.130965830034937,0.882753863928448,0.8683821121538993,0.0,False
2023091013,1870,46088,Leighton Vander Esch,ILB,2.427078323393561,0.882753863928448,0.8683821121538993,0.0,False
2023091013,1870,44827,Malik Hooker,SS,4.842724255452527,0.882753863928448,0.8683821121538993,0.0,False
2023091013,1870,38540,Stephon Gilmore,CB,3.664021711534807,0.882753863928448,0.8683821121538993,0.0,False
2023091013,1870,52459,Trevon Diggs,CB,2.638448273537294,0.882753863928448,0.8683821121538993,0.0,False
2023091013,1943,44830,Adoree' Jackson,CB,9.194657351075596,2.634208585354821,0.10233263276571813,0.0,False
2023091013,1943,47872,Bobby Okereke,ILB,7.5898919707755015,2.634208585354821,0.10233263276571813,0.0,False
2023091013,1943,55888,Deonte Banks,CB,2.7365412181205393,2.634208585354821,0.10233263276571813,1.5166940148895875,True
2023091013,1943,52416,Isaiah Simmons,MLB,4.253235233010127,2.634208585354821,0.10233263276571813,0.0,False
2023091013,1943,53604,Jason Pinnock,FS,7.8129472594388565,2.634208585354821,0.10233263276571813,0.0,False
2023091013,1943,56074,Tre Hawkins III,CB,10.204976971531567,2.634208585354821,0.10233263276571813,0.0,False
2023091013,1943,52444,Xavier McKinney,SS,4.405180009943124,2.634208585354821,0.10233263276571813,0.0,False
2023091013,2144,44830,Adoree' Jackson,CB,5.992127674039108,1.000186319763047,0.5837136468188038,0.0,False
2023091013,2144,47872,Bobby Okereke,ILB,3.744247296232169,1.000186319763047,0.5837136468188038,0.0,False
2023091013,2144,53604,Jason Pinnock,FS,4.678742332059087,1.000186319763047,0.5837136468188038,0.0,False
2023091013,2144,54611,Micah McFadden,ILB,2.6329026045519544,1.000186319763047,0.5837136468188038,0.0,False
2023091013,2144,53854,Nick McCloud,CB,1.5838999665818507,1.000186319763047,0.5837136468188038,1.0490026379701036,True
2023091013,2144,56074,Tre Hawkins III,CB,7.129140667861189,1.000186319763047,0.5837136468188038,0.0,False
2023091013,2144,52444,Xavier McKinney,SS,3.1310809823314862,1.000186319763047,0.5837136468188038,0.0,False
2023091013,2213,44830,Adoree' Jackson,CB,1.162057827887923,0.9207001885213126,0.24135763936661037,0.14635838585677363,True
2023091013,2213,47872,Bobby Okereke,ILB,1.3527202800811176,0.9207001885213126,0.24135763936661037,0.0,False
2023091013,2213,53604,Jason Pinnock,FS,2.0526042785541425,0.9207001885213126,0.24135763936661037,0.0,False
2023091013,2213,43333,Jihad Ward,OLB,3.385181623405515,0.9207001885213126,0.24135763936661037,0.0,False
2023091013,2213,54470,Kayvon Thibodeaux,OLB,1.3084162137446966,0.9207001885213126,0.24135763936661037,0.0,False
2023091013,2213,54611,Micah McFadden,ILB,4.5622273854920765,0.9207001885213126,0.24135763936661037,0.0,False
2023091013,2213,56074,Tre Hawkins III,CB,2.6903543738413953,0.9207001885213126,0.24135763936661037,0.0,False
2023091013,2213,52444,Xavier McKinney,SS,4.14182375868899,0.9207001885213126,0.24135763936661037,0.0,False
2023091013,2292,44830,Adoree' Jackson,CB,1.895624773758565,1.4913655809872126,0.1532941434278754,0.0,False
2023091013,2292,47872,Bobby Okereke,ILB,3.361573868806055,1.4913655809872126,0.1532941434278754,0.0,False
2023091013,2292,53604,Jason Pinnock,FS,1.644659724415088,1.4913655809872126,0.1532941434278754,0.25096504934347696,True
2023091013,2292,54611,Micah McFadden,ILB,5.327368801303031,1.4913655809872126,0.1532941434278754,0.0,False
2023091013,2292,53854,Nick McCloud,CB,2.576710414463158,1.4913655809872126,0.1532941434278754,0.0,False
2023091013,2292,56074,Tre Hawkins III,CB,7.9645332391893024,1.4913655809872126,0.1532941434278754,0.0,False
2023091013,2292,52444,Xavier McKinney,SS,2.0912726385140057,1.4913655809872126,0.1532941434278754,0.0,False
2023091013,2515,54632,DaRon Bland,CB,0.924744679987946,1.0774491564666775,-0.15270447647873153,0.4046215342720787,True
2023091013,2515,54641,Damone Clark,OLB,1.3293662142600247,1.0774491564666775,-0.15270447647873153,0.0,False
2023091013,2515,43533,Jayron Kearse,FS,5.9416116253292985,1.0774491564666775,-0.15270447647873153,0.0,False
2023091013,2515,46088,Leighton Vander Esch,ILB,2.6058253403243623,1.0774491564666775,-0.15270447647873153,0.0,False
2023091013,2515,44827,Malik Hooker,SS,5.144609408502872,1.0774491564666775,-0.15270447647873153,0.0,False
2023091013,2515,38540,Stephon Gilmore,CB,7.87152033091654,1.0774491564666775,-0.15270447647873153,0.0,False
2023091013,2515,52459,Trevon Diggs,CB,1.498921659571904,1.0774491564666775,-0.15270447647873153,0.0,False
2023091013,2572,54632,DaRon Bland,CB,6.282615496254197,0.5570806500374197,1.9124603912150258,0.0,False
2023091013,2572,43533,Jayron Kearse,FS,5.0205528352191395,0.5570806500374197,1.9124603912150258,0.0,False
2023091013,2572,46088,Leighton Vander Esch,ILB,7.022073758685527,0.5570806500374197,1.9124603912150258,0.0,False
2023091013,2572,44827,Malik Hooker,SS,8.709067643763271,0.5570806500374197,1.9124603912150258,0.0,False
2023091013,2572,55149,Markquese Bell,SS,3.9270025765221237,0.5570806500374197,1.9124603912150258,0.0,False
2023091013,2572,38540,Stephon Gilmore,CB,8.322845416497461,0.5570806500374197,1.9124603912150258,0.0,False
2023091013,2572,52459,Trevon Diggs,CB,2.4695410412524454,0.5570806500374197,1.9124603912150258,1.457461535269678,True
2023091013,2738,44830,Adoree' Jackson,CB,6.194144895435995,1.0517102195400851,0.4451894500839888,0.0,False
2023091013,2738,47872,Bobby Okereke,ILB,2.771893607663355,1.0517102195400851,0.4451894500839888,0.0,False
2023091013,2738,52518,Darnay Holmes,CB,5.407880119965655,1.0517102195400851,0.4451894500839888,0.0,False
2023091013,2738,54611,Micah McFadden,ILB,1.496899669624074,1.0517102195400851,0.4451894500839888,1.2749939380392812,True
2023091013,2738,56074,Tre Hawkins III,CB,3.076082376741904,1.0517102195400851,0.4451894500839888,0.0,False
2023091013,2738,52444,Xavier McKinney,SS,5.8917919683428535,1.0517102195400851,0.4451894500839888,0.0,False
2023091013,2802,44830,Adoree' Jackson,CB,1.5990774080614563,1.249774140811657,0.3493032672497993,0.2219177341109715,True
2023091013,2802,47872,Bobby Okereke,ILB,2.822472675483046,1.249774140811657,0.3493032672497993,0.0,False
2023091013,2802,52518,Darnay Holmes,CB,1.8209951421724277,1.249774140811657,0.3493032672497993,0.0,False
2023091013,2802,53604,Jason Pinnock,FS,2.1089550255952605,1.249774140811657,0.3493032672497993,0.0,False
2023091013,2802,54470,Kayvon Thibodeaux,OLB,2.054078892146735,1.249774140811657,0.3493032672497993,0.0,False
2023091013,2802,56074,Tre Hawkins III,CB,5.7984743338171745,1.249774140811657,0.3493032672497993,0.0,False
2023091013,2802,52444,Xavier McKinney,SS,5.3761826267126755,1.249774140811657,0.3493032672497993,0.0,False
2023091013,2872,54632,DaRon Bland,CB,3.276511210481623,0.5943081271435489,1.0866324023846183,0.0,False
2023091013,2872,54641,Damone Clark,OLB,1.6809405295281672,0.5943081271435489,1.0866324023846183,1.5955706809534558,True
2023091013,2872,43533,Jayron Kearse,FS,6.044944729553624,0.5943081271435489,1.0866324023846183,0.0,False
2023091013,2872,46088,Leighton Vander Esch,ILB,5.780722701602635,0.5943081271435489,1.0866324023846183,0.0,False
2023091013,2872,44827,Malik Hooker,SS,7.851534918026677,0.5943081271435489,1.0866324023846183,0.0,False
2023091013,2872,38540,Stephon Gilmore,CB,3.701542113866033,0.5943081271435489,1.0866324023846183,0.0,False
2023091013,2872,52459,Trevon Diggs,CB,6.557773104049406,0.5943081271435489,1.0866324023846183,0.0,False
2023091013,2897,54632,DaRon Bland,CB,6.161466692379472,0.8102155594092213,0.5043612813401417,0.0,False
2023091013,2897,54641,Damone Clark,OLB,3.0733617445332144,0.8102155594092213,0.5043612813401417,0.0,False
2023091013,2897,43533,Jayron Kearse,FS,1.314576840749363,0.8102155594092213,0.5043612813401417,1.5128407592019206,True
2023091013,2897,46088,Leighton Vander Esch,ILB,6.124614254547975,0.8102155594092213,0.5043612813401417,0.0,False
2023091013,2897,44827,Malik Hooker,SS,5.844936266792781,0.8102155594092213,0.5043612813401417,0.0,False
2023091013,2897,38540,Stephon Gilmore,CB,2.8274175999512834,0.8102155594092213,0.5043612813401417,0.0,False
2023091013,2897,52459,Trevon Diggs,CB,5.968825804415771,0.8102155594092213,0.5043612813401417,0.0,False
2023091013,2932,54632,DaRon Bland,CB,5.763872869141777,0.8444363711070011,0.4694349433694156,0.0,False
2023091013,2932,53656,Israel Mukuamu,FS,5.431180061738765,0.8444363711070011,0.4694349433694156,0.0,False
2023091013,2932,43533,Jayron Kearse,FS,1.3138713144764167,0.8444363711070011,0.4694349433694156,0.16823501213261793,True
2023091013,2932,55166,Juanyeh Thomas,FS,2.028648465275362,0.8444363711070011,0.4694349433694156,0.0,False
2023091013,2932,46088,Leighton Vander Esch,ILB,1.4821063266090346,0.8444363711070011,0.4694349433694156,0.0,False
2023091013,2932,38540,Stephon Gilmore,CB,1.5178203572004882,0.8444363711070011,0.4694349433694156,0.0,False
2023091013,2932,52459,Trevon Diggs,CB,7.551276072576376,0.8444363711070011,0.4694349433694156,0.0,False
2023091013,3001,54632,DaRon Bland,CB,1.5163514835862764,1.2620872133424885,0.0916016972925322,0.0,False
2023091013,3001,54641,Damone Clark,OLB,2.806101228474687,1.2620872133424885,0.0916016972925322,0.0,False
2023091013,3001,43533,Jayron Kearse,FS,3.7864938692467804,1.2620872133424885,0.0916016972925322,0.0,False
2023091013,3001,44827,Malik Hooker,SS,3.8670147915043107,1.2620872133424885,0.0916016972925322,0.0,False
2023091013,3001,38540,Stephon Gilmore,CB,1.3536889106350207,1.2620872133424885,0.0916016972925322,0.16266257295125564,True
2023091013,3001,52459,Trevon Diggs,CB,2.142098919717691,1.2620872133424885,0.0916016972925322,0.0,False
2023091013,3024,54632,DaRon Bland,CB,2.2101953800655156,1.265072682172694,0.793372986888847,0.0,False
2023091013,3024,43533,Jayron Kearse,FS,3.340573684703725,1.265072682172694,0.793372986888847,0.0,False
2023091013,3024,55166,Juanyeh Thomas,FS,2.058445669061541,1.265072682172694,0.793372986888847,0.1517497110039745,True
2023091013,3024,44827,Malik Hooker,SS,4.082277374801843,1.265072682172694,0.793372986888847,0.0,False
2023091013,3024,38540,Stephon Gilmore,CB,5.589521033918711,1.265072682172694,0.793372986888847,0.0,False
2023091013,3024,52459,Trevon Diggs,CB,2.860003772544475,1.265072682172694,0.793372986888847,0.0,False
2023091013,3047,54632,DaRon Bland,CB,8.304472553561816,1.3166786837308018,0.23296765422531762,0.0,False
2023091013,3047,43533,Jayron Kearse,FS,4.565691218397856,1.3166786837308018,0.23296765422531762,0.0,False
2023091013,3047,55166,Juanyeh Thomas,FS,3.14517326475684,1.3166786837308018,0.23296765422531762,0.0,False
2023091013,3047,46088,Leighton Vander Esch,ILB,3.7009167283133113,1.3166786837308018,0.23296765422531762,0.0,False
2023091013,3047,44827,Malik Hooker,SS,4.187880052954875,1.3166786837308018,0.23296765422531762,0.0,False
2023091013,3047,38540,Stephon Gilmore,CB,1.5496463379561194,1.3166786837308018,0.23296765422531762,1.5955269268007204,True
2023091013,3047,52459,Trevon Diggs,CB,9.933017851141157,1.3166786837308018,0.23296765422531762,0.0,False
2023091013,3101,44830,Adoree' Jackson,CB,6.937082466060784,1.4472634376982083,0.26873851995724074,0.0,False
2023091013,3101,53604,Jason Pinnock,FS,3.7664042885458064,1.4472634376982083,0.26873851995724074,0.0,False
2023091013,3101,56074,Tre Hawkins III,CB,1.716001957655449,1.4472634376982083,0.26873851995724074,1.0503218789451911,True
2023091013,3101,52444,Xavier McKinney,SS,2.76632383660064,1.4472634376982083,0.26873851995724074,0.0,False
2023091013,3210,44830,Adoree' Jackson,CB,2.197441296785782,0.8058583365260932,1.0921930111027507,0.0,False
2023091013,3210,53604,Jason Pinnock,FS,2.3032547374486305,0.8058583365260932,1.0921930111027507,0.0,False
2023091013,3210,54470,Kayvon Thibodeaux,OLB,1.8980513476288439,0.8058583365260932,1.0921930111027507,0.2993899491569383,True
2023091013,3210,53854,Nick McCloud,CB,3.928578737554766,0.8058583365260932,1.0921930111027507,0.0,False
2023091013,3210,56074,Tre Hawkins III,CB,3.619693521144274,0.8058583365260932,1.0921930111027507,0.0,False
2023091013,3210,52444,Xavier McKinney,SS,3.0375704973092614,0.8058583365260932,1.0921930111027507,0.0,False
2023091013,3257,44830,Adoree' Jackson,CB,4.786283383715538,0.8617398748707741,0.10952896828429393,0.0,False
2023091013,3257,47872,Bobby Okereke,ILB,4.229796278952117,0.8617398748707741,0.10952896828429393,0.0,False
2023091013,3257,53604,Jason Pinnock,FS,4.880142833943363,0.8617398748707741,0.10952896828429393,0.0,False
2023091013,3257,54611,Micah McFadden,ILB,2.01935905635671,0.8617398748707741,0.10952896828429393,0.0,False
2023091013,3257,53854,Nick McCloud,CB,2.1003485304576603,0.8617398748707741,0.10952896828429393,0.0,False
2023091013,3257,56074,Tre Hawkins III,CB,7.848051860526422,0.8617398748707741,0.10952896828429393,0.0,False
2023091013,3257,52444,Xavier McKinney,SS,0.971268843155068,0.8617398748707741,0.10952896828429393,1.048090213201642,True
2023091013,3357,54632,DaRon Bland,CB,1.057780928470047,1.1300978399959183,-0.12979210937497543,0.0,False
2023091013,3357,54641,Damone Clark,OLB,1.0003057306209429,1.1300978399959183,-0.12979210937497543,0.057475197849104154,True
2023091013,3357,53656,Israel Mukuamu,FS,3.156579982478193,1.1300978399959183,-0.12979210937497543,0.0,False
2023091013,3357,55166,Juanyeh Thomas,FS,4.533111532778104,1.1300978399959183,-0.12979210937497543,0.0,False
2023091013,3357,55149,Markquese Bell,SS,1.962241861472233,1.1300978399959183,-0.12979210937497543,0.0,False
2023091013,3357,38540,Stephon Gilmore,CB,4.011949915205617,1.1300978399959183,-0.12979210937497543,0.0,False
2023091013,3357,52459,Trevon Diggs,CB,1.4080983810204386,1.1300978399959183,-0.12979210937497543,0.0,False
2023091013,3538,42094,C.J. Goodwin,CB,8.379494246946702,0.9236827908231879,1.5324845446868152,0.0,False
2023091013,3538,54632,DaRon Bland,CB,3.3702412325664444,0.9236827908231879,1.5324845446868152,0.0,False
2023091013,3538,54641,Damone Clark,OLB,5.155970109280002,0.9236827908231879,1.5324845446868152,0.0,False
2023091013,3538,53656,Israel Mukuamu,FS,8.2723628562772,0.9236827908231879,1.5324845446868152,0.0,False
2023091013,3538,55166,Juanyeh Thomas,FS,4.5421007592701805,0.9236827908231879,1.5324845446868152,0.0,False
2023091013,3538,55149,Markquese Bell,SS,5.095349649937413,0.9236827908231879,1.5324845446868152,0.0,False
2023091013,3538,52438,Noah Igbinoghene,CB,2.456167335510003,0.9236827908231879,1.5324845446868152,0.9140738970564415,True
2023091013,3686,42094,C.J. Goodwin,CB,2.8054974585557564,1.1718674373130509,0.3378877013787889,0.0,False
2023091013,3686,54632,DaRon Bland,CB,1.5097551386918397,1.1718674373130509,0.3378877013787889,1.2957423198639166,True
2023091013,3686,54641,Damone Clark,OLB,3.375718148868531,1.1718674373130509,0.3378877013787889,0.0,False
2023091013,3686,53656,Israel Mukuamu,FS,6.887347911680747,1.1718674373130509,0.3378877013787889,0.0,False
2023091013,3686,55166,Juanyeh Thomas,FS,6.715662258428633,1.1718674373130509,0.3378877013787889,0.0,False
2023091013,3686,55149,Markquese Bell,SS,4.9175813462269,1.1718674373130509,0.3378877013787889,0.0,False
2023091013,3686,52438,Noah Igbinoghene,CB,9.338572374025606,1.1718674373130509,0.3378877013787889,0.0,False
2023091013,3711,42094,C.J. Goodwin,CB,2.460101375298917,0.8306081006475663,0.9116757569879521,0.0,False
2023091013,3711,54632,DaRon Bland,CB,4.968683260925092,0.8306081006475663,0.9116757569879521,0.0,False
2023091013,3711,53656,Israel Mukuamu,FS,5.546449141279473,0.8306081006475663,0.9116757569879521,0.0,False
2023091013,3711,55166,Juanyeh Thomas,FS,2.263570763120735,0.8306081006475663,0.9116757569879521,0.0,False
2023091013,3711,55149,Markquese Bell,SS,1.7422838576355184,0.8306081006475663,0.9116757569879521,0.5212869054852167,True
2023091013,3711,52438,Noah Igbinoghene,CB,4.239554135561421,0.8306081006475663,0.9116757569879521,0.0,False
2023091013,3845,42094,C.J. Goodwin,CB,1.5554564065893708,1.0477259839422468,0.29739788383740806,0.0,False
2023091013,3845,54632,DaRon Bland,CB,3.809124559965894,1.0477259839422468,0.29739788383740806,0.0,False
2023091013,3845,54641,Damone Clark,OLB,2.724741480854264,1.0477259839422468,0.29739788383740806,0.0,False
2023091013,3845,53656,Israel Mukuamu,FS,5.728606589357301,1.0477259839422468,0.29739788383740806,0.0,False
2023091013,3845,55166,Juanyeh Thomas,FS,3.4015989289169832,1.0477259839422468,0.29739788383740806,0.0,False
2023091013,3845,55149,Markquese Bell,SS,1.3451238677796549,1.0477259839422468,0.29739788383740806,0.21033253880971592,True
2023091013,3845,52438,Noah Igbinoghene,CB,5.24702907620655,1.0477259839422468,0.29739788383740806,0.0,False
2023091013,3870,42094,C.J. Goodwin,CB,9.65987295784114,1.941985701757496,0.017153968741520975,0.0,False
2023091013,3870,54632,DaRon Bland,CB,4.190345343186101,1.941985701757496,0.017153968741520975,0.0,False
2023091013,3870,54641,Damone Clark,OLB,3.435703343600326,1.941985701757496,0.017153968741520975,0.0,False
2023091013,3870,53656,Israel Mukuamu,FS,1.959139670499017,1.941985701757496,0.017153968741520975,0.8025547676823159,True
2023091013,3870,55166,Juanyeh Thomas,FS,6.867102613453605,1.941985701757496,0.017153968741520975,0.0,False
2023091013,3870,55149,Markquese Bell,SS,7.13557973795963,1.941985701757496,0.017153968741520975,0.0,False
2023091013,3870,52438,Noah Igbinoghene,CB,2.761694438181333,1.941985701757496,0.017153968741520975,0.0,False
2023091013,3974,47872,Bobby Okereke,ILB,3.6023397635883567,4.378812063613797,-2.29060644916225,0.0,False
2023091013,3974,53604,Jason Pinnock,FS,2.6040521336387985,4.378812063613797,-2.29060644916225,0.0,False
2023091013,3974,54611,Micah McFadden,ILB,4.524037872010168,4.378812063613797,-2.29060644916225,0.0,False
2023091013,3974,53854,Nick McCloud,CB,2.956565663356578,4.378812063613797,-2.29060644916225,0.0,False
2023091013,3974,56074,Tre Hawkins III,CB,5.580111235588391,4.378812063613797,-2.29060644916225,0.0,False
2023091013,3974,52444,Xavier McKinney,SS,2.088205614451547,4.378812063613797,-2.29060644916225,0.5158465191872517,True
2023091100,58,42485,Adrian Amos,FS,5.820028457063173,0.8696854577209192,0.1370152730706593,0.0,False
2023091100,58,41243,C.J. Mosley,ILB,3.7324016269953537,0.8696854577209192,0.1370152730706593,0.0,False
2023091100,58,46211,D.J. Reed,CB,3.6265427888519386,0.8696854577209192,0.1370152730706593,0.0,False
2023091100,58,47881,Quincy Williams,OLB,1.0339959853758813,0.8696854577209192,0.1370152730706593,0.0,False
2023091100,58,54469,Sauce Gardner,CB,1.0067007307915785,0.8696854577209192,0.1370152730706593,0.02729525458430282,True
2023091100,58,54833,Tony Adams,SS,3.8339653552858275,0.8696854577209192,0.1370152730706593,0.0,False
2023091100,152,41243,C.J. Mosley,ILB,3.3090178718940355,1.002899138051548,-0.5142194147699712,0.0,False
2023091100,152,46211,D.J. Reed,CB,0.48867972328157677,1.002899138051548,-0.5142194147699712,1.2319986062363641,True
2023091100,152,46186,Jordan Whitehead,SS,4.876894086790597,1.002899138051548,-0.5142194147699712,0.0,False
2023091100,152,53583,Michael Carter II,CB,4.184827970803918,1.002899138051548,-0.5142194147699712,0.0,False
2023091100,152,47881,Quincy Williams,OLB,1.7206783295179409,1.002899138051548,-0.5142194147699712,0.0,False
2023091100,152,54469,Sauce Gardner,CB,6.051396595732936,1.002899138051548,-0.5142194147699712,0.0,False
2023091100,152,54833,Tony Adams,SS,2.221157485189466,1.002899138051548,-0.5142194147699712,0.0,False
2023091100,299,54650,Christian Benford,CB,7.947132993498527,0.4094947919957907,0.8773217422768909,0.0,False
2023091100,299,40166,Jordan Poyer,SS,5.145969543367919,0.4094947919957907,0.8773217422768909,0.0,False
2023091100,299,44976,Matt Milano,OLB,1.2868165342726816,0.4094947919957907,0.8773217422768909,0.016173805493236992,True
2023091100,299,40107,Micah Hyde,FS,1.3029903397659186,0.4094947919957907,0.8773217422768909,0.0,False
2023091100,299,46190,Taron Johnson,CB,6.467893695151725,0.4094947919957907,0.8773217422768909,0.0,False
2023091100,299,54554,Terrel Bernard,MLB,4.31125579975049,0.4094947919957907,0.8773217422768909,0.0,False
2023091100,299,44839,Tre'Davious White,CB,1.6352739675440116,0.4094947919957907,0.8773217422768909,0.0,False
2023091100,331,54650,Christian Benford,CB,5.482492724693641,0.8675417189758086,1.3916664470775484,0.0,False
2023091100,331,40166,Jordan Poyer,SS,6.288888989557274,0.8675417189758086,1.3916664470775484,0.0,False
2023091100,331,44976,Matt Milano,OLB,2.8932151419264116,0.8675417189758086,1.3916664470775484,0.0,False
2023091100,331,40107,Micah Hyde,FS,2.259208166053357,0.8675417189758086,1.3916664470775484,0.6340069758730544,True
2023091100,331,46190,Taron Johnson,CB,6.2057186924724945,0.8675417189758086,1.3916664470775484,0.0,False
2023091100,331,54554,Terrel Bernard,MLB,2.9846918374020746,0.8675417189758086,1.3916664470775484,0.0,False
2023091100,331,44839,Tre'Davious White,CB,4.085751555720519,0.8675417189758086,1.3916664470775484,0.0,False
2023091100,482,42485,Adrian Amos,FS,2.121941915274689,0.6104431833933373,1.5114987318813518,2.0973653589575827,True
2023091100,482,41243,C.J. Mosley,ILB,4.992205423850008,0.6104431833933373,1.5114987318813518,0.0,False
2023091100,482,46211,D.J. Reed,CB,4.219307274232271,0.6104431833933373,1.5114987318813518,0.0,False
2023091100,482,46186,Jordan Whitehead,SS,6.993405080452684,0.6104431833933373,1.5114987318813518,0.0,False
2023091100,482,47881,Quincy Williams,OLB,5.672795264494446,0.6104431833933373,1.5114987318813518,0.0,False
2023091100,482,54469,Sauce Gardner,CB,7.041980986185866,0.6104431833933373,1.5114987318813518,0.0,False
2023091100,482,54833,Tony Adams,SS,7.380240487287963,0.6104431833933373,1.5114987318813518,0.0,False
2023091100,534,42485,Adrian Amos,FS,7.457094530495432,0.8509009258300897,1.0956356742939615,0.0,False
2023091100,534,41243,C.J. Mosley,ILB,4.061374988167675,0.8509009258300897,1.0956356742939615,0.0,False
2023091100,534,46211,D.J. Reed,CB,1.9465366001240512,0.8509009258300897,1.0956356742939615,0.5104965392947813,True
2023091100,534,46186,Jordan Whitehead,SS,6.985901489752893,0.8509009258300897,1.0956356742939615,0.0,False
2023091100,534,47881,Quincy Williams,OLB,2.4570331394188325,0.8509009258300897,1.0956356742939615,0.0,False
2023091100,534,54469,Sauce Gardner,CB,8.943604516095792,0.8509009258300897,1.0956356742939615,0.0,False
2023091100,534,54833,Tony Adams,SS,4.557337731858843,0.8509009258300897,1.0956356742939615,0.0,False
2023091100,559,42485,Adrian Amos,FS,2.944002003177486,1.070829005178096,0.46322965274356576,0.0,False
2023091100,559,52476,Ashtyn Davis,SS,1.5340586579216617,1.070829005178096,0.46322965274356576,0.32691710370035376,True
2023091100,559,41243,C.J. Mosley,ILB,1.8609757616220155,1.070829005178096,0.46322965274356576,0.0,False
2023091100,559,46211,D.J. Reed,CB,4.220335855337869,1.070829005178096,0.46322965274356576,0.0,False
2023091100,559,46186,Jordan Whitehead,SS,2.286613142756145,1.070829005178096,0.46322965274356576,0.0,False
2023091100,559,47881,Quincy Williams,OLB,4.134151878390749,1.070829005178096,0.46322965274356576,0.0,False
2023091100,559,54469,Sauce Gardner,CB,3.1451943826777433,1.070829005178096,0.46322965274356576,0.0,False
2023091100,629,41243,C.J. Mosley,ILB,6.758782834309768,0.46047127045493974,3.077775707120324,0.0,False
2023091100,629,46211,D.J. Reed,CB,4.0608536756256015,0.46047127045493974,3.077775707120324,0.0,False
2023091100,629,46186,Jordan Whitehead,SS,7.696474857434449,0.46047127045493974,3.077775707120324,0.0,False
2023091100,629,53583,Michael Carter II,CB,9.011748362500684,0.46047127045493974,3.077775707120324,0.0,False
2023091100,629,47881,Quincy Williams,OLB,3.538246977575264,0.46047127045493974,3.077775707120324,0.5226066980503377,True
2023091100,629,43436,Quinton Jefferson,DE,5.63797087644169,0.46047127045493974,3.077775707120324,0.0,False
2023091100,629,54469,Sauce Gardner,CB,10.06017251798544,0.46047127045493974,3.077775707120324,0.0,False
2023091100,629,54833,Tony Adams,SS,7.629689375718601,0.46047127045493974,3.077775707120324,0.0,False
2023091100,779,54650,Christian Benford,CB,6.304778775045526,1.01395064993325,0.45003786595690687,0.0,False
2023091100,779,40166,Jordan Poyer,SS,5.485236339898861,1.01395064993325,0.45003786595690687,0.0,False
2023091100,779,44976,Matt Milano,OLB,1.6721865170452235,1.01395064993325,0.45003786595690687,0.0,False
2023091100,779,40107,Micah Hyde,FS,1.4639885158901569,1.01395064993325,0.45003786595690687,0.2081980011550666,True
2023091100,779,46190,Taron Johnson,CB,5.95919558295051,1.01395064993325,0.45003786595690687,0.0,False
2023091100,779,54554,Terrel Bernard,MLB,3.058679320341159,1.01395064993325,0.45003786595690687,0.0,False
2023091100,779,44839,Tre'Davious White,CB,2.2479815007500044,1.01395064993325,0.45003786595690687,0.0,False
2023091100,804,52462,A.J. Epenesa,DE,3.4286316645862014,1.284477342578382,0.22955758321913988,0.0,False
2023091100,804,54650,Christian Benford,CB,2.8723967894106814,1.284477342578382,0.22955758321913988,0.0,False
2023091100,804,40166,Jordan Poyer,SS,1.849199104008441,1.284477342578382,0.22955758321913988,0.0,False
2023091100,804,44976,Matt Milano,OLB,1.5140349257975219,1.284477342578382,0.22955758321913988,0.33516417821091915,True
2023091100,804,40107,Micah Hyde,FS,3.8235912681054165,1.284477342578382,0.22955758321913988,0.0,False
2023091100,804,46190,Taron Johnson,CB,2.0731087055967996,1.284477342578382,0.22955758321913988,0.0,False
2023091100,804,44839,Tre'Davious White,CB,5.821630321171857,1.284477342578382,0.22955758321913988,0.0,False
2023091100,962,41243,C.J. Mosley,ILB,2.580132767028527,0.6336032027246703,0.6627653683971233,0.0,False
2023091100,962,46211,D.J. Reed,CB,1.4871950099827138,0.6336032027246703,0.6627653683971233,0.0,False
2023091100,962,46186,Jordan Whitehead,SS,4.735622214039622,0.6336032027246703,0.6627653683971233,0.0,False
2023091100,962,53583,Michael Carter II,CB,5.90920748489431,0.6336032027246703,0.6627653683971233,0.0,False
2023091100,962,47881,Quincy Williams,OLB,1.2963685711217936,0.6336032027246703,0.6627653683971233,0.1908264388609202,True
2023091100,962,54469,Sauce Gardner,CB,5.930008405438684,0.6336032027246703,0.6627653683971233,0.0,False
2023091100,962,54833,Tony Adams,SS,4.1735633088822555,0.6336032027246703,0.6627653683971233,0.0,False
2023091100,993,41243,C.J. Mosley,ILB,5.677475203978819,3.619716446609703,-0.4535181018196446,0.0,False
2023091100,993,46211,D.J. Reed,CB,8.085473988583523,3.619716446609703,-0.4535181018196446,0.0,False
2023091100,993,46186,Jordan Whitehead,SS,3.1661983447900583,3.619716446609703,-0.4535181018196446,0.5513753185740731,True
2023091100,993,53583,Michael Carter II,CB,3.7175736633641314,3.619716446609703,-0.4535181018196446,0.0,False
2023091100,993,47881,Quincy Williams,OLB,12.623200840439022,3.619716446609703,-0.4535181018196446,0.0,False
2023091100,993,54469,Sauce Gardner,CB,6.544451763676141,3.619716446609703,-0.4535181018196446,0.0,False
2023091100,993,54833,Tony Adams,SS,10.045998128431453,3.619716446609703,-0.4535181018196446,0.0,False
2023091100,1186,41243,C.J. Mosley,ILB,2.923615415288396,0.7382736174404005,0.3417295722971896,0.0,False
2023091100,1186,46211,D.J. Reed,CB,10.078780142982975,0.7382736174404005,0.3417295722971896,0.0,False
2023091100,1186,46186,Jordan Whitehead,SS,4.9105003830920415,0.7382736174404005,0.3417295722971896,0.0,False
2023091100,1186,53583,Michael Carter II,CB,2.5774924318629737,0.7382736174404005,0.3417295722971896,0.0,False
2023091100,1186,47881,Quincy Williams,OLB,6.547498701709677,0.7382736174404005,0.3417295722971896,0.0,False
2023091100,1186,54469,Sauce Gardner,CB,1.0800031897375901,0.7382736174404005,0.3417295722971896,1.4974892421253836,True
2023091100,1186,54833,Tony Adams,SS,8.178172476420327,0.7382736174404005,0.3417295722971896,0.0,False
2023091100,1216,41243,C.J. Mosley,ILB,0.860874543782836,0.8849251601736257,-0.024050616390789648,0.3527209625998988,True
2023091100,1216,46211,D.J. Reed,CB,6.246130814002734,0.8849251601736257,-0.024050616390789648,0.0,False
2023091100,1216,46186,Jordan Whitehead,SS,3.4564902038145537,0.8849251601736257,-0.024050616390789648,0.0,False
2023091100,1216,53583,Michael Carter II,CB,3.5841449313350324,0.8849251601736257,-0.024050616390789648,0.0,False
2023091100,1216,47881,Quincy Williams,OLB,1.2665179786364174,0.8849251601736257,-0.024050616390789648,0.0,False
2023091100,1216,54469,Sauce Gardner,CB,1.2135955063827348,0.8849251601736257,-0.024050616390789648,0.0,False
2023091100,1216,54833,Tony Adams,SS,5.174790585275999,0.8849251601736257,-0.024050616390789648,0.0,False
2023091100,1239,41243,C.J. Mosley,ILB,1.381591631609836,0.38808325077325245,0.9935083808365835,1.1717412478724416,True
2023091100,1239,46211,D.J. Reed,CB,4.2540293296109555,0.38808325077325245,0.9935083808365835,0.0,False
2023091100,1239,46186,Jordan Whitehead,SS,2.614532838046588,0.38808325077325245,0.9935083808365835,0.0,False
2023091100,1239,53583,Michael Carter II,CB,2.871802590537346,0.38808325077325245,0.9935083808365835,0.0,False
2023091100,1239,47881,Quincy Williams,OLB,2.5533328794822774,0.38808325077325245,0.9935083808365835,0.0,False
2023091100,1239,54469,Sauce Gardner,CB,4.48962297150146,0.38808325077325245,0.9935083808365835,0.0,False
2023091100,1239,54833,Tony Adams,SS,3.3695710935553396,0.38808325077325245,0.9935083808365835,0.0,False
2023091100,1356,42485,Adrian Amos,FS,1.795978033517915,1.153618455590195,0.06601687280260693,0.0,False
2023091100,1356,41243,C.J. Mosley,ILB,1.7429322952377502,1.153618455590195,0.06601687280260693,0.0,False
2023091100,1356,46211,D.J. Reed,CB,4.445776123630181,1.153618455590195,0.06601687280260693,0.0,False
2023091100,1356,53583,Michael Carter II,CB,1.3444355378159156,1.153618455590195,0.06601687280260693,0.0,False
2023091100,1356,47881,Quincy Williams,OLB,3.510621943073035,1.153618455590195,0.06601687280260693,0.0,False
2023091100,1356,54469,Sauce Gardner,CB,1.2196353283928019,1.153618455590195,0.06601687280260693,0.12480020942311376,True
2023091100,1356,54833,Tony Adams,SS,4.584537570278981,1.153618455590195,0.06601687280260693,0.0,False
2023091100,1499,54650,Christian Benford,CB,5.26319539059699,0.5190106085128041,2.255190322714279,0.0,False
2023091100,1499,40166,Jordan Poyer,SS,7.318657460583834,0.5190106085128041,2.255190322714279,0.0,False
2023091100,1499,44976,Matt Milano,OLB,5.536329637839057,0.5190106085128041,2.255190322714279,0.0,False
2023091100,1499,40107,Micah Hyde,FS,3.761824016696444,0.5190106085128041,2.255190322714279,0.0,False
2023091100,1499,46190,Taron Johnson,CB,2.7742009312270834,0.5190106085128041,2.255190322714279,0.9876230854693606,True
2023091100,1499,44839,Tre'Davious White,CB,8.160420269615978,0.5190106085128041,2.255190322714279,0.0,False
2023091100,1551,54650,Christian Benford,CB,2.288665341651507,1.186075914982202,-0.7241987597895888,0.0,False
2023091100,1551,40166,Jordan Poyer,SS,2.3023601274585968,1.186075914982202,-0.7241987597895888,0.0,False
2023091100,1551,44976,Matt Milano,OLB,0.4618771551926132,1.186075914982202,-0.7241987597895888,0.7721094273048469,True
2023091100,1551,40107,Micah Hyde,FS,3.1903964754721064,1.186075914982202,-0.7241987597895888,0.0,False
2023091100,1551,46190,Taron Johnson,CB,5.078875836391995,1.186075914982202,-0.7241987597895888,0.0,False
2023091100,1551,54554,Terrel Bernard,MLB,1.23398658249746,1.186075914982202,-0.7241987597895888,0.0,False
2023091100,1551,44839,Tre'Davious White,CB,4.602805842895355,1.186075914982202,-0.7241987597895888,0.0,False
2023091100,1589,41243,C.J. Mosley,ILB,4.101882825748885,0.8195676771239595,1.5855964685283637,0.0,False
2023091100,1589,46211,D.J. Reed,CB,2.5448855725410793,0.8195676771239595,1.5855964685283637,0.0,False
2023091100,1589,46186,Jordan Whitehead,SS,6.814034276185421,0.8195676771239595,1.5855964685283637,0.0,False
2023091100,1589,53583,Michael Carter II,CB,2.405164145652323,0.8195676771239595,1.5855964685283637,0.1397214268887561,True
2023091100,1589,47881,Quincy Williams,OLB,6.831720167964432,0.8195676771239595,1.5855964685283637,0.0,False
2023091100,1589,54469,Sauce Gardner,CB,7.458923020905108,0.8195676771239595,1.5855964685283637,0.0,False
2023091100,1589,54833,Tony Adams,SS,4.385866073756276,0.8195676771239595,1.5855964685283637,0.0,False
2023091100,1664,41243,C.J. Mosley,ILB,3.550615312410289,0.7602272284546172,0.07375699544056014,0.0,False
2023091100,1664,46211,D.J. Reed,CB,0.8339842238951773,0.7602272284546172,0.07375699544056014,0.6902835994261094,True
2023091100,1664,46186,Jordan Whitehead,SS,4.758764319628643,0.7602272284546172,0.07375699544056014,0.0,False
2023091100,1664,53583,Michael Carter II,CB,5.240128117635704,0.7602272284546172,0.07375699544056014,0.0,False
2023091100,1664,47881,Quincy Williams,OLB,1.5242678233212867,0.7602272284546172,0.07375699544056014,0.0,False
2023091100,1664,54469,Sauce Gardner,CB,5.395214574057535,0.7602272284546172,0.07375699544056014,0.0,False
2023091100,1664,54833,Tony Adams,SS,3.403414430895256,0.7602272284546172,0.07375699544056014,0.0,False
2023091100,1701,41243,C.J. Mosley,ILB,2.6936285455164564,0.6255285822775782,0.504771355278046,0.0,False
2023091100,1701,46211,D.J. Reed,CB,2.275460361112909,0.6255285822775782,0.504771355278046,0.0,False
2023091100,1701,46186,Jordan Whitehead,SS,4.625646281873782,0.6255285822775782,0.504771355278046,0.0,False
2023091100,1701,53583,Michael Carter II,CB,6.742724696382001,0.6255285822775782,0.504771355278046,0.0,False
2023091100,1701,47881,Quincy Williams,OLB,1.1302999375556242,0.6255285822775782,0.504771355278046,1.145160423557285,True
2023091100,1701,54469,Sauce Gardner,CB,6.988781806919486,0.6255285822775782,0.504771355278046,0.0,False
2023091100,1701,54833,Tony Adams,SS,4.136923089400617,0.6255285822775782,0.504771355278046,0.0,False
2023091100,1775,41243,C.J. Mosley,ILB,3.7794232115842323,1.7832956275438232,0.1696970337063033,0.0,False
2023091100,1775,46211,D.J. Reed,CB,8.258905362456225,1.7832956275438232,0.1696970337063033,0.0,False
2023091100,1775,46186,Jordan Whitehead,SS,2.9719627537018733,1.7832956275438232,0.1696970337063033,0.0,False
2023091100,1775,53583,Michael Carter II,CB,9.273835080277923,1.7832956275438232,0.1696970337063033,0.0,False
2023091100,1775,47881,Quincy Williams,OLB,1.9529926612501265,1.7832956275438232,0.1696970337063033,0.5452094060953205,True
2023091100,1775,54469,Sauce Gardner,CB,2.498202067345447,1.7832956275438232,0.1696970337063033,0.0,False
2023091100,1775,54833,Tony Adams,SS,3.2102223422552587,1.7832956275438232,0.1696970337063033,0.0,False
2023091100,1973,54650,Christian Benford,CB,1.240012695212212,1.146243183892356,0.08251029908970153,0.0,False
2023091100,1973,40166,Jordan Poyer,SS,3.3137871066938143,1.146243183892356,0.08251029908970153,0.0,False
2023091100,1973,40107,Micah Hyde,FS,1.2287534829820574,1.146243183892356,0.08251029908970153,0.01125921223015447,True
2023091100,1973,46190,Taron Johnson,CB,1.939557538102776,1.146243183892356,0.08251029908970153,0.0,False
2023091100,1973,54554,Terrel Bernard,MLB,3.669379478170029,1.146243183892356,0.08251029908970153,0.0,False
2023091100,1973,44839,Tre'Davious White,CB,2.54427639384775,1.146243183892356,0.08251029908970153,0.0,False
2023091100,2281,46211,D.J. Reed,CB,3.245446234404804,0.7543403750798819,0.7104625706941788,0.0,False
2023091100,2281,46186,Jordan Whitehead,SS,2.9206335661962175,0.7543403750798819,0.7104625706941788,0.0,False
2023091100,2281,53583,Michael Carter II,CB,5.895712925619754,0.7543403750798819,0.7104625706941788,0.0,False
2023091100,2281,47881,Quincy Williams,OLB,2.465825941458353,0.7543403750798819,0.7104625706941788,0.0,False
2023091100,2281,54469,Sauce Gardner,CB,6.9226326509062455,0.7543403750798819,0.7104625706941788,0.0,False
2023091100,2281,54833,Tony Adams,SS,1.4648029457740608,0.7543403750798819,0.7104625706941788,1.0010229956842926,True
2023091100,2306,41243,C.J. Mosley,ILB,4.158787788540771,0.9265368757532402,0.07777113618261433,0.0,False
2023091100,2306,46211,D.J. Reed,CB,1.0043080119358545,0.9265368757532402,0.07777113618261433,2.0241873994529977,True
2023091100,2306,46186,Jordan Whitehead,SS,5.9221038520842,0.9265368757532402,0.07777113618261433,0.0,False
2023091100,2306,53583,Michael Carter II,CB,6.116027348036324,0.9265368757532402,0.07777113618261433,0.0,False
2023091100,2306,47881,Quincy Williams,OLB,3.0284954113888523,0.9265368757532402,0.07777113618261433,0.0,False
2023091100,2306,54469,Sauce Gardner,CB,7.45042550729627,0.9265368757532402,0.07777113618261433,0.0,False
2023091100,2306,54833,Tony Adams,SS,3.229675605338513,0.9265368757532402,0.07777113618261433,0.0,False
2023091100,2358,41243,C.J. Mosley,ILB,3.486118442558396,1.0477277001843384,1.8557380013094054,0.0,False
2023091100,2358,53575,Jamien Sherwood,MLB,2.9034657014937437,1.0477277001843384,1.8557380013094054,0.4439986433687608,True
2023091100,2358,46186,Jordan Whitehead,SS,5.135482278218781,1.0477277001843384,1.8557380013094054,0.0,False
2023091100,2358,47881,Quincy Williams,OLB,3.3474643448625048,1.0477277001843384,1.8557380013094054,0.0,False
2023091100,2358,54469,Sauce Gardner,CB,3.414811371502245,1.0477277001843384,1.8557380013094054,0.0,False
2023091100,2358,54833,Tony Adams,SS,4.650583081206189,1.0477277001843384,1.8557380013094054,0.0,False
2023091100,2383,41243,C.J. Mosley,ILB,3.743473898129568,1.1652567988275904,0.18953073030364997,0.0,False
2023091100,2383,46211,D.J. Reed,CB,6.281287257600949,1.1652567988275904,0.18953073030364997,0.0,False
2023091100,2383,46186,Jordan Whitehead,SS,1.8510796627316515,1.1652567988275904,0.18953073030364997,0.0,False
2023091100,2383,53583,Michael Carter II,CB,8.86292303255289,1.1652567988275904,0.18953073030364997,0.0,False
2023091100,2383,47881,Quincy Williams,OLB,2.3945842980864853,1.1652567988275904,0.18953073030364997,0.0,False
2023091100,2383,54469,Sauce Gardner,CB,1.3547875291312403,1.1652567988275904,0.18953073030364997,0.49629213360041113,True
2023091100,2383,54833,Tony Adams,SS,7.1789411987815726,1.1652567988275904,0.18953073030364997,0.0,False
2023091100,2428,41243,C.J. Mosley,ILB,5.673431311663104,3.0631210841637073,-0.4388084341290739,0.0,False
2023091100,2428,46211,D.J. Reed,CB,7.5488465878509325,3.0631210841637073,-0.4388084341290739,0.0,False
2023091100,2428,46186,Jordan Whitehead,SS,2.6243126500346334,3.0631210841637073,-0.4388084341290739,0.8090661488379656,True
2023091100,2428,53583,Michael Carter II,CB,5.7898694622778955,3.0631210841637073,-0.4388084341290739,0.0,False
2023091100,2428,47881,Quincy Williams,OLB,6.233910296470881,3.0631210841637073,-0.4388084341290739,0.0,False
2023091100,2428,54469,Sauce Gardner,CB,7.6060068284444755,3.0631210841637073,-0.4388084341290739,0.0,False
2023091100,2428,54833,Tony Adams,SS,3.433378798872599,3.0631210841637073,-0.4388084341290739,0.0,False
2023091100,2488,54650,Christian Benford,CB,4.8896409953953315,0.6802428864279012,0.6818501871686667,0.0,False
2023091100,2488,40107,Micah Hyde,FS,5.657790069024506,0.6802428864279012,0.6818501871686667,0.0,False
2023091100,2488,46190,Taron Johnson,CB,4.135558034840009,0.6802428864279012,0.6818501871686667,0.0,False
2023091100,2488,44839,Tre'Davious White,CB,1.362093073596568,0.6802428864279012,0.6818501871686667,2.773464961243441,True
2023091100,2513,54650,Christian Benford,CB,8.678607961646362,0.6142839490465494,0.5036025424043497,0.0,False
2023091100,2513,40166,Jordan Poyer,SS,4.857437314986321,0.6142839490465494,0.5036025424043497,0.0,False
2023091100,2513,44976,Matt Milano,OLB,1.4812779719751865,0.6142839490465494,0.5036025424043497,0.0,False
2023091100,2513,40107,Micah Hyde,FS,6.056426704830474,0.6142839490465494,0.5036025424043497,0.0,False
2023091100,2513,46190,Taron Johnson,CB,4.198782154222625,0.6142839490465494,0.5036025424043497,0.0,False
2023091100,2513,54554,Terrel Bernard,MLB,2.354150030649047,0.6142839490465494,0.5036025424043497,0.0,False
2023091100,2513,44839,Tre'Davious White,CB,1.117886491450899,0.6142839490465494,0.5036025424043497,0.3633914805242875,True
2023091100,2536,54650,Christian Benford,CB,5.770775982691332,0.7755863087483872,1.193223484664355,0.0,False
2023091100,2536,40166,Jordan Poyer,SS,6.048425289716405,0.7755863087483872,1.193223484664355,0.0,False
2023091100,2536,44976,Matt Milano,OLB,3.036086306366262,0.7755863087483872,1.193223484664355,0.0,False
2023091100,2536,40107,Micah Hyde,FS,1.9688097934127422,0.7755863087483872,1.193223484664355,0.1580225586903461,True
2023091100,2536,46190,Taron Johnson,CB,5.822556792295107,0.7755863087483872,1.193223484664355,0.0,False
2023091100,2536,54554,Terrel Bernard,MLB,2.1268323521030883,0.7755863087483872,1.193223484664355,0.0,False
2023091100,2536,44839,Tre'Davious White,CB,3.889783347014634,0.7755863087483872,1.193223484664355,0.0,False
2023091100,2655,46211,D.J. Reed,CB,5.662344461400269,0.9265618823321677,0.2365582933779311,0.0,False
2023091100,2655,46186,Jordan Whitehead,SS,1.4525447715177342,0.9265618823321677,0.2365582933779311,0.0,False
2023091100,2655,53583,Michael Carter II,CB,5.22537236567007,0.9265618823321677,0.2365582933779311,0.0,False
2023091100,2655,47881,Quincy Williams,OLB,1.7306528367656167,0.9265618823321677,0.2365582933779311,0.0,False
2023091100,2655,54469,Sauce Gardner,CB,1.1631201757100988,0.9265618823321677,0.2365582933779311,0.28942459580763535,True
2023091100,2655,54833,Tony Adams,SS,4.9575591609330205,0.9265618823321677,0.2365582933779311,0.0,False
2023091100,2844,41243,C.J. Mosley,ILB,2.7543095002424662,0.8180063082589981,1.117012556699541,0.0,False
2023091100,2844,46211,D.J. Reed,CB,2.6651211150354244,0.8180063082589981,1.117012556699541,0.0,False
2023091100,2844,46186,Jordan Whitehead,SS,6.944770308193881,0.8180063082589981,1.117012556699541,0.0,False
2023091100,2844,53583,Michael Carter II,CB,1.9350188649585391,0.8180063082589981,1.117012556699541,0.7301022500768852,True
2023091100,2844,47881,Quincy Williams,OLB,4.521021953296299,0.8180063082589981,1.117012556699541,0.0,False
2023091100,2844,54469,Sauce Gardner,CB,7.059282865332372,0.8180063082589981,1.117012556699541,0.0,False
2023091100,2844,54833,Tony Adams,SS,4.61873838968899,0.8180063082589981,1.117012556699541,0.0,False
2023091100,2916,41243,C.J. Mosley,ILB,5.348896385998711,1.16425118835495,1.1695798985810173,0.0,False
2023091100,2916,46211,D.J. Reed,CB,8.185534214569444,1.16425118835495,1.1695798985810173,0.0,False
2023091100,2916,46186,Jordan Whitehead,SS,6.57059644988417,1.16425118835495,1.1695798985810173,0.0,False
2023091100,2916,53583,Michael Carter II,CB,6.732749958557466,1.16425118835495,1.1695798985810173,0.0,False
2023091100,2916,47881,Quincy Williams,OLB,2.3338310869359673,1.16425118835495,1.1695798985810173,1.2415103466260349,True
2023091100,2916,54469,Sauce Gardner,CB,3.575341433562002,1.16425118835495,1.1695798985810173,0.0,False
2023091100,2916,54833,Tony Adams,SS,7.424892898520695,1.16425118835495,1.1695798985810173,0.0,False
2023091100,2941,41243,C.J. Mosley,ILB,2.871069037260703,1.4372621208343765,1.4338069164263263,0.527168803455671,True
2023091100,2941,46211,D.J. Reed,CB,6.629569492803817,1.4372621208343765,1.4338069164263263,0.0,False
2023091100,2941,46186,Jordan Whitehead,SS,5.113836754244299,1.4372621208343765,1.4338069164263263,0.0,False
2023091100,2941,53583,Michael Carter II,CB,4.519558581595189,1.4372621208343765,1.4338069164263263,0.0,False
2023091100,2941,54469,Sauce Gardner,CB,3.398237840716374,1.4372621208343765,1.4338069164263263,0.0,False
2023091100,2941,54833,Tony Adams,SS,5.885666516173206,1.4372621208343765,1.4338069164263263,0.0,False
2023091100,3015,41243,C.J. Mosley,ILB,4.0763146654990585,1.2853149225886267,0.18433162961533855,0.0,False
2023091100,3015,46211,D.J. Reed,CB,7.378975408584158,1.2853149225886267,0.18433162961533855,0.0,False
2023091100,3015,46186,Jordan Whitehead,SS,1.5407038938451123,1.2853149225886267,0.18433162961533855,0.0,False
2023091100,3015,53583,Michael Carter II,CB,7.041163883799449,1.2853149225886267,0.18433162961533855,0.0,False
2023091100,3015,47881,Quincy Williams,OLB,2.1323460430364762,1.2853149225886267,0.18433162961533855,0.0,False
2023091100,3015,54469,Sauce Gardner,CB,1.4696465522039652,1.2853149225886267,0.18433162961533855,0.07105734164114708,True
2023091100,3015,54833,Tony Adams,SS,4.544568751724392,1.2853149225886267,0.18433162961533855,0.0,False
2023091100,3098,54650,Christian Benford,CB,8.196276891976515,0.8955637523124931,2.6894950747275628,0.0,False
2023091100,3098,40166,Jordan Poyer,SS,3.5850588270400556,0.8955637523124931,2.6894950747275628,0.246813588939907,True
2023091100,3098,44976,Matt Milano,OLB,3.8318724159799626,0.8955637523124931,2.6894950747275628,0.0,False
2023091100,3098,40107,Micah Hyde,FS,5.973723176189078,0.8955637523124931,2.6894950747275628,0.0,False
2023091100,3098,46190,Taron Johnson,CB,7.322795970382087,0.8955637523124931,2.6894950747275628,0.0,False
2023091100,3098,54554,Terrel Bernard,MLB,4.167851569997995,0.8955637523124931,2.6894950747275628,0.0,False
2023091100,3098,44839,Tre'Davious White,CB,4.034370136968821,0.8955637523124931,2.6894950747275628,0.0,False
2023091100,3167,54650,Christian Benford,CB,2.8549022610016372,2.2010083032219696,-0.7783881648986701,0.0,False
2023091100,3167,40166,Jordan Poyer,SS,1.4226201383232995,2.2010083032219696,-0.7783881648986701,1.4322821226783378,True
2023091100,3167,44976,Matt Milano,OLB,5.689690513194553,2.2010083032219696,-0.7783881648986701,0.0,False
2023091100,3167,40107,Micah Hyde,FS,4.631760599880744,2.2010083032219696,-0.7783881648986701,0.0,False
2023091100,3167,46190,Taron Johnson,CB,4.11020351454969,2.2010083032219696,-0.7783881648986701,0.0,False
2023091100,3167,54554,Terrel Bernard,MLB,3.782706053478456,2.2010083032219696,-0.7783881648986701,0.0,False
2023091100,3167,44839,Tre'Davious White,CB,6.467730780340216,2.2010083032219696,-0.7783881648986701,0.0,False
2023091100,3214,54650,Christian Benford,CB,5.935152548188264,0.8509111777106781,-0.09025325618979463,0.0,False
2023091100,3214,40166,Jordan Poyer,SS,4.745538195472276,0.8509111777106781,-0.09025325618979463,0.0,False
2023091100,3214,44976,Matt Milano,OLB,3.1482688788485804,0.8509111777106781,-0.09025325618979463,0.0,False
2023091100,3214,40107,Micah Hyde,FS,1.8453455472516214,0.8509111777106781,-0.09025325618979463,0.0,False
2023091100,3214,46190,Taron Johnson,CB,5.4375581993661095,0.8509111777106781,-0.09025325618979463,0.0,False
2023091100,3214,54554,Terrel Bernard,MLB,4.117161093597538,0.8509111777106781,-0.09025325618979463,0.0,False
2023091100,3214,44839,Tre'Davious White,CB,0.7606579215208835,0.8509111777106781,-0.09025325618979463,1.0846876257307378,True
2023091100,3593,41243,C.J. Mosley,ILB,5.22167784872389,0.42883995720038226,0.1747273167892358,0.0,False
2023091100,3593,46211,D.J. Reed,CB,0.6035672739896181,0.42883995720038226,0.1747273167892358,2.832870770173221,True
2023091100,3593,46186,Jordan Whitehead,SS,7.070156884895029,0.42883995720038226,0.1747273167892358,0.0,False
2023091100,3593,47881,Quincy Williams,OLB,3.4364380441628386,0.42883995720038226,0.1747273167892358,0.0,False
2023091100,3593,54469,Sauce Gardner,CB,9.214457550151193,0.42883995720038226,0.1747273167892358,0.0,False
2023091100,3593,54833,Tony Adams,SS,4.583053949027579,0.42883995720038226,0.1747273167892358,0.0,False
2023091100,3618,41243,C.J. Mosley,ILB,1.7182240558373667,0.9347976754729541,0.28678423386470153,0.0,False
2023091100,3618,46211,D.J. Reed,CB,4.711949658255982,0.9347976754729541,0.28678423386470153,0.0,False
2023091100,3618,46186,Jordan Whitehead,SS,2.6025763774148256,0.9347976754729541,0.28678423386470153,0.0,False
2023091100,3618,53583,Michael Carter II,CB,1.2215819093376556,0.9347976754729541,0.28678423386470153,0.3536137838460516,True
2023091100,3618,47881,Quincy Williams,OLB,5.953361192710594,0.9347976754729541,0.28678423386470153,0.0,False
2023091100,3618,54469,Sauce Gardner,CB,1.5751956931837072,0.9347976754729541,0.28678423386470153,0.0,False
2023091100,3618,54833,Tony Adams,SS,4.319088535273429,0.9347976754729541,0.28678423386470153,0.0,False
2023091100,3684,41243,C.J. Mosley,ILB,3.861609490021172,0.6297210774701264,0.1354667503686805,0.0,False
2023091100,3684,46211,D.J. Reed,CB,0.7651878278388069,0.6297210774701264,0.1354667503686805,0.7569809449244893,True
2023091100,3684,46186,Jordan Whitehead,SS,3.499003188303378,0.6297210774701264,0.1354667503686805,0.0,False
2023091100,3684,53583,Michael Carter II,CB,1.5221687727632962,0.6297210774701264,0.1354667503686805,0.0,False
2023091100,3684,47881,Quincy Williams,OLB,5.921209268957299,0.6297210774701264,0.1354667503686805,0.0,False
2023091100,3684,54469,Sauce Gardner,CB,5.282655440842949,0.6297210774701264,0.1354667503686805,0.0,False
2023091100,3716,46211,D.J. Reed,CB,1.2226483042007235,0.9299333235724012,0.29271498062832224,0.3890902725416816,True
2023091100,3716,46186,Jordan Whitehead,SS,3.713221575399804,0.9299333235724012,0.29271498062832224,0.0,False
2023091100,3716,53583,Michael Carter II,CB,3.955930318919298,0.9299333235724012,0.29271498062832224,0.0,False
2023091100,3716,54469,Sauce Gardner,CB,6.416825522614105,0.9299333235724012,0.29271498062832224,0.0,False
2023091100,3716,54833,Tony Adams,SS,1.611738576742405,0.9299333235724012,0.29271498062832224,0.0,False
2023091100,3942,41243,C.J. Mosley,ILB,2.94248161869349,1.0977201092607394,0.4590057558089362,0.0,False
2023091100,3942,46211,D.J. Reed,CB,5.37960807557347,1.0977201092607394,0.4590057558089362,0.0,False
2023091100,3942,46186,Jordan Whitehead,SS,1.6902390081563257,1.0977201092607394,0.4590057558089362,0.0,False
2023091100,3942,53583,Michael Carter II,CB,4.649259806801765,1.0977201092607394,0.4590057558089362,0.0,False
2023091100,3942,47881,Quincy Williams,OLB,1.8300274113305013,1.0977201092607394,0.4590057558089362,0.0,False
2023091100,3942,54469,Sauce Gardner,CB,1.5567258650696756,1.0977201092607394,0.4590057558089362,0.13351314308665008,True
2023091100,3942,54833,Tony Adams,SS,5.027818453522479,1.0977201092607394,0.4590057558089362,0.0,False
2023091100,3987,41243,C.J. Mosley,ILB,2.239968421670866,1.1454177380096338,0.22588040462266368,0.0,False
2023091100,3987,46211,D.J. Reed,CB,1.3712981426322974,1.1454177380096338,0.22588040462266368,0.8686702790385685,True
2023091100,3987,46186,Jordan Whitehead,SS,2.722258147202315,1.1454177380096338,0.22588040462266368,0.0,False
2023091100,3987,53583,Michael Carter II,CB,3.488597770821337,1.1454177380096338,0.22588040462266368,0.0,False
2023091100,3987,47881,Quincy Williams,OLB,6.96941892197832,1.1454177380096338,0.22588040462266368,0.0,False
2023091100,3987,54469,Sauce Gardner,CB,5.723748998983079,1.1454177380096338,0.22588040462266368,0.0,False
2023091100,3987,54833,Tony Adams,SS,3.8829401772687833,1.1454177380096338,0.22588040462266368,0.0,False
